text,sentiment
Now all @Apple has to do is get swype on the iphone and it will be crack. Iphone that is,POSITIVE
@Apple will be adding more carrier support to the iPhone 4S (just announced),POSITIVE
Hilarious @youtube video - guy does a duet with @apple 's Siri. Pretty much sums up the love affair! http://t.co/8ExbnQjY,POSITIVE
@RIM you made it too easy for me to switch to @Apple iPhone. See ya!,POSITIVE
I just realized that the reason I got into twitter was ios5 thanks @apple,POSITIVE
"I'm a current @Blackberry user, little bit disappointed with it! Should I move to @Android or @Apple @iphone",POSITIVE
The 16 strangest things Siri has said so far. I am SOOO glad that @Apple gave Siri a sense of humor! http://t.co/TWAeUDBp via @HappyPlace,POSITIVE
Great up close & personal event @Apple tonight in Regent St store!,POSITIVE
From which companies do you experience the best customer service aside from @zappos and @apple?,POSITIVE
"Just apply for a job at @Apple, hope they call me lol",POSITIVE
RT @JamaicanIdler: Lmao I think @apple is onto something magical! I am DYING!!! haha. Siri suggested where to find whores and where to h ...,POSITIVE
Lmao I think @apple is onto something magical! I am DYING!!! haha. Siri suggested where to find whores and where to hide a body lolol,POSITIVE
"RT @PhillipRowntree: Just registered as an @apple developer... Here's hoping I can actually do it... Any help, greatly appreciated!",POSITIVE
Wow. Great deals on refurbed #iPad (first gen) models. RT: Apple offers great deals on refurbished 1st-gen iPads http://t.co/ukWOKBGd @Apple,POSITIVE
"Just registered as an @apple developer... Here's hoping I can actually do it... Any help, greatly appreciated!",POSITIVE
你好 ! Currently learning Mandarin for my upcoming trip to Hong Kong. I gotta hand it to @Apple iPhones & their uber useful flashcard apps  ,POSITIVE
"Come to the dark side 📱“@gretcheneclark: Hey @apple, if you send me a free iPhone, I will publicly and ceremoniously burn my #BlackBerry.”",POSITIVE
"Hey @apple, if you send me a free iPhone (any version will do), I will publicly and ceremoniously burn my #BlackBerry.",POSITIVE
Thank you @apple for Find My Mac - just located and wiped my stolen Air. #smallvictory #thievingbastards,POSITIVE
"Thanks to @Apple Covent Garden #GeniusBar for replacing my MacBook keyboard/cracked wristpad during my lunch break today, out of warranty.",POSITIVE
@DailyDealChat @apple Thanks!!,POSITIVE
iPads Replace Bound Playbooks on Some N.F.L. Teams http://t.co/2UXAWKwf @apple @nytimes,POSITIVE
@apple..good ipad,POSITIVE
@apple @siri is efffing amazing!!,POSITIVE
Amazing new @Apple iOs 5 feature.  http://t.co/jatFVfpM,POSITIVE
"RT @TripLingo: We're one of a few ""Featured Education Apps"" on the @Apple **Website** today, sweet! http://t.co/0yWvbe1Z",POSITIVE
"We're one of a few ""Featured Education Apps"" on the @Apple **Website** today, sweet! http://t.co/0yWvbe1Z",POSITIVE
"When you want something done right, you do it yourself... or go to @Apple. AT&T you're useless these days. #yourdaysarenumbered

",POSITIVE
We did an unexpected workshop for the #iPhone4S at @apple yesterday and we got an awesome amount of info #notjustaboutthephone @gamerchik16,POSITIVE
&lt;3 #ios5 @apple,POSITIVE
---» RT @Apple No question bro. RT @AintEeenTrippin: Should I get dis iPhone or a EVO 3D?,POSITIVE
RT @imightbewrong: I'm OVER people bitching about the #iPhone4S... I think it's the smartest phone I've ever had and I'm very happy.   : ...,POSITIVE
I'm OVER people bitching about the #iPhone4S... I think it's the smartest phone I've ever had and I'm very happy.   :)  Way to go @Apple!,POSITIVE
@Twitter CEO points to @Apple as 'corporate mentor' as @iOS signups triple http://t.co/GCY8iphN,POSITIVE
At the bus with my iPhone ;) thxx @apple,POSITIVE
"@azee1v1 @apple @umber AppStore is well done, so is iTunes on the mobile devices.  I was talking about desktop app.",POSITIVE
NYTimes: Coach Wants to See You. And Bring Your iPad. http://t.co/J2FTiEnG #iPad @apple set red 42 red 42 hut hut @NFL wish I had an #iPad,POSITIVE
@apple @jilive @DanielPink: Apple sells 4 million iPhone 4S units in first weekend ... Steve Jobs brilliance lives on for ever! #iphone #RVA,POSITIVE
@blackberry is like the #Titanic and it seems everyone is running for the @apple #iPhone life rafts and there won't be enough for everyone!,POSITIVE
@bkad5161 than apologize to @apple ;),POSITIVE
@Apple downloads of iOS 5 are proving popular with users  -- http://t.co/NSHLfiUX,POSITIVE
"Lmfao look at the argument I had with Siri !!
@ijustine @apple http://t.co/D4VjL7SI",POSITIVE
Incredible: 4 million iPhone 4Ss in 3 days. 135% better than the iPhone 4 http://t.co/1FMJxTMM @apple #iphone4s,POSITIVE
Save me from #HP's unwanted OS! Help me buy an #iPhone! I have seen the light! #lol http://t.co/8gUP9Acz #backchannel @apple,POSITIVE
Well @apple fixed my #ios5 battery drain problem with a replacement iPhone 4 -- it's working like a champ now,POSITIVE
Currently ordering a BRAND NEW MACBOOK PRO!!! Bahhh... my MacBook is 5 years old. I'll miss it. But it's time. cc: @Apple -,POSITIVE
you are so blessed. @apple,POSITIVE
"#Siri now knows who my dad, mom, brother and girlfriend is.  Thanks @apple",POSITIVE
Well at least the @apple store has amazing call waiting music! #need4s,POSITIVE
#sweet... #apple replaced my glass #probono. thank you @apple,POSITIVE
Not Bad! @Apple Sells Over 4 Million #IPhones in Debut Weekend - Bloomberg http://t.co/AVSl3ygU - #smartphone #sm RT @VinodRad,POSITIVE
"loving new technology from @apple iPhone 4s, mac air and iCloud are unreal #technology",POSITIVE
I'm loving this new IOS5 update :) @apple,POSITIVE
Another mention for Apple Store: http://t.co/fiIOApKt - RT @floridamike Once again getting great customer service from the @apple store ...,POSITIVE
Time to go get my iPhone 4s.  Looking forward to sticking it to the man by no longer paying for most texts.  Thanks @apple.,POSITIVE
hey @apple I hate my computer i need a #mack wanna send me a free one.,POSITIVE
Thank you @apple. My new gf(iphone4s) is great!  She does everything!,POSITIVE
#iCloud set up was flawless and works like a champ! To the Cloud @Apple,POSITIVE
@Wisconsin_Mommy @Apple I'd totally email the company... I always get great service at our @Apple store!,POSITIVE
@apple loving the new IOS5 upgrade for the iPhone!,POSITIVE
The nice @apple tech support guy fixed my iTouch =D,POSITIVE
Once again getting great customer service from the @apple store at millenia mall.,POSITIVE
Is it just me or is #iOS5 faster for the iPad? @apple,POSITIVE
I love our @apple imac even though I haven't seen my hubby in 3 days now! #geek,POSITIVE
making the switch from @Android to @Apple #iphone #iphone4S #smartphone #stevejobs (@ Apple Store) http://t.co/kj6pJvkH,POSITIVE
So THANKFUL for the incredible people @apple for going above and beyond and offering to and replacing my  water-damaged Macbook Pro!!! Wow!,POSITIVE
New macbook is too sick @apple,POSITIVE
Play on ma man. Loving the camera in the #iphone4s. Well done @apple  #fb http://t.co/tmdFqRe1,POSITIVE
So yeah... @apple #iOS5 #readinglists have changed my life. #nowicanspendevenmoretimeonmyphone.,POSITIVE
@Apple Safari Reader owns the worldwide web,POSITIVE
I love @apple service . My case has cracked 3x and I go in and they hand me a case and I walk out,POSITIVE
"#10twitterpeopleiwouldliketomeet 
@coollike @TheGadgetShow  @thelittleappkid @Jon4Lakers @BenRubery @Apple @twitter @FXhomeHitFilm  (-2)",POSITIVE
Said to have laid out the next 4 years @apple.Jobs last iPhone is 2012 not the iPhone4S. iPhone(4G/5) 2012 is magical! http://t.co/DxxklUBp,POSITIVE
"Kind of excited. On my way to my last class right now and then going to the @Apple store, so buy #MacOSC Snow Leopard and Lion :-)",POSITIVE
i used to be with @blackberry over 4-5yrs .. after all the disruptions and lost gigs thx to their service im moving to @apple #iphone,POSITIVE
"Apple sells 4 million iPhones in 3 days @apple keep doing what you are doing, because you are doing it well! http://t.co/ZZc6bE0w",POSITIVE
Yessss! I'm lovin the iPhone update especially the slide down bar at top of screen =) good job @Apple.,POSITIVE
"4 millions in a weekend, 16 #iPhone4S per second. This is madness?! no, this is @Apple !!!",POSITIVE
.@apple you got me. I'm now invested. MacBook Pro next year. Time to get on selling more of my #android gear,POSITIVE
@iancollinsuk @apple I like what you did there...!,POSITIVE
I just sent my grandma a post card using my #CardsApp thanks @Apple,POSITIVE
"@KostaTsetsekas @apple Putting it in the wash is kind of the equivalent to ""Will it blend?"" Glad to hear it's still alive.",POSITIVE
Laundering Ari's iPhone not my finest moment. But after drying in bag of (organic :-) rice for 4 days it booted up!!!!!!!!!!! @apple,POSITIVE
"Bravo, @Apple! http://t.co/BgoTzj7K",POSITIVE
"God Bless @YouTube, @apple for  #appletv & our bad ass system. LOVING #PrincessOfChina. GB to @coldplay & @rihanna too :)",POSITIVE
Been off twitter for a few days as I smashed my iPhone but @apple were very nice and gave me a new one :),POSITIVE
Thank you @Apple iOS 5 for email pop up on the lock screen and opening it when unlocking.,POSITIVE
One word - #wow. RT @jldavid iPhone 4S First Weekend Sales Top Four Million: http://t.co/Zx5Pw0GT (via @apple),POSITIVE
This good here iPhone will do me VERY well today. Thanks to the gods that are @apple.,POSITIVE
RT @MN2NOVA: Love ios5 Easter eggs. Pull down from middle top to bottom and see what pulls down. Awesome little feature! #ios5 @apple,POSITIVE
Love ios5 Easter eggs. Pull down from middle top to bottom and see what pulls down. Awesome little feature! #ios5 @apple,POSITIVE
Love #ios5 Easter eggs. Pull down from middle top to bottom and see what pulls down. Awesome little feature! @apple #lovemyiphone,POSITIVE
Updated my iOS and started using cloud services. Pretty bad ass @apple my #iPhone 3GS still the champ.,POSITIVE
"Gone for a run, beautiful morning , man do I love iOS 5 @apple, #iPhone",POSITIVE
@apple your simply the best.,POSITIVE
I must admit @apple has made me a very happy camper! I have text tones now! Lol! Ring tone: #MakeMeProud Drakes vers! Text tone: Nicki's,POSITIVE
"Day305, I'm thankful for the great customer service received today from @Apple via phone CS, new phone on the way #365daysofgratefulness",POSITIVE
S/O to @apple for replacing my phone for free,POSITIVE
Loving the new iPod update @apple,POSITIVE
@alexlindsay My wife upgraded her iPhone 4. I think Siri alone is worth the upgrade. Looking forward to @Apple continuing to enhance Siri.,POSITIVE
RT @tomkeene Thx @instagram Thx @apple #hypo #D-76 #tri-x http://t.co/BPPJwncp,POSITIVE
@SteveJobs being honored tonite @Apple...A truly great loss to the world.He will so be missed,POSITIVE
Thx @instagram Thx @apple #hypo #D-76 #tri-x http://t.co/D7EeJHBT,POSITIVE
Loving my new #iPhone4S thanks @apple for #ios5,POSITIVE
i love this. so much. thank you @apple.  http://t.co/Ui8lOEzX,POSITIVE
@apple the iPhone 4s is great #genius,POSITIVE
@apple Cards app notifies me the card I sent has arrived at local post office and should be delivered today... Sunday. Truly is #magic.,POSITIVE
Love my new I0S5 @Apple updates. Just when I think it can't get any better somehow it simplifies my life more. That's right-it's an Apple.,POSITIVE
@apple Siri is amazing,POSITIVE
@rygurl you need an @apple iphone4S with Siri!,POSITIVE
"Meet #Siri, your new iPhone butler. Click the link and be amazed by all it can do: http://t.co/lvfFdCEL @Apple",POSITIVE
"just my man @apple store in @schaumburg, whoops!!!!😁",POSITIVE
"So, I am using my work PC (NEVER EVER) to get a feel for it; it has the worst speakers ever!! @apple you have spoiled me!! #imamac",POSITIVE
I ♥ @Apple http://t.co/a8on3IAa,POSITIVE
@apple just got the new iOS5 upgrade with iMessage...good luck surviving now @BlackBerry,POSITIVE
Loving #iOS5 !! #awesome @Apple,POSITIVE
"RT @MattyRiesz: @kathrynyee You were right, an iPhone is a must have. #addicted {WELCOME TO THE @APPLE CLUB}",POSITIVE
Thank you @apple for your innovations. Exhibit A: Guy playing with Facetime instead of watching game at sports bar. http://t.co/oU7K39ge,POSITIVE
@blackberry boo hiss!............@apple wuhu!!!!!!!! When will my berry powered technology actually work??,POSITIVE
@apple by far the best iPod and first time iPhone ever.... Good job guys,POSITIVE
Thank you Steve @apple store 5th av. http://t.co/nSAisriP,POSITIVE
@Apple's Siri is witchcraft.  What's next @googleresearch. 2 yr lead lost?,POSITIVE
"@Apple iOS 5 is sweet! Notifications, phone search covers mail now, wifi sync, iCloud backup and integrated Twitter are all well done.",POSITIVE
RT @katebetts: Another great James Stewart story in today's NY Times about importance of architecture in @apple retail success http://t. ...,POSITIVE
Another great James Stewart story in today's NY Times about importance of architecture in @apple retail success http://t.co/Kniz452s,POSITIVE
I &lt;3 @apple http://t.co/ondXWpEr,POSITIVE
Welcome to the twitter world @MarkStuver. This is due to #iOS5 and @apple thanks guys.,POSITIVE
Impressive service @apple genius bar metro centre. Power cable replaced free n booked in for screen replacement for free :- D,POSITIVE
RT @deb_lavoy: the nice guy at the @apple store replaced my phone gratis when I showed him the hairline  crack on the screen. thanks @apple,POSITIVE
the nice guy at the @apple store replaced my phone gratis when I showed him the hairline  crack on the screen. thanks @apple,POSITIVE
"My iPhone 4S battery lasted longer than a day. That hasn't happened since my edge iPhone. Nice job, @apple.",POSITIVE
It would have taken me 15 mins to write this with my #Blackberry. Thank u @Apple 4s for converting me and showing me the grass is greener!,POSITIVE
RT @herahussain: @RickySinghPT got a new backside for my eye phone! V impressed with @apple,POSITIVE
@RickySinghPT got a new backside for my eye phone! V impressed with @apple,POSITIVE
#iPhone 4S in Space http://t.co/jINNHVwz this is amazing #creative @apple your products inspire people to do unbelievable things,POSITIVE
Thank you @apple for making my iPad 2 feel like new again with your new iOS 5!,POSITIVE
"_ibertaddigital.tv/ iPad a briliant SteveJobs produck ,http://t.co/00ohfLY6
@Apple present... http://t.co/DBbWSDpx",POSITIVE
Using my awsome iPad... I love it. I love my MacBook too and my iPod. It's all amazing! I love @apple,POSITIVE
@apple iOS 5 upgrade done ...... Much better feature..... Few more feature required,POSITIVE
New iOS 5 update is THE BEST. iloveyou @apple,POSITIVE
"Finally got my iPhone 4S, thanks @Apple. Stupid @att. Learned my lesson.",POSITIVE
"I absolutely love my iPhone 4S. Thank you, Steve and @apple.",POSITIVE
@apple - you have invented a product that actually gets my brother to call my parents when he gets where he's going. Amazing. #siri #ipod4s,POSITIVE
"dammit, listening to siri is making me want to upgrade. well played @apple.",POSITIVE
"Create new folders from within your photo album in #iOS5, finally!! Thanks @Apple, that's been a thorn in my side for a while. #newfeature",POSITIVE
Video card on @Kimaris workstation died after just six months. So long @hp. Hello @apple.,POSITIVE
@Blackberry & @Facebook U R really about to make me throw this @Blackberry in the trash an get an @Apple iPhone! @Facebook upload issues!,POSITIVE
#iOS5 update submitted to @apple! Thanks for all the support!,POSITIVE
Awesome service from the @apple store in pc. Thanks chris!,POSITIVE
RT @To1ne: .@apple thanks for fixing this... http://t.co/wTj1ogDO,POSITIVE
I am crazy about #iOS5 . The photo cropping is the best! @apple,POSITIVE
.@apple thanks for fixing this... http://t.co/wTj1ogDO,POSITIVE
Hell yes!!! Got my contacts back!!  Thanks @apple,POSITIVE
RT @SawyerHartman: I FU*KING LOVE YOU @APPLE this phone is the best thing ever !! SIRI = BEST THING EVER MADE,POSITIVE
@apple has changed life.,POSITIVE
Mad props to the @apple employee that didn't charge me to replace the back plate on my iPhone! Made my day!,POSITIVE
"@jonsibley Actually, the @Apple  mouse is pretty sweet man.",POSITIVE
The #iphone4s is  amazing. Siri's voice recognition is absolutely a step above previous attempts. Bravo @apple,POSITIVE
Finally got the @apple IPhone thanks to @sprint getting with the times,POSITIVE
#iOs5 is nice and as it had to be ! Thanks @Apple,POSITIVE
Good support fm Kevin @apple #Bellevue store 4 biz customers TY!,POSITIVE
Just downloaded IOS 5. It's better than I expected! #thankyou @apple,POSITIVE
@Apple: Siri is amazing!!! I'm in love!,POSITIVE
Love love love iOS 5!! @apple,POSITIVE
RT @cjwallace03: So apparently @apple put MB cap on your SMS with the new update. 25mb storage before it tells you your inbox is full. W ...,NEGATIVE
"RT @Jewelz2611 @mashable @apple, iphones r 2 expensive. Most went w/ htc/galaxy. No customer loyalty w/phone comp..",NEGATIVE
"@mashable @apple, iphones r 2 expensive. Most went w/ htc/galaxy. No customer loyalty w/phone comp..",NEGATIVE
THiS IS WHAT WiLL KiLL APPLE http://t.co/72Jw4z5c RiP @APPLE,NEGATIVE
@apple why my tunes no go on my iPhone? iPhone lonely without them. silly #iOS5,NEGATIVE
@apple needs to hurry up and release #iTunesMatch,NEGATIVE
Why is  #Siri always down @apple,NEGATIVE
I just need to exchange a cord at the apple store why do I have to wait for a genius? @apple,NEGATIVE
"@apple AirDrop #fail - Immediate ""declined your request."" every time",NEGATIVE
good article about why @apple fucked it all up with lion and their future. http://t.co/zNDP9Vr6 #fb,NEGATIVE
RT @radlerc: Yellowgate? Some iPhone 4S Users Complain of Yellow Tint to Screen http://t.co/uaqrxTNk @apple @iphone4s,NEGATIVE
Yellowgate? Some iPhone 4S Users Complain of Yellow Tint to Screen http://t.co/uaqrxTNk @apple @iphone4s,NEGATIVE
The one #iphone feature still missing since @apple first showed it.. Contacts pictures on the contacts list! Simple yet 5 major updates miss,NEGATIVE
Asked siri is she dreams of electric sleep. Was disappointed that she didn't have a snippy answer.  Missed opportunity @apple,NEGATIVE
"@paulens It surprises me that @Apple throws up an error alert about authorizing, and there's no ""Authorize this computer"" button.",NEGATIVE
@Lisa_Marie1987 shhhh. the evil sith lords @apple may hear you ha!,NEGATIVE
FUCK YOU @apple DIE IN A FUCKING BLAZE INFERNO.,NEGATIVE
"Oh, @apple. Steve obviously had nothing to do with iPhoto, as it's the perfect opposite of 'insanely great'. Get it fixed, please.",NEGATIVE
OMG @apple WHY THE FUCK DID YOU DELETE ALL MY MUSIC YOU DICKS,NEGATIVE
@ryanbaldwin @apple So in iTunes I go Store -&gt; Authorise… why doesn't it just auto-authorise it when I sign into iTunes? Grrrr...,NEGATIVE
"Seriously - I have absolutely no offing clue what @Apple means by ""authorization"", nor how to do it.",NEGATIVE
"Boy, could @apple make it any harder to put my purchased music from the cloud on to my new macbook pro? ""You must authorize this computer…""",NEGATIVE
"shit, shit, shit. IOS5 update ate all my apps, data and media just like @apple said it would. This is going to take some time to rebuild.",NEGATIVE
. @apple & @AT&T u cannot tell me there isn't at least 1 64GB iPhone 4S in LA or Vegas!! Give me a fucking break!!!!,NEGATIVE
Love @apple downloads. 4 hours and i-pad now wonky! #ripstevejobs #thenonsensepersists #neednewipadguide #fatfuckingchance,NEGATIVE
Dear @apple My new Air is now a notbook since your update killed #wifi #bug #destroying #productivity,NEGATIVE
"I am so done with @Att and @apple 's profitering and lack of customer service, so fucking down with both!!!",NEGATIVE
It would be great If @Apple would send my new phone. #frustrated,NEGATIVE
@apple thank you for ruining my 3GS with #iOS5. You've just turned my phone into an utterly useless pile of shit.,NEGATIVE
"@rogerweir no but I have the option of a  replacement iPhone 4s ?
Not sure if I want one after having 2 duff iPhones.
@O2 @iphone4s @apple",NEGATIVE
So apparently @apple put MB cap on your SMS with the new update. 25mb storage before it tells you your inbox is full. What is this 2001?,NEGATIVE
"You know @apple It's been almost a week since I paid for iTunes Match, I would really like to use it. Any ETA on a fix?",NEGATIVE
removing all @apple shit.,NEGATIVE
So @PhoenixSwinger 's iPhone 4 is giving her a hella hard time w/ the iOS5 update @apple,NEGATIVE
What??? I that sucks hello @apple RT @PhoneDog_Aaron Interesting note - DROID RAZR's battery isn't removable.,NEGATIVE
@Apple can't send me an iPhone preordered 1hr after launching but they cans send 5 or 10 to all the jackasses who want to shoot or blend 'em,NEGATIVE
Gotta say the @Apple itouch iphone shuffle etc.. sound quality is AWFUL.. painfully crap. Its been a downgrade from @Sony sound quality wise,NEGATIVE
"@bisquiat @Apple the upgrade just slows down my phone so much, it's stuck half the time. uch. thankfully no other damage. sucks for you :(",NEGATIVE
@Mayati I think @Apple didn't do such a thorough job with the step x steps for upgrade and move to iCloud. Now it's cost me mightily.,NEGATIVE
Hey @apple now I have iOS5 my iPhone doesn't include songs that are on compilation albums under the artist's name. #whaddupwitdat,NEGATIVE
@NickTheFNicon He can send but not rcve txts so he has an apt @apple at 4pm.Then he exclaims: And I waited a whole YEAR for this phone!!LMAO,NEGATIVE
Total chaos at @apple store regent street. Like an Ethiopian feeding station. Can't believe this is same co. that makes all that cool shit.,NEGATIVE
"@FishMama: If you made a purchase, just wait for the @apple survey! hate going b/c of the bad #custserv",NEGATIVE
Correction: @ Best Buy kudos to Chris @ Alamo Ranch S.A. TX-fixed issues couldn't resolve after 1/2 day w/ @ATT & @Apple. Hero of my day!,NEGATIVE
"@phxguy88 @Apple @BGR That's why all the ppl who stand in line for hrs to get the ""newest"" model are suckers...",NEGATIVE
Would it kill @apple to put a braille type bump on their earbuds so we know which bud is R and L in the dark.,NEGATIVE
@APPLE Wow @MOTOROLA Just crushed your dreams....,NEGATIVE
"RT @phxguy88: Oh, just fuck you, @apple. Already?? ---&gt;  iPhone 5 on schedule for summer launch? http://t.co/Ofh9PTaG via @BGR",NEGATIVE
"Oh, just fuck you, @apple. Already?? ---&gt;  iPhone 5 on schedule for summer launch? http://t.co/Ofh9PTaG via @BGR",NEGATIVE
"@apple, 
No, I won't wait until thursday for an available appointment just so a 'genius' can tell me I'm shit out of luck. #now",NEGATIVE
WTF?!?! @apple the new iOS 5 doesn't allow you NOT to get push notifications from newstand? and SIRI just keeps yapping FUCK!,NEGATIVE
"@Apple, on the #iPad with #iOS5, why has the Messages Icon been included when it can't be used?",NEGATIVE
@Steelo254 yea! I pre-order through @apple and they sorry too just like #AT&T,NEGATIVE
Interesting... @apple now requires you to have a reservation ?         #apple #iphone #4S    :  http://t.co/zZK4fTii,NEGATIVE
@apple why is my iPhone battery so crappy #fail,NEGATIVE
My @Apple @macbook keyboard will not type :(,NEGATIVE
"Why doesn't @apple iCloud sync Stickies? They've always been around, just nothing every progressed w/ them!! Why apple why?  @gruber",NEGATIVE
"@apple, your new ""Save a Version"" function in Pages is absolutely the most awful, interrupting, counter-intuitive piece of crap in the world",NEGATIVE
I hate my @apple computer.  Thats 3500 dollars down the drain.,NEGATIVE
@apple my iPhone is charging very slowly!!!!!,NEGATIVE
"@Apple #iOS5 gm on ipad1 is very slow wash better on beta7/8 solve this problem, or give me the ipad2",NEGATIVE
"@apple Wish I could pick month, day, and YEAR when setting a new calendar item on my iPhone. Why hasn't the new iOS fixed this yet?!",NEGATIVE
"@Apple iTunes is the worst program ever. For such a great phone, you make some awful software.",NEGATIVE
One would think the voice recognition on the @apple tech support line would work a little better.,NEGATIVE
"@apple $319 to repair my iPad 2, Apple you've lost me and my $700 a year, Android here I come!",NEGATIVE
"@azee1v1 @apple @umber Proper consolidation, proper syncing, stop losing my PURCHASED items, checkboxes that do what you think they will do.",NEGATIVE
@AsimRang @apple @umber the desktop app is wack though,NEGATIVE
I made a reservation and yet I still have to wait in line. Humpt! Oh @apple (@ Apple Store w/ 2 others) http://t.co/JZmVBdNm,NEGATIVE
Frustrated that I bought a new macbook pro from @apple only to find it doesnt ship with media! #expensivepaperweight,NEGATIVE
Dear @apple. I had to turn off all those awesome featured you just enabled. Data plan can't handle it. 200 mb of data just because #,NEGATIVE
#DontBeMadAtMeBecause #Android is by far better than @Apple,NEGATIVE
@apple is there a problem with iOS 5 that is preventing audio apps and audio functions from operating properly? I keep losing sound.,NEGATIVE
@apple #apple One thing I hater about this #mouse the #buttery finish so fast am not #happy now #macworld @macworld http://t.co/5Uh4a4Vt,NEGATIVE
Hey @Apple: stop sending your automatically-depreciate-all-iPhones-older-than-the-4s signal. My #iPhone4 is dying rapidly processor-wise.,NEGATIVE
Only thing bad about the new @canon camera is that it has two compact flash cards... not one of SD. SD goes in my @apple computer. Damn you!,NEGATIVE
Wtf @apple 64 pages for the new terms & conditions when u update ur apps from the iTunes store. Do u really think we'll read em? Really???,NEGATIVE
fuck u @apple,NEGATIVE
oh and prolly ganna be late to work bc @apple has screwed me and my phone has my only alarm on it,NEGATIVE
why the fuck dose my phone decide its just ganna freeze every time i try to update it so fucking sick of @apple,NEGATIVE
. if u need me just text me o wait u i wont get it cuz @apple fucks me every time #fuckingpissed,NEGATIVE
"iMessage doesn't show the time a message was sent, annoying @apple",NEGATIVE
Like @apple da fuck is this shit?  http://t.co/nb4DHlSg,NEGATIVE
RT @CircusTK: I'm wit chu!! “@ShayDiddy: Officially boycotting @ups!!! Calling @apple to curse them out next for using them wasting my t ...,NEGATIVE
Damn it @Apple!! Whatchu done to my phone??,NEGATIVE
"Samsung seeks iPhone 4S ban in Japan and Australia
Patent war intensifies with injunction sought against @Apple http://t.co/QmwjTvnk",NEGATIVE
"@apple, why is it every time there is iOS software update my iPad goes dead and I need to totally restore? #fail",NEGATIVE
@apple #iOS.5 has been nothing but a pain in the ass no room for my music.. Or photos.. Or apps! Can I undo this garbage??,NEGATIVE
RT @RedDeerSteph: @Joelplane @apple I hear you! I've had trouble with my 3 & now 4. I've even turned down brightness. #andshuttingdownru ...,NEGATIVE
@Joelplane @apple I hear you! I've had trouble with my 3 & now 4. I've even turned down brightness. #andshuttingdownrunningprograms #nohelp,NEGATIVE
@albertmal88 remember @apple is evil. #icloud entering the #dropbox market,NEGATIVE
9% now on my second full charge of the day. Pissed @Apple,NEGATIVE
RT @ShayDiddy: @CircusTK @ups @apple both of them are bs!!! How do u tell me go between a certain time ONLY and the muh fuh is closed!,NEGATIVE
I'm wit chu!! “@ShayDiddy: Officially boycotting @ups!!! Calling @apple to curse them out next for using them wasting my time!”,NEGATIVE
"ugh! @apple, you’re reservation page for the iPhone is NOT working.",NEGATIVE
iTunes is @apple's worst product. Worse than the #Newton or the hockey puck mouse. It's utterly painful to use.,NEGATIVE
"Deár iCloud I HATE U , AND I HOPE YOU DIE , YOU ARE THE WORST FUCKING INVENTION IN THE WORLD , FUCK YOUUUUUUUUUUUU #iCloud @apple @stevejobs",NEGATIVE
i update to ios 5 and lose everything on my phone and it wont let me sign into my itunes account... thanks @Apple,NEGATIVE
Suddenly lost all address book on @3GS iPhone. And someone was using my @Apple ID. It all fucked up.,NEGATIVE
oh.. my iphone is overcapacity huh?! -____-  @Apple won't let me be great!!!,NEGATIVE
Issues with updating iTunes on my windows pc - they really are not compatible.... Sent more time talking to @Apple care than using it!!,NEGATIVE
@apple u guys are gay,NEGATIVE
"Restored my iPhone. STILL NO TEXTS. DEAR @APPLE Y NO LOVE, Y RESTRICTIONS ON MY SMS?  Y NO TEXTS.... #iOS5 #iOS5atemydingo",NEGATIVE
none of my apps work after the new ios from @apple. what do i do?!?,NEGATIVE
"Seemingly endless loop of calls to @apple, @ups, @verizonwireless to investigate my missing #iphone4s. #crankywithnophone",NEGATIVE
@Wisconsin_Mommy @apple that's terrible!  I hope you get an apology!,NEGATIVE
@zombiebomber have been on the phone with @verizonwireless and @apple pretty much ever since then. Really annoyed.,NEGATIVE
"@chascouponmom @apple I get they are busy w/ the new phone, but I just wanted to buy a stylus. they made me wait forever outside & never",NEGATIVE
"@apple @iphone Please deliver my daughter's i4s, she is driving me nuts #iphone",NEGATIVE
"I'm givin' this stupid @apple reserve system 2days… If I cant get reservation, I'll never buy any Apple products… (yup I hate contracts)",NEGATIVE
"@sprint @bestbuy still no word on my iPhone4s preorder.  Best Buy blames Sprint, Sprint blames @apple, I just want an honest answer.  #help",NEGATIVE
"Hey @apple, the SMS full message is complete shit. Yes, I'm annoyed.",NEGATIVE
Have never had such poor customer service at @Apple before! What happened? (@ Apple Store w/ 2 others) http://t.co/GKlXMUi6,NEGATIVE
"@Apple your service experience is really fucking slipping (except for cute, eyelash batting girlies). (@ Apple Store) http://t.co/dOHDEnMg",NEGATIVE
Had ma Ipas not 24 hours an I jailbroke it...now its SHAGGED itunes won't letme restore it @apple SYM!!!!,NEGATIVE
@hailfire101 @Irvysan They are... then @apple happened and snatched Siri so they could be douchebags and say 'it's ours!',NEGATIVE
What was @apple thinking making #Siri totally dependent on a network connection? Siri + @ATT = utter frustration.,NEGATIVE
Wow the Genius Bar Reservation Line @Apple is ridic right now - ___- I am not amused. #ugh,NEGATIVE
"Where is my iPhone!?!?!?!
@apple",NEGATIVE
@apple battery life suck on iOS 5,NEGATIVE
An apple update has seemed to render my work machine incapable of opening HDV video. Thanks @Apple. Zero useful productivity today.,NEGATIVE
@apple I committed to your cloud storage iDisk and now it's raining :-( so soon no more iDisk.  Any plans for a new service for storage?,NEGATIVE
"Hey @apple why can't I share a reminder list from my iPhone?
Also why can't I login to the iCloud webpage to modify sharing from my phone?",NEGATIVE
Apparently fuzzball crashes on #iOS5. Congratulations @apple on another incompatible upgrade,NEGATIVE
could @apple lion please integrate vertical spaces in mission control. this horizontal business is making me nauseous,NEGATIVE
Can someone plz explain to me whhyy @apple is only distributing 2-3 phones per day to the sprint stores. I'm really ... http://t.co/uf9taK8f,NEGATIVE
"GAH. @apple iOS 5 opens text messages painfully slow, on top of 3 restore attempts 2 succeed. Early adopterness gets better of me.",NEGATIVE
Dear @apple: Why did all my PDFs and ePub files disappear from ibooks in my iPhone post ios5 upgrade? This hurts. #3GS #needsomethingtoread,NEGATIVE
“@CBM: Lies @apple. the battery on this new iPhone4S is definitely not any better.” &lt;&lt; check Settings: 8 times more App usage in iOS 5,NEGATIVE
As a huge podcast fan - I really feel like @Apple dropped the ball on this one. http://t.co/wvzPrbCI via @Carrypad,NEGATIVE
I don't really like Siri's voice. Perhaps @apple can get Star Wars voices just like @garmin http://t.co/pSUJg9pN,NEGATIVE
"“@carlton858: I really hate dealing with the brain dead people at the @apple store. For such good products, customer service sucks.” in NZ?",NEGATIVE
"I really hate dealing with the brain dead people at the @apple store. For such good products, customer service sucks.",NEGATIVE
"You can make photo albums in the Photos app with iOS 5, but can't password protect them? Um... @apple, fix that. Quickly.",NEGATIVE
Anyone else seeing missing signal bars on their #iPhone 3GS with an upgrade to #iOS5? cc/ @applecanada @apple @forstall,NEGATIVE
RT @CBM: Lies @apple. the battery on this new iPhone4S is definitely not any better.,NEGATIVE
"@apple If you want to know what customers think dont send updates with the ""noreply"" return address. Who invented that anyway. #useless",NEGATIVE
"Every time I try the voice control on my iPod Touch to send an iMessage, it starts playing ""Who Knew"" by Pink.  Still not Flawless @Apple",NEGATIVE
should be studying/ doing work but no I'm hold with @apple HURRY THE FUCK UP! #nopatience,NEGATIVE
Ok Hindi keyboard in #iOS5 is something to cheer about.  But @apple  what about  support for 20+ missing Indian languages!? #FAIL,NEGATIVE
"RT @ScottDugas: Warning: if iphone apps spontaneously loose data, it might not be the app's fault - http://t.co/1SEsvWwm #ios5downgrade  ...",NEGATIVE
@betweensundays Ah! Yeah...should be an option...hopefully @apple figures that out. Thx,NEGATIVE
"""Waiting for items to copy"" in Itunes after everything DID copy goes on, and on, and on.  Come on @Apple, what the hell?",NEGATIVE
@Apple unhappy again with service/product quality. Won't buy @Apple again.,NEGATIVE
Lies @apple. the battery on this new iPhone4S is definitely not any better.,NEGATIVE
"“@philipgrey: dear @apple, why you gotta go change the way &lt;input type=""number""&gt; is handled out of the blue?”",NEGATIVE
"Been on hold with @apple customer service for 25 minutes. Wow, lt's like they're #timewarnercable.",NEGATIVE
anyone else stuck in duped calendar/mail/battery sucking @apple hell? #iCloud and #OSX Lion are a disappointment,NEGATIVE
For being the inventor of the computer mouse — Why is it that @Apple has never made one that is not a complete piece of fucking shit?!!?,NEGATIVE
"@Apple you're killing me. Excited about iOS5 no longer- tragic battery drain, genius bar wants to replace the battery. Really?",NEGATIVE
1st impressions  of #iOS5- Disappointed w upgrade restore. Lot of apps & folders missing @apple do  how much time went in2 orging it? #fail,NEGATIVE
@PrJusto Don't question the @Apple they will remember your dissent!,NEGATIVE
"@apple: Multiple times siri is ""having trouble connecting to the network.""  Siri needs servers (and some exercise!)",NEGATIVE
So my iMessage still isn't working! @apple,NEGATIVE
RT @JimMcNiel: if @apple does not resolve the #Siri network issues they will need to rename a great product to Sorri - Who else is havin ...,NEGATIVE
"dear @apple, why you gotta go change the way &lt;input type=""number""&gt; is handled out of the blue?",NEGATIVE
Ugh. WTF is up with all the bottlenecks @paypal @apple?,NEGATIVE
+1  RT @Doug_Newton: @apple PLEASE FIX #Siri!!!! She can't connect to your network!!!!!!!,NEGATIVE
@apple PLEASE FIX #Siri!!!! She can't connect to your network!!!!!!!,NEGATIVE
if @apple does not resolve the #Siri network issues they will need to rename a great product to Sorri - Who else is having issues?,NEGATIVE
any chance @apple will release good headphones that dont blast music outside the ears? #iphone #ipod its quite obnoxious,NEGATIVE
"@Apple - #Siri is not working due to ""network problem""? Seriously? Can you fix this? #iPhone4s #Fail",NEGATIVE
"@trisha_ps @iCloud is Cloudy. @apple tech, not very techy.",NEGATIVE
"@electricsoup It has to connect to @Apple to process commands, which it is failing to do right now",NEGATIVE
"See @Apple, that what's happen when you release iPhone 4S with same crappy design as the old phone!",NEGATIVE
This. RT @bonkoif Looks like @Apple did not appropriately project the resources needed for Siri. Not very reliable,NEGATIVE
Looks like @Apple did not appropriately project the resources needed for Siri. Not very reliable,NEGATIVE
"Spoke to an @Apple rep on phone & could hear her tv blaring in the bg.  She said, ""I can't actually help u, just direct u back to the web""",NEGATIVE
What's wrong with Siri today @apple,NEGATIVE
@Apple Siri is down!,NEGATIVE
I'm suspecting @Apple timed the health-decline of my iPhone 4 perfectly with the iPhone 4s release... My battery is seriously ailing.,NEGATIVE
on hold for another half hour. phone is ringing but no one is picking up.@apple you stink.,NEGATIVE
"Ok this @Apple software update for the #iphone is taking waaaaay too long!
#annoyed",NEGATIVE
@Apple would do better to inform customers properly about migrating to #iCloud - many complaints lead to #image damage http://t.co/QL7zmPpO,NEGATIVE
@apple does iOS 5 rape your battery life? or am I just using my phone a lot since getting it,NEGATIVE
"@jane73 @Gazmaz hopefully it's a small bug @Apple must be fixing it. RIGHT  APPLE }:0( 
#itjustworks",NEGATIVE
"@samsung, @apple, you do realise you're just really pissing off the customer base AS WELL AS looking petty.",NEGATIVE
@Apple - why do I have to have apps I am updating in their original 'folder' location? That was painful.,NEGATIVE
@apple domain fail. Open 2 hrs late for walk in ppl. Store was empty and i only need a skin 4 my screen. You represent customer service FAIL,NEGATIVE
@BrianMincey @apple the chipsets tear through battery life. Coworker has a htc thunderbolt that he gets about 3 hours of life.,NEGATIVE
I wish the Apple updater would stop trying to ram iTunes down my throat. I don't own a pissing iPhone @apple,NEGATIVE
Is it me or does my #iPhone run slower since the #iOS 5 update? @apple @Verizon,NEGATIVE
Just searching with my voice on my 2 year old nexus one @apple.,NEGATIVE
"@apple, your update server has been timing out for a week. i had to force a restore w/the new #iOS5 software. lost all my stuff. thanks!",NEGATIVE
"#appleupdates
2 success stories- iPhone & iPad 2.
Now been on phone to Apple 45 mins. iPad 1 WILL not. Wasting my time 
@apple
#Replaceit!",NEGATIVE
"Thanks to a 90 minute wait on hold, half an hour actually talking to someone, the @Apple tech decides to send me an email to fix my phone",NEGATIVE
I am very upset about and inconvenienced by this iphone update failed backup. @iphone @apple,NEGATIVE
but seriously @apple finance me a damn phone you greedy bastards! OR Santa...get your jolly ass in gear and get us a 4S - white plz,NEGATIVE
My schedule is 2 busy 2 spend UNquality time with @ATT @Apple 2 recover Iphone again-The mo' mobile I get the mo' immobile I is. Sync Not!,NEGATIVE
"Pondering the iOS update... From the sounds of @MikeFerri's difficulties, I may just hold off :/ @Apple, FIX IT!",NEGATIVE
@twalve @apple you know the issues they have with DST and alarms :p,NEGATIVE
Why book @Apple Genius Bar if after 2.5 hours you still can't be served. Disappointing Apple Store Sydney. #thanksfornothing,NEGATIVE
Apparently @Apple genius training doesn't extend to clocks & service. They're half an hour late for my appointment and couldn't let me know?,NEGATIVE
Thanks @apple for an OS update that has only succesfully bricked my iPod.,NEGATIVE
"screw you @apple iOS 5. I can't download this crap, and I'm tired of trying. Get this problem figured out about my connection timing out",NEGATIVE
Wow. iCloud's mail is down. 1st the iOS 5 upgrade issues and now this. I really hope this isn't @apple without Steve Jobs.,NEGATIVE
@apple  why don't you guys test your upgrades before you put them out. 15 1/2 hrs u guys wasted of my time yesterday. Thanks.,NEGATIVE
what is going on with all my @Apple products?! First my #iPad freezes (still is frozen) and then my #iPhone won't turn on!!! #techieTroubles,NEGATIVE
"#iPad in perpetual restore loop after trying to upgrade to #iOS5 :(
@apple sux without steve",NEGATIVE
2nd @apple genius apptment running late 2nd day in row for 2nd dodgy iPod . You make mega $$$ hire some staff.,NEGATIVE
It took @apple about 7 years just to figure out how to properly syncronize an iPhone.  WOW!  #ios5,NEGATIVE
@apple So I went to the 5th Ave store and was told I could wait about 4 hours to get a 4S. Needless to say I'm back at the hotel relaxing.,NEGATIVE
"Overall I am a fan of the iPhone 4S; however, my Siri has issues connecting to the network @Apple",NEGATIVE
Terrible customer service at Los Gatos @Apple! Why do I have to pay $199 for a bad home button on my iPhone?!?,NEGATIVE
@Apple thank you for sucking so much. I cannot believe you would sell something online that isn't made,NEGATIVE
Having major battery drain issue since updating iPhone 4 to iOS 5.  Anyone else? @AppStore @iPhone @apple,NEGATIVE
Dear @apple please send me my Mac Book back surely the repair is done by now... Thanks!,NEGATIVE
"@Apple, #iOS5 on iPhone2 causes Camera apperature dilation problems & freeze.",NEGATIVE
"@Apple, #iOS5 #geolocation Suburbs with 2 words drops Map Pins in other States! Please fix.",NEGATIVE
"Sorry @apple, but #iMessage will never be what #BBM is. Disappointed.",NEGATIVE
Iphone 4s siri doesn't work for shit @apple,NEGATIVE
"Clarence Thomas must have designed the new OSX lion, tossing decades of workflow standards, @apple bring back “save as”! #autoSaveSucks",NEGATIVE
"@semilshah yeah except that when you ask for a receipt, it takes them 30 minutes to figure out where it printed out. Fix that, @Apple!",NEGATIVE
"RT @JDougyJ: hey @apple do you wanna fix my fucking playlist order, you piece of shit",NEGATIVE
Bummer!  My @Yahoo! iPad fantasy football app keeps crashing; not sure if it's the app or the new @apple iOS 5. Only two apps running.,NEGATIVE
@Apple can suck my dick gotta restore my ipad #annoyed,NEGATIVE
The line at the @apple is just STUPID,NEGATIVE
"@nansen Man, that sux! @apple io5 upgrade a total #fail for you!",NEGATIVE
"Dear @Apple Contacts, you are terrible. I just cleaned duplicates for 3 hours and they magically reappeared. Fix it.",NEGATIVE
"Is it too much to ask which app is incompatible, @apple? http://t.co/yKqip7nk",NEGATIVE
Pissed with whoever designs keyboards with @apple for not having a home and end key.  working on the CLI i use those keys often,NEGATIVE
@NoVaTyler @apple Most of mine are gone too! Not recovered after I saved them b4 I upgraded my iPhone! Soooo pissed!,NEGATIVE
"hey @apple do you wanna fix my fucking playlist order, you piece of shit",NEGATIVE
Siri is having a hard time remembering who my sister is. contact card needs space for family info. #iPhone4S @apple,NEGATIVE
"#ios5 getting sloppy @apple. U need to check your QA team. Too many issues with apps, data and syncing",NEGATIVE
RT @nansen: so this SMS full message is known @apple issue with new iOS5 update. trying restore. When all else #fail - restore.,NEGATIVE
So glad that I paid $69 for this @apple care protection plan.  Been on hold for over 20 minutes now.  Great customer service. #NOT,NEGATIVE
not happy with @apple right now. the upgrade to my itouch4 took out my itouch and laptop. #help,NEGATIVE
All I can say about @Apple right now is #GoodRiddance — See? Cancer isn't ALL BAD!,NEGATIVE
@twitter can you look at problem on iPad where it won't open @ messages. It just crashes the app. You too @apple maybe your fault.,NEGATIVE
@apple What's the point of iCloud wireless updates when ios5 now forces me to use the computer to charge my ipod touch now? #worstupdateever,NEGATIVE
"@robert_terpstra no worries bud, ps: they're saying that the 4s is having a lot of network issues right now. (I'm @apple for mac problems)",NEGATIVE
"I hate you @apple for not sending Toledo,oh @bestbuy any @iPhone for @verizon even after I pre ordered!!!",NEGATIVE
"@pmphillips @apple If my non-Apple equipment broke this often, I guess I'd need an Asus genius bar. But it doesn't, so I don't :-)",NEGATIVE
Why is the new @apple iPhone OS duplicating all my iCal events? There's 2 of everything. How do I fix it? (tried turning iCloud off),NEGATIVE
"Dear @Apple, how convenient/handy/thoughtful/smart that after iPhone #ios5 update you're apps won't work anymore! (none!!!) :( #gr%\mbl^.%)",NEGATIVE
Hey @Apple...I know Steve Jobs died & all but my Twitter for iPad app keeps crashing...Fix it...NOW..please..lol -F.Light,NEGATIVE
@apple not happy with Apple today. I did the suggested software update and now nothing works!!!,NEGATIVE
Smashed yet another #iPhone screen. When are @apple gonna make the phone more durable!!! Tired of fixing it myself!!!,NEGATIVE
"IOS5 has one problem, when i save someone in my contacts they don't show his nam becuz of the region/ +965 @apple #apple",NEGATIVE
I sure as hell better be able to restore my calendar events. Terrible bug apple! @apple #icloud #anothericloudfail,NEGATIVE
I really hate that @apple won't let you hide the Newsstand app or move it into a folder. It serves no purpose for me.,NEGATIVE
Life was much easier when @apple and @BlackBerry were just fruits!,NEGATIVE
@apple No location reminders on ipad2! That was the point of updating to iOS 5,NEGATIVE
"Comparing @Office #live with @google #apps and @apple #iCloud , I do not see #iCloud leading the crowd. Do you agree ?",NEGATIVE
"Turns out my computer isn't as fixed as it is meant to be. Fuck you @Apple, I'm going back to your Genius Bar to complain. #annoyed",NEGATIVE
"If @apple doesn't fix iOS5 this week, I'm buying a droid #emptythreats",NEGATIVE
@apple pls launch #Siri on iphone4 .. Disappointed after spending hours for upgrading to iOS5..,NEGATIVE
@apple you can suck it you and your fucking iPhones better be glad it's all I like cause the service Is fucking terrible,NEGATIVE
"This is the first time I've been unhappy with any @apple product... Disappointed, and the Internet seems as confused as I am right now.",NEGATIVE
"After a week or so with @Apple's #iOS5 I'm considering going back to #jailbroken 4.2 - same features as 5, plus more. Not as stable, though.",NEGATIVE
Had issues with #Siri reaching network today. Too many uses or my signal? @apple,NEGATIVE
The new iOS5 completely failed at upgrading the phone. Now I'm stuck in this restore loop. Thanks @apple for wasting my day. Can i undo?,NEGATIVE
Is it me or does #iPhone4s run a little warm sometimes? @apple,NEGATIVE
"@apple WTF why can we not add the newsstand to a folder?! We are already in your walled garden, so please don't remind us of it.",NEGATIVE
@apple just now seeing none of my Microsoft Office programs work anymore after Lion upgrade. Why??,NEGATIVE
"Dear @Apple, I don't want the newsstand icon on my screen. #notcool",NEGATIVE
@Blackberry does take better quality photos than @Apple iPhone though. I give them that! #photograhersEye,NEGATIVE
Ok @iTunesMusic idk wth is up but after syncing my phone my album art is out of order! WTF @Apple!,NEGATIVE
I wish Siri could tweet for me . @apple fix that .,NEGATIVE
@apple I'm still waiting for you to deliver my phone to @sprint,NEGATIVE
I will never purchase another @Apple product for the rest of my life. I am glad Steve Jobs is fucking dead. MAY YOU FUCKING ROT IN HELL!!!!!,NEGATIVE
Thanks to @Apple my new iMac is a brick. I cannot re-install Lion and I cannot purchase it because it was installed by the former owner.,NEGATIVE
"Asked #Siri ""Where's Baby Lisa?"" and was told ""sorry, I'm having trouble connecting to the network right now."" @apple server fail. #ios5",NEGATIVE
Only thing #iOS.5 has done is deleted my tiger woods game and made impossible to retrieve. Thanks @Apple!,NEGATIVE
Damn you @apple for breaking wififofum! It continued to work in ios 4. Was one of my most used apps. Damn Apple's overbearing policies!,NEGATIVE
"yo, @apple, this update is a disaster",NEGATIVE
"Dear @Apple,Congratulations, I am suing my insurance company and you just managed to make it to the top of my shit list. #Ineedthosepictures",NEGATIVE
Dear @Apple: You must let me turn off iCloud to save bandwidth and NOT delete EVERY document on my iPad. That's BULLSHIT!,NEGATIVE
"RT @JoelBurns: Dear @Apple, it's me again. Thank for beautiful new iOS features. But I miss some of the old ones. Lk making calls & texts
&gt;(",NEGATIVE
By far the worst experience upgrading out of any version of iOS @apple #iOS5,NEGATIVE
What happened? RT @xCuntNuggetx: Never purchasing another item from @apple.,NEGATIVE
Never purchasing another item from @apple.,NEGATIVE
"RT @leiboaz: Wow, worst @apple customer service experience ever. Arrogant and inept. Bad combo, Biltmore Apple store.",NEGATIVE
"Wow, worst @apple customer service experience ever. Arrogant and inept. Bad combo, Biltmore Apple store.",NEGATIVE
"Hey guys at @Apple, WTF is happening to #iPhone4, with #iOS5 suddenly fade to black and begin to vibrate continuously, I had to reboot it",NEGATIVE
@hbogo @apple - why don't you play nice and let me use HDMI from iPad?  Pretty lame.,NEGATIVE
"Warning: if iphone apps spontaneously loose data, it might not be the app's fault - http://t.co/1SEsvWwm #ios5downgrade @apple @marcoarment",NEGATIVE
"RT @JoelBurns: Dear @Apple, it's me again. Thanks for beautiful new iOS features. But I miss some of the old ones. Like making calls & t ...",NEGATIVE
"…and only the first 23 images in my Photo Roll made it over? Seriously, @apple, how did you fuck this up so much?",NEGATIVE
@apple why does #iPhone4 plus #iOS5 equal half the battery life?,NEGATIVE
@apple why isn't my iTunes updating? I just wanna update my iPhone to IOS5!!! Then iTunes says that it needs to update to do it. Then fails!,NEGATIVE
Now @apple won't let me use credit on @iTunes unless I have a credit card. Should have told me when I redeemed the cards. Sound fair to you?,NEGATIVE
"@amandbrar @apple Siri has worked for me less than 10% of the time. If service doesn't improve by Monday, I'm returning my iPhone 4S.",NEGATIVE
"@azrael: RT @DavideGori: And again #MobileMe is down. Issues when syncing, accessing mail... is this a good premise for #iCloud? @Apple, ...",NEGATIVE
need @apple help!! installing new ios on #iphone4 and am stuck on the Find My iPhone screen :( i keep clicking next but it doesn't work,NEGATIVE
"Bummer that @Apple #iCloud syncs on Windows only w/ Outlook (not Thunderbird) & IE (not Firefox, Chrome). #sadmac",NEGATIVE
@RonakKataria @apple you heard of testing before deploying updates. Difference between microsoft & apple: None,NEGATIVE
"Disappointing visual merchandising, @apple. Simple, but lacks elegance. And sequence doesn't even tell us about #Siri. http://t.co/XV2q3gfi",NEGATIVE
has been on terminal hold with @apple support!  She must not be the only person having trouble with the new iphone and synching!,NEGATIVE
@apple thanks apple for ios 5 and losing all my contacts!,NEGATIVE
@apple give me my apps back!!!,NEGATIVE
"@Apple #iOS5 NONSTOP DROPPED CALLS&MUTE BUTTON RANDOMLY ACTIVATING&PERSON CANT HEAR ME, PULL PHONE FROM EAR TO BE ON A ""MOBILE ME"" SCREEN",NEGATIVE
"RT @tomcolontonio: Didn't it occur to @apple #apple that ppl share iTunes accounts amongst family's ?????
Wtf!!!!",NEGATIVE
@tomcolontonio @apple #EPICFAIL,NEGATIVE
90 minutes after being at 100% my iPhone 4 (post #ios5 upgrade) has lost 40% of its charge and the @apple store folks are out of ideas.,NEGATIVE
"So ""cutting the cord"" makes podcasts even harder to manage?!? No subscriptions! WTH, @Apple? http://t.co/LD2i871x #iOS5 (via @carrypad)",NEGATIVE
"remember when people used to say ""flat the fuck out!!"" lol.. and their face while saying.... kindahow i feel about @apple",NEGATIVE
In less than an hour my post- #iOS5 iPhone has gone from 100% to 73% battery charge and the @apple store folks have no solution for me :(,NEGATIVE
Well @apple seems 2b screwing #iphone 4s resellars. They still dont have 4s. Yet were promised. Similar 2 Ma Bell's monopolistic prctices?,NEGATIVE
"Also @EricGreenspan, don't forget @Apple stop closing the app store after each bloody purchase...",NEGATIVE
@apple cu,NEGATIVE
*sigh* @apple store seems stumped what to do about my catastrophically bad battery life after upgrading to #ios5,NEGATIVE
Hmmmm a lot of #Siri features don't work in Canada. Location and directions? Seriously @apple come on!,NEGATIVE
"@apple, #siri can't connect to the network -- it's LESS useful that VoiceControl now... :(",NEGATIVE
@apple took my Siri and made it exclusive to iPhone 4S  #SoRude,NEGATIVE
total time on the phone with @apple: 1 hour 27 minutes. let's see how this goes.,NEGATIVE
"Waited in line for nothing, fucking genius @Apple called an app for ""John"" not ""jean"" stop fucking up my name im not a French boy. #PCam ...",NEGATIVE
"Dear @apple, One day you're going to release a version of iTunes that doesn't freeze more often than it works. One day.",NEGATIVE
It's been 24hrs since I reported @ups theft of my iPhone and @apple has done nothing. No return call as promised. Nothing.,NEGATIVE
"This does not bode well. After charging all night, my @Apple iPhone 4S has 25% battery after only 3hr off charger with no calls & light use",NEGATIVE
Houston we have a problem!! My iPad has been restoring for 12+ hours after installing @apple IOS5. This can't be right....,NEGATIVE
#Siri went down for a little while last night. Come on @apple! Get your shit together on this launch!,NEGATIVE
"@ford should have teamed up with @Apple instead of @microsoft to make this SYNC system in my new focus. 
Car is sweet SYNC is #EpicFail",NEGATIVE
Installed io5 - fine on ipad but wiped wife's iPhone and restore from backup failed! #Bigtrouble #help @apple,NEGATIVE
"RT @gdcurry: Really @Apple?  What have you done to my iTunes now?  I can't click on Music, Movies, TV Shows, or any playlists. I get a l ...",NEGATIVE
DAMN YOU !!! @apple,NEGATIVE
@Late_Show I would have watched but the folks at @apple have a jihad against adobe flash. Plse consider a YouTube link in future on UR site,NEUTRAL
"RT @rdingwell: .@Apple has a record quarter and because a bunch of professional guessers (aka analysts) wanted more, its a disappointmen ...",NEUTRAL
"Hey @apple, androids releasing brand new state of the art phones, whens your new phone come out? What's that? (cont) http://t.co/2sko9l3d",NEUTRAL
".@Apple has a record quarter and because a bunch of professional guessers (aka analysts) wanted more, its a disappointment #wtf",NEUTRAL
@Apple how fun wouldn't it be if it was possible to integrate  ( soon to be named ) with notifications?,NEUTRAL
"Interesting read on war b/w @Apple & @Samsung- http://t.co/Vt9d24Yi -using latter, agree lack of innovation, but better specs at same price!",NEUTRAL
RT @adamnash: The takeaway from the @Apple earnings call?  Even Apple needs a new iPhone release every 12 months to stay competitive. cc ...,NEUTRAL
The takeaway from the @Apple earnings call?  Even Apple needs a new iPhone release every 12 months to stay competitive. cc: @hblodget,NEUTRAL
Today's headline: @apple reports lower 4Q earnings. Headline in 3 months: @Apple reports record Q1 earnings.,NEUTRAL
"Win an @Apple iPod Touch from @Mommy_gaga, get the @Pampers Hello World Baby Memories App! http://t.co/XVcch6Os #PampersHelloApps""",NEUTRAL
@apple expanded the app store to more than 20 new countries in the december quarter,NEUTRAL
@Apple will be rolling out iPhone 4S to more than 20 more countries by the end of the month.,NEUTRAL
Is it JUST a coincidence that @Apple named their virtual assistant after Tom and Katie's robot daughter?,NEUTRAL
Good or Bad results for @Apple ? Depends on who you ask apparently http://t.co/yDH8ffxE,NEUTRAL
Interesting times when increasing your revenue from $20B to $28B in a recession is considered a disappointment. @apple,NEUTRAL
People are waiting in line @apple for phones at 1:30 on a Tuesday! Don't you people have Jobs(no pun intended?)???,NEUTRAL
"@Apple Would much rather get outta this having a ( see pic ) and have fun with this "" Have your friends choose music"" http://t.co/7IiHbr4J",NEUTRAL
RT @CRMStrategies: Great Tech War of 2012 http://t.co/64jGRoBp @FastCompany profiles @Amazon @Apple @Google @Facebook on @CNBC /ht @phil ...,NEUTRAL
@apple gonna see if anyone stayed logged into their fb or twitter #TroubleMaker,NEUTRAL
@leg3nd @apple the new iPhone?,NEUTRAL
"If you've been struggling to get hold of me, I'm back online with a new iPhone - thanks @apple",NEUTRAL
"Hey @Apple, pretty much all your products are amazing. You blow minds every time you launch a new gizmo. That said, your hold music is crap.",NEUTRAL
Great Tech War of 2012 http://t.co/64jGRoBp @FastCompany profiles @Amazon @Apple @Google @Facebook on @CNBC /ht @philsimon,NEUTRAL
@Jake_Gyllenhaal So you've made up with @Apple?,NEUTRAL
@Apple has a pic of Steve Jobs on their home page. #Honor,NEUTRAL
"@Apple to shut stores!!! C'mon, Only Wednesday for @SteveJobs memorial.",NEUTRAL
@Motorola is the Best Android-powered company that is going against @Apple.,NEUTRAL
@apple #readyfor5.0.1 http://t.co/M2FqakYr,NEUTRAL
This is what I have been waiting for RT @Apple The last big project Steve Jobs was working on was the new cranial insertion device: iMplant.,NEUTRAL
Apple Users Get The official Kalifornia Cavi App on your Apple Device now on  - powered by @Apple - Download it free http://t.co/HlGnvlRw,NEUTRAL
The official Kalifornia Cavi Mobil App is now available on the app store - powered by @Apple - Download it free http://t.co/HlGnvlRw,NEUTRAL
"#Win an @Apple iPod Touch from @Mommy_gaga, get the @Pampers Hello World Baby Memories App! http://t.co/I6woujUh #PampersHelloApps",NEUTRAL
@Apple #RIPSteve RT @davepeck: Steve Jobs and the Seven Rules of Success http://t.co/4nLRLdWy,NEUTRAL
"macbreak weekly @TWiT via @apple airplay in full HD on the 42"". finally! @leolaporte @Ihnatko @alexlindsay",NEUTRAL
"Stay young, stay foolish. But take ownership when u f*ck up, don't complain, and never give up. #resilience @apple",NEUTRAL
"Dear @motorola, I smell a lawsuit coming your way. cc: @apple #motoactv",NEUTRAL
RT @hofmania: I just paid someone to wait in line at the @apple store this morning for me on @zaarly #putapriceonconvenience #iphone htt ...,NEUTRAL
@apple Or @Microsoft Buying Out @RIM ?,NEUTRAL
@apple Why don't you have a wireless remote for Keynote presentations w a MacBook Air?  Nobody wants to see the pith man navigate w a iPhone,NEUTRAL
"RT @HaendelBalzora: dear @apple please invent ""FaceTime Voicemails."" sincerely, haendel balzora jr. #apple",NEUTRAL
"#Win an @Apple iPod Touch from @Mommy_gaga, get the @Pampers Hello World Baby Memories App! http://t.co/YUydxo1t #PampersHelloApps",NEUTRAL
"dear @apple please invent ""FaceTime Voicemails."" sincerely, haendel balzora jr. #apple",NEUTRAL
"RT @jesperordrup: Hi @apple. Household has 4 iphones, 2 ipads, 2 minis, 2 apple tv, AirPorts, Timecapsule +. Whats a usable iPhoto shari ...",NEUTRAL
Couldnt help it & explored the #iphone4s @apple store & talked to #Siri... Should've tried to speak to her in French?! #nexttime,NEUTRAL
"is it just me or do other people miss the iPod symbol on the iPhone? I had the first iPod, it's what I relate to @apple #ios5 #nostalgia",NEUTRAL
@ATTCustomerCare @att @apple I already have an iPhone 4 with an ATT contract. Can I buy a factory UNLOCKED iPhone 4S with my contract?,NEUTRAL
RT @HowardMortman: .RT @edatpost: .@Apple fan Eric Holder spotted at the Genius Store http://t.co/7vZSIXpy,NEUTRAL
"Hi @apple. Household has 4 iphones, 2 ipads, 2 minis, 2 apple tv, AirPorts, Timecapsule +. Whats a usable iPhoto sharing setup? /cc @maddox",NEUTRAL
RT @edatpost: Bah! Genius BAR // RT @edatpost: .@Apple fan Eric Holder spotted at the Genius Store http://t.co/FTLttLPn,NEUTRAL
#motoactiv? Methinks @apple and maybe @Nike are already prepping lawsuits,NEUTRAL
Check this video out -- moe. plays Live on iPads. Video dedicated in memory of #SteveJobs http://t.co/XSiyDnqu @ipad @mac @apple #brilliant,NEUTRAL
Bah! Genius BAR // RT @edatpost: .@Apple fan Eric Holder spotted at the Genius Store http://t.co/FTLttLPn,NEUTRAL
Evolution of @Apple Ads 1975-2002: http://t.co/QTOqOZ42 @thesavoia #stevejobs #tech #art,NEUTRAL
@apple #siri http://t.co/k7b686hX,NEUTRAL
.RT @edatpost: .@Apple fan Eric Holder spotted at the Genius Store http://t.co/LCTPxHF5,NEUTRAL
RT @edatpost: .@Apple fan Eric Holder spotted at the Genius Store http://t.co/FTLttLPn,NEUTRAL
RT @edatpost: .@Apple fan Eric Holder spotted at the Genius Store http://t.co/OshPyV2G,NEUTRAL
.@Apple fan Eric Holder spotted at the Genius Store http://t.co/FTLttLPn,NEUTRAL
RT @DailyDealChat: @bidmyway I like your app for the @apple iPhone very simple and easy to use!,NEUTRAL
@bidmyway I like your app for the @apple iPhone very simple and easy to use!,NEUTRAL
"Thanks, @Apple. Now even more people on the bus are talking to inanimate objects. Harder than ever to tell who's crazy and who's hip.",NEUTRAL
Noticed how @apple has added the like & tweet icons on their page? http://t.co/PZoNZeC8 #like #facebook #tweet,NEUTRAL
@rtimbuc thx for publicly coming out out of the @Apple closet ... :),NEUTRAL
"Win an @Apple iPod Touch from @Mommy_gaga, get the @Pampers Hello World Baby Memories App! http://t.co/2XJZaLCs #PampersHelloApps",NEUTRAL
@RIM to release new generation of phones in the new year to contend with @Apple... Hmmm.,NEUTRAL
RT @TimjwDowning: #iOS 5  is a great system but it's taken all day to download @apple,NEUTRAL
Using @Apple's mobile @AirPort Utility http://t.co/TiDpaHYC,NEUTRAL
@Dropbox balked at acquisition by @Apple. My apps thank them. :)  http://t.co/VsYPl9Xu,NEUTRAL
"These cos are worth billions: @Apple, @Facebook @Google & @Amazon and they are battling for consumers  http://t.co/4WxPCH9h via @fastcompany",NEUTRAL
"Just when #TomCruise thought he had a unique name for his daughter, @Apple pulls the rug out from under him with the new #Siri App.",NEUTRAL
I wonder If the person who has @apple is holding out for apple to buy it from them,NEUTRAL
iOS 5 for iPhone and iPad is Here: Apple's Best Release Yet?  http://t.co/iLYGZ5Ox #ios5 #ios @apple #ipad #tablet,NEUTRAL
"The 'Great Tech War': @Apple, @Facebook, @Google, @Amazon battle for the future http://t.co/sVu8cG1M via @fastcompany",NEUTRAL
"@BeeeThree I am aye, I wasn't @apple",NEUTRAL
"How the community saw #SteveJobs - 12 Most #Community ""iCelebrates"" Steve Jobs - http://t.co/jJRwIvmc @Apple",NEUTRAL
Steve Jobs' unconventional #leadership secret - ACC SmartBrief: http://t.co/CY6VxRnF &gt; @Apple #sm #HR #NEHRA,NEUTRAL
RT @aplusk: Sending love & light to everyone @Apple & the entire Jobs family.Today we lost a Giant who will be missed even by those who  ...,NEUTRAL
@apple store NY,NEUTRAL
"Attending #mobilemem , listening to James Kelley from @apple .",NEUTRAL
Tell how Steve Jobs & @Apple changed your life and $5 will be donated to Pancreatic #Cancer Research! @PanCAN @Pan_Act http://t.co/BWzganje,NEUTRAL
"yeah, @apple is updated!! planking photos, #lmaoo http://t.co/IusXJJDq",NEUTRAL
picking up my #iPhone4S in two hours @Apple!,NEUTRAL
@DickCostolo says daily #twitter signups have TRIPLED since the new @apple #iphone4S came out,NEUTRAL
"yes, i am live tweeting my @apple tech support call. Isn't this fun?",NEUTRAL
"@azee1v1 @apple @umber Better file info/easier to get to, duplication of files when importing. Categorizing files.",NEUTRAL
"ok @apple, now we got our iOS5 and #icloud, can we please have #LogicX",NEUTRAL
@AsimRang @apple @umber well so far ive seen it for apps,NEUTRAL
"Hello again, iPhone 4!!! Thank you, @apple! Although this should have never broken in the first place! #tsk",NEUTRAL
@AsimRang @apple @umber when you upgrade to ios5 there is a section in app store which lets you download anything you have purchased before,NEUTRAL
"@Apple, @Facebook, @Google and @Amazon battle in...The Great Tech War of 2012 http://t.co/uL9zZKv8 by @fmanjoo",NEUTRAL
"@AsimRang @apple @umber the podcasts feature works just fine, music purchasing is straight forward, what else do you want?",NEUTRAL
“@NoVaTyler: @Foreverfit4u amazing how quickly apple went down the poop tube” It couldn't have 2do w/operator error! #sarcasm Still ❤ @apple,NEUTRAL
RT @Apple We destroying you next RT @therealterica: Duh #TeamAndroid RT @JuanHustle I got a feeling we living in the last days of Blackberry,NEUTRAL
@KaeKaed @Apple Here is an easy way to put Newsstand in a folder http://t.co/yVXmWIbI,NEUTRAL
"#Win an @Apple iPod Touch from @Mommy_gaga, get the @Pampers Hello World Baby Memories App! http://t.co/AAP7StHt #PampersHelloApps",NEUTRAL
"Been MIA from Twitter.. But now Tweeting from my new @apple iPhone! :) #finallycool #notreally well, It IS ..I'm not :) #stilllearning",NEUTRAL
@AsgariAJ #iPhone need to tell @Apple that,NEUTRAL
"@Mommy_gaga, #Win an @Apple iPod Touch @Mommy_gaga, get the @Pampers Hello World Baby Memories App! http://t.co/qEATNMpI #PampersHelloApps",NEUTRAL
Need to update my apps. ): my apple ID is disabled.. Don't know what to do.. @apple @AppStore @itunes @Siri_Assistant,NEUTRAL
eating @apple xDD,NEUTRAL
I wonder if @Apple OSX will get built-in @Twitter @support like iOS5. That would be very helpful at the moment.,NEUTRAL
Spell check needed when saving documents - fingers crossed Steve Jobs left that nugget of technology behind on the @Apple to do list. :),NEUTRAL
@Apple Stores to close for one hour on October 19 to watch #SteveJobs #memorial http://t.co/fbjqb5RA via @9to5mac #tech #porchista,NEUTRAL
iPhone 4S vs Canon 5D MKII. @apple @canon @iphone http://t.co/PvKqad33,NEUTRAL
@Samsung wants to ban @Apple iPhone 4S in Japan and Australia. http://t.co/hWA4tWIc #smartphonewar,NEUTRAL
Siri says some weird things | This is my next... http://t.co/H8n7caSg via @verge @hasanga @mohoisham @apple #Siri #LMFAO,NEUTRAL
@apple karaoke ceel w/ @nandamaulida @putriasmara @galuhoktriana @milatus :p,NEUTRAL
The four American companies that have come to define 21st-century on the verge of war. @Amazon @Apple @Facebook and @G…http://t.co/PxUlr5dw,NEUTRAL
I have 4 @Apple products...,NEUTRAL
@SamsungMobileUS @Apple would disagree with you right now.,NEUTRAL
"Stay hungry, stay foolish. Steve Jobs, founder @Apple #WinningWithEL",NEUTRAL
RT @thejjmg: My friend @bm88 found this article on the #ios5 battery drain problem http://t.co/Iqa0ipVt @Apple ah mines being sinking...,NEUTRAL
iSteps @apple store bologna http://t.co/WjjBq7Ae,NEUTRAL
"How I manage my businesses/life: @pivotaltracker, @37signals, @twitter, @googleapps, @apple, @dropbox, @wordpress, @dreamhost THX",NEUTRAL
Notes for Jobs @Apple store in Palo alto downtown. http://t.co/4BJjfq4h,NEUTRAL
Just realized Apple doesn't even have @Apple on lock. This dude R.J. Pittman waiting for thee fattest check.,NEUTRAL
"Hey @Apple, could you hook the voice memos app on the iPhone up with fine scrubbing? Journalists need love too.",NEUTRAL
RT @danysaadia: @ATTCustomerCare @att @apple I already have an ATT wireless line. Can I buy a factory unlocked iPhone 4S with my contract?,NEUTRAL
Dear @Apple… If I make love to iCloud will ALL THE THINGS have my babies?,NEUTRAL
POLL: http://t.co/GcrpUKwF Q:R U pissed @Apple banned this video? #Apple #iPhone4S #Siri #F8ball,NEUTRAL
POLL: http://t.co/9q2Er1w9 Q:R U pissed @Apple banned this video? #Apple #iPhone4S #Siri #F8ball,NEUTRAL
More Twitter buzz for Apple Store: http://t.co/hLybd7uc - RT @ji_lee started out as a trip to the @apple store. turned into a spontaneou...,NEUTRAL
My friend @bm88 found this article on the #ios5 battery drain problem http://t.co/zMX85Fkd @apple,NEUTRAL
"""#Win an @Apple iPod Touch from @Mommy_gaga, get the @Pampers Hello World Baby Memories App! http://t.co/r0WYm1jX #PampersHelloApps""",NEUTRAL
"Dear @apple, why did my #Apple ID change to my colleagues&#39; when I charged on her Mac? Now can&#39;t download or update apps. #iPhone",NEUTRAL
"You know you've gone @Apple overboard when you misread a @Yelp review as ""iPad Thai."" #fb",NEUTRAL
"Goodbye @Evernote, Welcome #NotesintheCloud thx @Apple",NEUTRAL
Will @Apple's Mac ever properly be used in the financial markets or is it purely a creatives device? Shift from IBM to Mac? #finpanther,NEUTRAL
"But @att is ""working"" with @apple to make their iPhone say 4G RT @JFSikora: @TCPJ_Mickey I'm so glad Apple is not slinging that crap.",NEUTRAL
started out as a trip to the @apple store. turned into a spontaneous fun evening w @MolleyMoody. we danced while trying on outfits. #girls,NEUTRAL
"RememberiN wen @apple and @blackberry were just fruit
#nostalgia",NEUTRAL
@dyanna299 you mean like Muhaimin @apple.com?,NEUTRAL
The new @apple #find my friends app is great.... except the part where you have to log in everytime. Get back to me when this is changed...,NEUTRAL
One thing I want from #ios is searching in the add bar similar to what Firefox or droid phones do. But thnx for a talking Google @apple ...,NEUTRAL
"Gee, I can't imagine that the maps app graphic from this Samsung website will help their court cases vs. @Apple: http://t.co/PmanMoAh",NEUTRAL
Would you look at that.. @SouthwestAir does @Apple style welcomes as well. http://t.co/t0TrFnk8 #customerappreciation #custserv,NEUTRAL
"RT @fredbenenson: Hey @twitter and @apple, this is pretty dumb. http://t.co/kubkPO0T",NEUTRAL
got the new @apple update,NEUTRAL
"A brick n mortar @Google store? Coming soon to London, US next? Copying @Apple business model? http://t.co/l4VTHsv5",NEUTRAL
"Hey @twitter and @apple, this is pretty dumb. http://t.co/kubkPO0T",NEUTRAL
If the iPhone 4 case fits the 4S why is @nlevenbrown @apple buying a new one?,NEUTRAL
@apple store to get my phone fixed... ppl lined up for 4s http://t.co/aUHQLiVy,NEUTRAL
@Apple why no Macbook mirroring onto AppleTV via #Airplay?,NEUTRAL
@ATT just so I have this right.I pre-ordered an iphone last wk and it will be here in a month. I could buy in an @apple store today.really?,NEUTRAL
@apple please bring back the old Siri app for us old school iPhone 3 users!,NEUTRAL
"Upgrading my #iPad to #iOS5. When @Apple said it could take a couple of hours to install and restore it, they weren't kidding.",NEUTRAL
"Yeah, there's no @apple twitter account.",NEUTRAL
POLL: http://t.co/Wu6EsvT5 Q:Should @Microsoft consider making its own hardware for #Windows like @Apple does? #Microsoft #Windows #Appl ...,NEUTRAL
POLL: http://t.co/tZBleGaQ Q:Should @Microsoft consider making its own hardware for #Windows like @Apple does? #Microsoft #Windows #Appl ...,NEUTRAL
@ATTCustomerCare @att @apple I already have an ATT wireless line. Can I buy a factory unlocked iPhone 4S with my contract?,NEUTRAL
Lol bet that Android couldnt do that  RT @ceejay3k: I promise this iPhone been at 1% battery for the last 3 hours. I see you @apple.,NEUTRAL
I promise this iPhone been at 1% battery for the last 3 hours. I see you @apple.,NEUTRAL
@APPLE freaks is Siri available for Iphone 4 yet?,NEUTRAL
#Iphone5 can you please make The battery last longer thanks @Apple,NEUTRAL
Hey @apple next update can we get an emoji that's pointing the middle finger please?? Thanx!!,NEUTRAL
U know the @apple company are giving out 500 iPads because Steve jobs past away,NEUTRAL
Found out the hard way today that @webex does not work with @apple ios5 yet when you are following a link for a meeting..,NEUTRAL
"RT @shanmoorthy: Next year is going to be really interesting in tech as @Google, @Amazon, @Facebook and @Apple vie for new growth areas  ...",NEUTRAL
Saw that @apple is covered with msgs 4 steve jobs. Nice to kno ppl r still saying #thankyousteve,NEUTRAL
"iPhone 4 S now RESERVATION only, if you want to buy it in an @apple store tomorrow you have to reserve online after 9pm tonight",NEUTRAL
@apple must be launching a #searchengine - imminent surely. #AppleSearch #AppleCore #bigapple haha! Please be the latter,NEUTRAL
"@FastCompany - The Great Tech War Of 2012: @Apple, @Facebook, @Google, and @Amazon duking it out - http://t.co/HXsAlzPv via @ADerricks",NEUTRAL
Apple sold 4 million iPhone 4S units on first weekend - Appletell: http://t.co/vs5r1oox #iPhone4S @Apple #fb,NEUTRAL
@SteveJobs : @Twitter overwhelmed by reaction to @Apple founder's death - Telegraph http://t.co/tqF6pjf5,NEUTRAL
"@Apple please put the Tab button back in Pages for iPad. That hold my finger down, wait for the insert tab, then touch that for the tab. SMH",NEUTRAL
Apple shares hit new all-time intraday high: http://t.co/uY35rrRU #win @Apple,NEUTRAL
RT @FaithMcNally: @RhiannaRaee hanging @apple in tacoma listening to the beatles!,NEUTRAL
@RhiannaRaee hanging @apple in tacoma listening to the beatles!,NEUTRAL
In front of the @apple store. So many blue shirts I feel like I'm at a smurf reunion. #iPhone4S,NEUTRAL
"A must read article on @fastcompany about @Apple, @Facebook, @Google, and @Amazon technology war in 2012  http://t.co/nxc7Wo4S",NEUTRAL
@cnbcfastmomey what price should I sell @apple for,NEUTRAL
"Hey @Apple, when did you hire @TheRock to tighten the screws on the bottom cases of your MacBook Pros?  #Ouch #NiceHire",NEUTRAL
#SteveJobs memorial at the Leawood @Apple store. http://t.co/UVgb05G6,NEUTRAL
Hey @apple why is Siri not available for the Mac?,NEUTRAL
"New phone is @apple, too bad im not going to get it till tommorrow, dont feel like driving to the mall AND GG is on tonight!!!",NEUTRAL
waiting for Jacob @fairview @apple storeee,NEUTRAL
RT @DJTREBEL1: #fail i guess @apple didnt notify these clowns that the iPhone5 isnst out yet.... http://t.co/2yCDNt1B,NEUTRAL
#fail i guess @apple didnt notify these clowns that the iPhone5 isnst out yet.... http://t.co/2yCDNt1B,NEUTRAL
"#Win an @Apple iPod Touch from @Mommy_gaga, get the @Pampers Hello World Baby Memories App! http://t.co/nDRpciY9 #PampersHelloApps",NEUTRAL
iPhone 4S First Weekend Sales Top Four Million: http://t.co/Dm4acTYv via @Apple themselves. Big sales for the new phone.,NEUTRAL
"@WIREDInsider beautiful, yes. though it simply reminds me of @apple's spinning wheel of death. clock, reinvented: http://t.co/tJcJAqfl",NEUTRAL
Dear @apple: Integrated tweeting in ios5 RAWKS. Plz consider adding @ and # lookup like @twitter app. Thx! http://t.co/5uHsTEPz,NEUTRAL
Easiest way to use Evernote with iPhone 4S Siri. Just tell Siri to Email Evernote and say your note. @evernote @apple #evernote #siri,NEUTRAL
@Apple sells record 4M #iPhone4S phones in first 3 days!,NEUTRAL
@brady I am surprised @apple did not think of/anticipate that......,NEUTRAL
#iMessage is here wid iOS5 RIP #BBM @cultofmac @apple,NEUTRAL
It's a good thing @apple has not came out with an iCar because I would be in line for one and im sure it would be expensive,NEUTRAL
RT @carlmilner: RT @petapixel: iPhone 4S vs Canon 5D Mark II - A side-by-side comparison of 1080p HD video: http://t.co/qMyMIV7z &lt;&lt ...,NEUTRAL
The iPhone update has segregated my contacts between iPhone users and non-iPhone users. They just had to call out those non-users @apple,NEUTRAL
@apple @internode #icloud #ios5 #piracy omg no wonder ive used all my downloads!!,NEUTRAL
@apple Iphone's & Ipad's beautiful technology but alltogether mainly a marketing platform. It's obscure is'nt it? Apple lost it's touch.,NEUTRAL
@JarjarTee @apple That's really good. Makes you happy to pay the infamous @apple tax :),NEUTRAL
Hall Pass had me rolling...... @Apple bee's lookin for nookie really,NEUTRAL
"@hanrahan52 @apple Don't say things you can't take back, Joel.",NEUTRAL
@coatgal @apple considering his circumstances - suffering faults on/off for long periods -They replaced his phone with a new as a  goodwill,NEUTRAL
"@coatgal @apple Paul had a chat with an advisor explained the problem : cost £120 repair !!
BUT wait for it , drumroll . . . .",NEUTRAL
"#Steve #Jobs #Tribute iPhone 4S Cases Now Available #iphonecases
http://t.co/2hyurIiq
#stevejobstributecases
@ikaveri @iamsrk @apple",NEUTRAL
"@coatgal had a really interestng experience up in the @Apple store though, Paul was with me up there, faulty #iphone4 - but out of warranty",NEUTRAL
@apple @appstore @mac @iOs @Ipad @siri Will siri be available for iPad 2?,NEUTRAL
Can this ho Siri update your tweets? cc: @apple @iPhone_News,NEUTRAL
@Apple's Success is Also #Google's Gain as #Mobile #Advertising Balloons http://t.co/0400ynQY,NEUTRAL
"@_alastair w/ respect, the old alternatives were talking to a computer in india or the geek squad. @apple does a pretty great job.",NEUTRAL
"@jackiestone1 yes! Tech peeps talk so much about algorithms, but tech should always tie back to people. @apple proves this #imediasummit",NEUTRAL
The great tech battle ft @facebook @amazon @apple and more http://t.co/ws4lWWXy via @fastcompany,NEUTRAL
Another shrewd business model move by @Amazon http://t.co/OQJRRYFq Rooting for the dark horse in the @facebook @google @apple war? #tech,NEUTRAL
RT @Apple sells 4 million iPhone 4S in 3 days http://t.co/vElmtzNS via @reuters,NEUTRAL
Flowers & Apples shower the Santa Monica @Apple store in honor of #SteveJobs http://t.co/xGf60gMs,NEUTRAL
is it me or @blackberry is begging ppl not to go @apple #iphone http://t.co/X3gdBUyK,NEUTRAL
Do people loved Steve? Check out this photo from @Apple store http://t.co/jIqBGghC,NEUTRAL
RT @petapixel: iPhone 4S vs Canon 5D Mark II - A side-by-side comparison of 1080p HD video: http://t.co/qMyMIV7z &lt;&lt;@apple Wow!!,NEUTRAL
"Why @Apple so valuable, good analysis of trended profits, iOS vs. Microsoft: Comparing the bottom lines  http://t.co/k9qst4R4 via @asymco",NEUTRAL
@audrievv @apple You can still use  #MobileMe webhosting (with or without #iWeb) after converting to #iCloud.,NEUTRAL
http://t.co/48emAEID #SteveJobs memorial @Apple #Boylston,NEUTRAL
I am now the proud owner of @apple tv thanks to big bro @steveeadie and family!!,NEUTRAL
"RT @robertoafelipe: @apple predicts #Siri in 1987 in video, the video is staged for September 2011 http://t.co/tFNRP3MD",NEUTRAL
"Head to our FB page for a link to the @Apple Community Support Page detailing how to turn off #newsstand auto renewal.

http://t.co/65HPp0tu",NEUTRAL
"@apple y u run out of 64gb iPhone!? Now I have to settle for 32gb. Saved 100$ though(:
#content",NEUTRAL
@apple is profiting a min of $400 per 4s.  They sold 4 million this weekend. That's another 1.6 Billion to Apples coffers! #worldRecession?,NEUTRAL
"Big mo: In one week, @Apple #iCloud hits 20M users; 25M use #iOS 5 http://t.co/HTpUTBFK via @cnet",NEUTRAL
Smart as hell. The Great Tech War Of 2012. http://t.co/0O1CfCIZ  Fab Four: @apple @google @amazon @facebook via @kvox #mustread,NEUTRAL
@learmonth @Cue improves iMessage + engages @Apple content partners' customers better http://t.co/hhkvlwFB with social activity messaging,NEUTRAL
@Twitter returns a Error 500 when we try to post the link to @Apple Support Community detailing how to turn off auto renewal subscriptions.,NEUTRAL
RT @kvox: Smart as hell. The Great Tech War Of 2012 (@fmanjoo / @FastCompany) http://t.co/XiJYUoHZ Fab Four: @apple @google @amazon @fac ...,NEUTRAL
@philipgrey @apple it's kinda sad that's the most relevant tweet I've seen today. Or kinda awesome. I'm not sure. #DevProblems,NEUTRAL
Too bad I'm not an @Apple junkie. #icloud #apple #ios5,NEUTRAL
@Apple buried the ability to manage #newsstand subscriptions under App Store Settings. This is inconvenient at best.,NEUTRAL
Smart as hell. The Great Tech War Of 2012 (@fmanjoo / @FastCompany) http://t.co/XiJYUoHZ Fab Four: @apple @google @amazon @facebook,NEUTRAL
"@apple predicts #Siri in 1987 in video, the video is staged for September 2011 http://t.co/tFNRP3MD",NEUTRAL
Smh at @ItsTheSituation for trying to cut in line for a 4S. Cmon mayne if @Apple's cofounder stood in line then you are too.,NEUTRAL
"Go big or go home @Apple users - here are some apps that make your #4s iPhone ""s-s-super"" http://t.co/t74BQyim via @mashable - MS",NEUTRAL
RT @TechHamlet: Thank You Steve : A Song Created for Steve Jobs http://t.co/2vtX8ZJf via @TechHamlet @AzRmusic @Apple #stevejobs #apple,NEUTRAL
@pkedrosky @apple I am just waiting for my conf email from iCloud.,NEUTRAL
"#wheniwas14... @Apple registered the domain name http://t.co/FPvKn1kJ, thus beginning their plan for world domination",NEUTRAL
Thank You Steve : A Song Created for Steve Jobs http://t.co/2vtX8ZJf via @TechHamlet @AzRmusic @Apple #stevejobs #apple,NEUTRAL
Twitter buzz for Best Buy: http://t.co/9SesENTu - RT @acappellamedia OH: Sales guy @BestBuy: &quot;I'm not selling or using any @apple p...,NEUTRAL
Anyone know why we can only read iBooks on the iPhone and iPad? Any ideas how to read them on mac? @apple,NEUTRAL
Why didn't @apple provide 5GB per device for cloud backup?  Why just 5GB per account?  Silly.,NEUTRAL
New Blog! http://t.co/ENCSF1Ju @VerizonWireless @Motorola @Google @Apple #Android #DroidBionic #iPhone4S #4GLTE,NEUTRAL
"Over the weekend, @Apple sold more than 4,000,000 iPhones. That’s about 16 iPhones sold every second.",NEUTRAL
how do you sync gmail contacts with your iphone? help please! @apple @gmail,NEUTRAL
"Loving these names. ""@Google Chases @Apple With Ice Cream Sandwich"" - http://t.co/u3LchmGD #mobile",NEUTRAL
YESSS @apple fix it also slow internet RT @SprintFeed: iPhone 4S owners are you having trouble with Siri connecting to internet?,NEUTRAL
Going to the @apple store today to get this laptop situation figured out,NEUTRAL
gulp...@Apple sells 4 million iPhone 4S in 3 days - Yahoo! Finance http://t.co/Zv7DXrIA via @YahooFinance,NEUTRAL
Is @Apple's voice #tech really as impressive as the net thinks it is? http://t.co/Rbf23CNX #siri,NEUTRAL
"Next year is going to be really interesting in tech as @Google, @Amazon, @Facebook and @Apple vie for new growth areas http://t.co/kkaKFsCH",NEUTRAL
RT @rickholgate: Packed session on @Apple and @Google at #GartnerSYM. Indicator of today's mindshare?,NEUTRAL
Packed session on @Apple and @Google at #GartnerSYM. Indicator of today's mindshare?,NEUTRAL
This!!!!!! RT @DennieB_15 👦👧👩👨👶👵👴👱👲👳👷💂👸👮..... Um why No black people❔❔❔@Apple,NEUTRAL
👦👧👩👨👶👵👴👱👲👳👷💂👸👮..... Um why No black people❔❔❔@Apple,NEUTRAL
too many companies don't have @apple management-- 60 sec vid-http://bit.ly/pwLpgQ #entrepreneur #startup @scalecomputing #pioniq,NEUTRAL
@BikerVox @mariomussolini @ios_notch @apple xD thats why i have a back up PC… just incase *hides gun*,NEUTRAL
@apple please provide support for a Bangla keyboard in iOS. It would make the life of many Bengali iOS users easier! #iphone,NEUTRAL
@Apple sells 4 million on the first weekend. @Samsung sold over 30 million Galaxy S II phones globally.,NEUTRAL
Hey @Apple - need more servers for Siri traffic?  I'm sure Google can help you out with that...,NEUTRAL
I wish someone would gift me an unlocked iPhone 4s. #iPhone @Apple,NEUTRAL
So apparently that's not the correct @apple,NEUTRAL
I love @apple & I love my phone.. but ever since this damn update my texts keep saying they're full when there are none & that's a PROBLEM!!,NEUTRAL
#opinion @Samsung need to be careful in @Apple patents issues - it looks a lot like you 'learned' a lot by making their chips!,NEUTRAL
"Now who can guarantee that @apple hd nothing 2 do with @Blackberry RIM server failure?!Days after, over 4million iPhone 4S sold in 3days!?!",NEUTRAL
"RT @Porter_Anderson: ""3 principal global players will be active in every market...@Amazon, @Apple, & @Kobo."" @MikeShatzkin http://t.co/1 ...",NEUTRAL
RT @bsdalton: @apple underplayed the power of the iPad via @mitchjoel &lt;yup #SOCAPac11,NEUTRAL
Ya hoo! @Apple sells 4 million iPhone 4S in 3 days http://t.co/rvdjSMMi (via @news360app) $AAPL,NEUTRAL
@apple underplayed the power of the iPad via @mitchjoel &lt;yup #SOCAPac11,NEUTRAL
"""3 principal global players will be active in every market...@Amazon, @Apple, & @Kobo."" @MikeShatzkin http://t.co/1ndxcMO1 #dbw #metacon",NEUTRAL
dear invisible intern/assistant: please go pick up my computer from the @apple hospital so i can upgrade to iOS5. thanks!,NEUTRAL
#Siri I could have done with out its not that great #iPhone4S I hear the #iPhone5 is coming out #2013 @apple.inc,NEUTRAL
Wow... @Apple sold 4 million iPhone 4S in a single weekend... http://t.co/WDLHZsza,NEUTRAL
"OH: Sales guy @BestBuy: ""I'm not selling or using any @apple products during my mourning period over Job's passing."" hmmm..",NEUTRAL
"i wish my iPOD had a feature, when it's on the dock to scroll the artist, album, and song title in huge font across it... @Apple",NEUTRAL
"@Apple main office is #nowplaying  
A milli - Lil Wayne.",NEUTRAL
@iphone4S  #IBM @apple iphone4s. Siri is not Watson @IBMWatson,NEUTRAL
RT @TravisDommert: Is leaving Steve's photo on the @apple home page what he would really want? In his honor...let's get back to innovati ...,NEUTRAL
RT @TravisDommert:Is leaving Steve's photo on the @apple home page what he would really want? In his honor...let's get back to #innov...,NEUTRAL
"Is leaving Steve's photo on the @apple home page what he would really want? In his honor...let's get back to innovation!  Eh, @mark_newton?",NEUTRAL
@apple @iphone sold more because its in more retail duhhhh. Also woz is correct people dont want tech answer just simple child like ones ok!,NEUTRAL
Is at the @apple store waiting for a poorly iMac to be seen by a genius. Hopefully this will be painless. Not too bad in here.,NEUTRAL
@Apple: Surely iOS5 with it's integrated @Twitter would greatly benefit from moving the # to at least the '123' keyboard page? #simplethings,NEUTRAL
"@iancollinsuk @Apple what's incredible, is that people still buy into apple as world beater's.....not true anymore.",NEUTRAL
@Apple very disappointed Hogwarts not choice on world clock on iPhone,NEUTRAL
Great video @apple 1987 predicting tablets & a form of #siri at the end of this article RT @jedsinger: (cont) http://t.co/RDBeuCtt,NEUTRAL
IHS: iPhone 4S shows key design and component changes. http://t.co/6tfiGiDV  @apple #apple #iphome4S #ios5,NEUTRAL
IHS: iPhone 4S shows key design and component changes. http://t.co/gZmdzvLe  @apple #apple #iphome4S #ios5,NEUTRAL
IHS: iPhone 4S shows key design and component changes. http://t.co/UxfA8Ukg  @apple #apple #iphome4S #ios5,NEUTRAL
IHS: iPhone 4S shows key design and component changes. http://t.co/Y3Mali6y  @apple #apple #iphome4S #ios5,NEUTRAL
RT @iancollinsuk: Apple have just announced they sold 4 million phones this weekend. Incredible. That recession continues to bite @apple ...,NEUTRAL
Great post on the upcoming Great Tech Wars of 2012! @amazon @apple @google @facebook http://t.co/OSeqhT7W via @cbillich,NEUTRAL
RT @iancollinsuk: Apple have just announced they sold 4 million phones this weekend. Incredible. That recession continues to bite @Apple,NEUTRAL
Apple have just announced they sold 4 million phones this weekend. Incredible. That recession continues to bite @apple #recession,NEUTRAL
RT @jldavid: iPhone 4S First Weekend Sales Top Four Million: http://t.co/O7zqnY7K (via @apple),NEUTRAL
RT @TalkYo_ISH: Dear @Apple Can We Get Some Afro-American Emoticons? -Management,NEUTRAL
"#BreakingNews @Gizmodo reports: @Apple #iPhone 4S sold over $4 million over the weekend! #TrueStory
  http://t.co/BEj32s6a",NEUTRAL
iPhone 4S First Weekend Sales Top Four Million: http://t.co/O7zqnY7K (via @apple),NEUTRAL
Video: SIRI also gets angry. http://t.co/ksX2XZoR  @chrisvoss @apple #apple #siri #iphone4S #Ai,NEUTRAL
Video: SIRI also gets angry. http://t.co/Ku288WX6  @chrisvoss @apple #apple #siri #iphone4S #Ai,NEUTRAL
Video: SIRI also gets angry. http://t.co/Xx1chZbN  @chrisvoss @apple #apple #siri #iphone4S #Ai,NEUTRAL
Video: SIRI also gets angry. http://t.co/tzigD99b  @chrisvoss @apple #apple #siri #iphone4S #Ai,NEUTRAL
@bxlewi1 hey...do you know why @Apple hasn't added 4G support yet? Seems like an odd omission for such an advanced device.,NEUTRAL
"Really @Apple and @ATT - Removing the 3G/EDGE switch on iOS 5? You do realize that you work on the 3G network in places often, right?",NEUTRAL
Apple sold FOUR MILLION iPhone 4S's in the first weekend: http://t.co/DdU2qM7O (via @Apple) #phonerecord #twiceiphone4sales,NEUTRAL
iPhone 4S 8MP camera : It´s a SONY. http://t.co/X1J8HNZu @sony @apple #apple #iphone4S #cameras,NEUTRAL
iPhone 4S 8MP camera : It´s a SONY. http://t.co/6uYIZeAK @sony @apple #apple #iphone4S #cameras,NEUTRAL
iPhone 4S 8MP camera : It´s a SONY. http://t.co/njTHOi2x @sony @apple #apple #iphone4S #cameras,NEUTRAL
iPhone 4S 8MP camera : It´s a SONY. http://t.co/BIqBEhTb @sony @apple #apple #iphone4S #cameras,NEUTRAL
"@Bestbuy or @Apple to purchase my imac, iPad, and printer? #StudentDiscounts?",NEUTRAL
iPhone 4S: Setup SIRI for your Tweets. http://t.co/fZ216OiJ @apple #apple #iphone #siri,NEUTRAL
iPhone 4S: Setup SIRI for your Tweets. http://t.co/eyHmHSTM @apple #apple #iphone #siri,NEUTRAL
iPhone 4S: Setup SIRI for your Tweets. http://t.co/ws7LINTS @apple #apple #iphone #siri,NEUTRAL
iPhone 4S: Setup SIRI for your Tweets. http://t.co/uecqHL6k @apple #apple #iphone #siri,NEUTRAL
"Ever since I cleaned my Mighty Mouse ball with alcohol to get it rolling again, any time I click the ball it acts like a left click. @Apple",NEUTRAL
@apple So why is Siri only available on the iPhone 4S ?   - http://t.co/QZuNgyLW,NEUTRAL
Lol and what do those look like? RT @TalkYo_ISH: Dear @Apple Can We Get Some Afro-American Emoticons? -Management,NEUTRAL
Cool @apple / Steve Jobs infographic http://t.co/Prb5yx4X @MickH87 - timeline history,NEUTRAL
Talking @Apple keynotes over lunch with @yuvalariav. Challenged him to check something out ;-),NEUTRAL
Does the iPhone4S no longer have that stupid 'network lost' pop up - possibly the most annoying thing ever that you cannot turn off @apple ?,NEUTRAL
Steve's last Design is apparently the @apple #apple #iPhone 5 | http://t.co/DIfQTmwm,NEUTRAL
OK @apple your accessories policy is out of hand. I need a powered line in to use the mic? Are you KIDDING ME?,NEUTRAL
A court in Sydney banned the sale of @Samsung 's Galaxy Tab in Australia over intellectual property infringement claims by @Apple  #IP_wars,NEUTRAL
@Apple received 1m pre-orders in a single day for its new iPhone 4S #consumer_demand #steve_jobs,NEUTRAL
@apple can you get your iphone to stop vibrating when you get a text?,NEUTRAL
"@Mommy_gaga,  #Win an @Apple iPod Touch and get the @Pampers Hello World Baby Memories App! http://t.co/qEATNMpI #PampersHelloApps",NEUTRAL
"#Siri on @Apple #iPhone4S can allow unauthorized access to texts and emails, even when the phone is locked!! http://t.co/0q5dLt22",NEUTRAL
"If you sign up for iClould, will you also get iRain? @apple #icloud.",NEUTRAL
@Apple Not Likely to Win Appstore Suit Case Against @Amazon http://t.co/GNcDGQsc,NEUTRAL
"Say no to 1,000 things. What are you saying ""no"" to? 7 Rules of Success from Steve Jobs of @apple #prodmgmt #management #innovation",NEUTRAL
ok it is back @iphone @apple,NEUTRAL
Cat accusing tiger for roaring  #Samsung on @Apple,NEUTRAL
@apple and @nintendo need to partner up for the app store,NEUTRAL
"@apple stuck it to @amazon when it unveiled iCloud, showing that the placement of 'i' before the name of even a failed effort yields success",NEUTRAL
@nascarwriter right where I left it last week... #iphone4S #Apple @Apple  http://t.co/ksJh8BAS,NEUTRAL
@paulbentleymelb @apple I think they call that profit-making 'genius',NEUTRAL
What's up with @apple stock going up after #SteveJobs death? #Apple #AppleStock,NEUTRAL
@Apple needs to take down the Steve Jobs tribute and get back to promoting the brand - put the Cloud on the front page and start explaining,NEUTRAL
"This is better than *every* magazine having their own #app! @EatMagazine @Apple supports magazines. #Ipad upgrade adds ""Newsstand"" #app",NEUTRAL
@twalve too busy having slappy hissy-fits with Samsung? @Apple,NEUTRAL
Fregon el nuevo facebook para iPod/iPhone haha alomejor ya tiene rato pero yo lo acabo de actualizar @apple,NEUTRAL
RT @MarcMonster: Siri keeps trying to send me to escort services....is that legal? @Apple,NEUTRAL
Siri keeps trying to send me to escort services....is that legal? @Apple,NEUTRAL
"Watching iGenius on @Discovery. Based on first 13 minutes, @Apple never should have gone public in 1980.",NEUTRAL
"Ok, so it was a lion and not a leopard. Too much upgrading this weekend. @apple",NEUTRAL
@virgojud81 well maybe if you would set ya @apple products to send push notifications it would go through.,NEUTRAL
@Apple's #Siri is great but #Google #Android always had that functionality youtu.be/gGbYVvU0Z5s #justsaying,NEUTRAL
"#Win an @Apple iPod Touch from @Mommy_gaga, get the @Pampers Hello World Baby Memories App! http://t.co/zRBak7kL #PampersHelloApps",NEUTRAL
hmm it seems i should have checked the identity of @apple first…,NEUTRAL
"@apple out of respect, I really do think  the Apple logo should be revised to the one you have no doubt seen… http://t.co/xNKwgxme",NEUTRAL
"#Win an @Apple iPod Touch from @Mommy_gaga, get the @Pampers Hello World Baby Memories App! http://t.co/en0iacwR #PampersHelloApps",NEUTRAL
@boothelk did you know the first @apple home computer to use a mouse was called 'the lisa' ??,NEUTRAL
What? Are we not buying enough iPads already @apple ? Give us a break while we learn to cope with a post Steve Apple http://t.co/w7GTxQZ0,NEUTRAL
@Apple do not buy an iPhone 4s that isn't in the store. THEY ARE NOT MADE YET AND DEFRAUDING YOU,NEUTRAL
@Apple needs to give me a contract deal i get them new customers all the time #teamiphone,NEUTRAL
@HTC vs @Apple who winning,NEUTRAL
Steve Jobs Biopic Coming Soon - @Apple #Apple #SteveJobs http://t.co/DxZBa5bG,NEUTRAL
@Jhoodmartin @rolandsmartin yes salute to Steve Jobs and @apple. I'm tweeting and you are watching on the IPad. Let's go Schaub time to lead,NEUTRAL
"WOW DOGS!!

@Apple w/Starr earlier - upstairs in the huge soho store and all of a sudden she sprung to attention... http://t.co/b2PLMYVD",NEUTRAL
Digital X Worldwide | Today Is Steve Jobs Day In California @apple http://t.co/QSCHuMIN,NEUTRAL
Watching @cotmtulsa webcast on Joseph  from my iPad on my @apple TV. I love technology. http://t.co/mpBZyl72,NEUTRAL
"Comparing the @apple & @BlackBerry apps/interfaces, can anyone imagine how @BlackBerry could have done worse? #sadreally",NEUTRAL
Waiting patiently for me at the @apple store. @Badog420 http://t.co/NaFaeXuh,NEUTRAL
@fundingroadmap @apple also knowing that this is no ending http://t.co/q08cBcuE,NEUTRAL
Siri wasn't able to help me find the g-spot....bush league @apple,NEUTRAL
@Apple MacBook Air.. satiliktir.,NEUTRAL
"RT @Porter_Anderson: ""3 principal global players will be active in every market...@Amazon, @Apple, & @Kobo."" #fbf11 #publaunch @MikeShat ...",NEUTRAL
@apple http://t.co/2YcsCG68 via @donorschoose,NEUTRAL
I just told my @apple 4S she was a stupid bitch and her reply was if you insist #lol,NEUTRAL
Why can't I check just Notes (without mail) on Lion for #iCloud like I do on the iOS devices @apple ?,NEUTRAL
You need to ask #Siri her favorite color and the average speed of an unladen swallow. Seems Someone @apple is a Monty python fan,NEUTRAL
"""3 principal global players will be active in every market...@Amazon, @Apple, & @Kobo."" #fbf11 #publaunch @MikeShatzkin http://t.co/1ndxcMO1",NEUTRAL
"If I was @Apple, I'd publicly denounce and file suit against @Nuance. Then buy 'em on the cheap. #Siri",NEUTRAL
"@NoVaTyler I lost a lot that I paid for @apple @WordsWFriends etc! #nothappy oh well, poop happens",NEUTRAL
The folks at @apple are awesome! So glad I a #mactard,NEUTRAL
"Waiting at end of 20 person line after checking in on time for my ""genius bar"" appt. @apple store...I do not find this system ""genius"" #FAIL",NEUTRAL
"While the improvements in @Apple Mac OS 10.7 #Lion are great, the full-screen implementation on 2 monitors is broken.",NEUTRAL
@mcp111 @apple @AppStore Why are you asking us? Apple don't read messages on Twitter... and Apple aren't @Apple either,NEUTRAL
@nansen @apple I have not heard of that. Hubby had no problems- I have not done it yet.,NEUTRAL
"RT @TerryStorch: With @twitter and @apple partnership, would be great if SMS from 40404 to iOS devices would use imessage.",NEUTRAL
Dear @apple can I still use #iWeb for my #mobileme website if I convert to iCloud with my Apple ID for mail and iCal??? #help #dtv thanks!,NEUTRAL
#California Governor @JerryBrown declares today #SteveJobsDay in his State. Music video tribute  http://t.co/mNr1HIx2 @mashable @cnet @apple,NEUTRAL
Lmao RT @RobynheaRtz: He asked Siri where's the hoes at & she told him where the nearest escorts were I love @apple,NEUTRAL
"@Apple, why do you have such a beef with @Windows?  #cantwealljustgetalong",NEUTRAL
He asked Siri where's the hoes at & she told him where the nearest escorts were I love @apple,NEUTRAL
What's up #twitpeeps? How's every @apple user liking iOS 5?,NEUTRAL
"“@42Hermy: @Reddclay81 now that were done prasing @Apple 's #iOS5

Everyone go subscribe to notsosuperpro! #shamlessselfpromotion”",NEUTRAL
"RT @42Hermy: @Reddclay81 now that were done prasing @Apple 's #iOS5

Everyone go subscribe to notsosuperpro! #shamlessselfpromotion",NEUTRAL
"@Reddclay81 now that were done prasing @Apple 's #iOS5

Everyone go subscribe to notsosuperpro! #shamlessselfpromotion",NEUTRAL
"on that @Apple shit hard, change my twitter name to @_iFynest",NEUTRAL
I want Siri on my iPhone4 ! @apple,NEUTRAL
"So @apple the new iMessage is great and all, but is there a way to default to SMS when I'm not on wifi? I have limited data.",NEUTRAL
Right. Migrate from older mbp to imac using ethernet not firewire. Thanks Drew for saving me some $. @apple http://t.co/IAHHaGXy,NEUTRAL
"Dear @apple, yesterday you sucked. Today you're awesome! Thanks LP Apple store, crash and burn mich ave store.",NEUTRAL
@apple store #Towson waiting at Genius bar - huge crowd waiting for #iPhone 4s @michaelmark @nicolelil http://t.co/x92sweCh,NEUTRAL
@Apple's Steve Jobs Gets His Day | PCWorld http://t.co/6gT6w2Od,NEUTRAL
Back to the Future 2 where @Apple didn't even have IPhone,NEUTRAL
Why didn't @Apple merge the address and search bars in Safari ala Crome in iOS 5? #simplethings,NEUTRAL
"@reddclay81 Well then!

P.S. Did you respond so fast because of @Apple 's #iOS5 ?",NEUTRAL
"@adityasood @apple @Quora I totally agree, was talking w/friends about that yesterday. Siri Everywhere!",NEUTRAL
How much do @Apple’s factories cost? | asymco http://t.co/GH0tvqMO,NEUTRAL
@Apple hits @Samsung in court again - http://t.co/l6brF3yB,NEUTRAL
"@Mvm549 well, if it told you what you did to it or how it happened, it would be concrete evidence that @Apple is logging your life. :l",NEUTRAL
U pick Camera&Iphone4s orCamera&Ipad2?????????????? @apple,NEUTRAL
"@Apple, Y U NO LET ME PRE-ORDER IPHONE 4S?",NEUTRAL
@Blogger loves @Apple iPhone. My blogpost finally done through iPhone apps.,NEUTRAL
Can someone explain to me how the hell iMessage differs from a text message? @Apple #fb,NEUTRAL
Can someone explain to me how the hell iMessage differs from a text message? @Apple,NEUTRAL
"@Apple, feel free to accidently ship me a new iPhone 4s #nobigdeal",NEUTRAL
@Apple  I asked Siri 'if she swallowed' she relied 'Lets see' - wtf do i do now? wank over my phone?,NEUTRAL
"#Win an @Apple iPod Touch from @Mommy_gaga, get the @Pampers Hello World Baby Memories App! http://t.co/8MaDmqPc #PampersHelloApps",NEUTRAL
@apple How much is the student discount on the MacBook Air in Canada? Your reps have said both $50 and $100. Which is it? Thanks! #laptop,NEUTRAL
@apple @AppStore @ihelpline when r u going to provide the ability to password protect iPad email???,NEUTRAL
has the new iOS5 changed the way the iPad charges? I've noticed I can charge from my laptop & iPhone charger now @toptweets @BBCClick @apple,NEUTRAL
You know what would be awesome? If @QVC sold @apple iPads on easy pay. #yesplease,NEUTRAL
Thanks @apple my girlfriend likes #siri more than me now.,NEUTRAL
"@Apple store dude ""i hear an accent where ru from?"" me ""no from ct, but ur not 1st 2 tell me that"" dude ""maybe its... http://t.co/93Ztje8p",NEUTRAL
SpeechTrans http://t.co/TW3SzX61 on @Apple App store listed as the #best bi-directional #Speech To Speech #Translator -- Posts on Twitter,NEUTRAL
@CoLDSToRAGE Haven't had a chance to check out the #android overhaul but ebooks are likely a response to @apple newsstand baked into #iOS5,NEUTRAL
@apple no Siri support for Canada sucks #Siri but loving the new iPhone upgrade from my 3GS #iphone4s,NEUTRAL
Awesome documentary about how apple was created.. #stevejobs #apple @apple http://t.co/Qetk8ds2,NEUTRAL
Oops! Apparently @apple is some handle-squatter. Tweetbarassment.,NEUTRAL
This video brought a small tear to my eye http://t.co/3va2ninp. Watch to @SteveWoz opinion of #SteveJobs and @Apple,NEUTRAL
this reader button for safari is perfect for fic @apple #ios5 #stevejobsday,NEUTRAL
"MacBook Pros constrained, new models appear in Apple’s inventory system @apple @macbookpro... http://t.co/blGr9Ue5",NEUTRAL
A Great iPhone 4S Review @engadget @iphone @apple http://t.co/gX07Qywe,NEUTRAL
@apple Give Siri back!,NEUTRAL
@Apple has lunched its new OS: iSO 5,NEUTRAL
Bouquet for Jobs @Apple Store Nagoya http://t.co/pmEcxPug,NEUTRAL
"New #iOS5 notification center is a big improvement, but @apple missed an easy trick by not making it fully available on lock screen.",NEUTRAL
@apple http://t.co/LKm2JzIN,NEUTRAL
The battle of voice controlled AI platforms. If they were mobile OS ind - same q's as in IE antitrust case in EU? Vlingo v @google v @apple,NEUTRAL
SpeechTrans http://t.co/TW3SzX61 on @Apple App store listed as the #best bi-directional #Speech To Speech #Translator - Posts on Twitter,NEUTRAL
"#Win an @Apple iPod Touch from @Mommy_gaga, get the @Pampers Hello World Baby Memories App! http://t.co/gIHYpzWO #PampersHelloApps",NEUTRAL
"Or hide it.. RT @LucasBlack: Dear @Apple.Re: Newsstand. Don't advertise magazines for free:they're NOT free.Also,allow us to remove the app.",NEUTRAL
"#Win an @Apple iPod Touch from @Mommy_gaga, get the @Pampers Hello World Baby Memories App! http://t.co/fnbKNwmj #PampersHelloApps Ends10/21",NEUTRAL
"@Mommy_gaga  #Win an @Apple iPod Touch @Mommy_gaga, get the @Pampers Hello World Baby Memories App! http://t.co/qEATNMpI #PampersHelloApps",NEUTRAL
I have to change my homepage from @apple.  Steve Jobs looks like an owl,NEUTRAL
@msantram I want @apple to integrate Siri with @Quora.,NEUTRAL
@MisThang2u nope they wouldn't even let me & my mom switch @apple she has an upgrade mine isn't do til march,NEUTRAL
"@Apple iOS5 is all well and good and has nice new features, but I'm still waiting on an app that will go to work for me.",NEUTRAL
"As tribute to Steve @apple, i'd consider renaming #Siri to Steve - he'll get your #Jobs done!  Forever remembered for his legacy.",NEUTRAL
can't wait for @Spotify and @Apple to integrate with Siri.,NEUTRAL
@rjpittman Why you won't use your @apple account.,NEUTRAL
I hope @apple will release an app for Siri for us non-apple 4s users. #apple #iphone #siri,NEUTRAL
"strange, i cannot put my newsstand app into any group. @apple wants to be our new paperboy #iOS #iphone",NEUTRAL
"In case you were curious like me.... IPhone 4S: Which Apple #iPhone is Best for Price, Features? http://t.co/d1LonCzc @Apple #HealthIT #EHR",NEUTRAL
Lemme just say iOS5 is mad cool BUT it needs A LOT of bug fixes @Apple,NEUTRAL
"I don't get it. Instead of @apple dropping the 16GB iPhone 4 down to $99, they release an 8GB one for $99???",NEUTRAL
Dear @Apple iMessage client for desktop please :),NEUTRAL
"#Siri is kinda slow, tho impressed it got my accent and commands first time out. @apple",NEUTRAL
Why doesn't the Genius have songs for Watch the Throne yet? HUH? @APPLE ?????,NEUTRAL
"""#Win an @Apple iPod Touch from @Mommy_gaga, get the @Pampers Hello World Baby Memories App! http://t.co/eYLm3pav #PampersHelloApps""",NEUTRAL
SpeechTrans http://t.co/TW3SzX61 on @Apple App store listed as the #best bi-directional #Speech To Speech #Translator ---- Posts on Twitter,NEUTRAL
@Blackberry -vs- @Apple iPhone?,NEUTRAL
At @Apple HQ,NEUTRAL
Our trip to SF and Silicon Valley is about to end. Visit @Apple HQ is one of the final stops. http://t.co/ikoOqdoc,NEUTRAL
"#iPhone4S in #Space http://t.co/glOaXhLe via @youtube

#nasa @apple",NEUTRAL
"RT @stalkertard: hey @apple, how about if IPhone4S = ""IPhone 4 Steve"" and you donate a small portion of the proceeds towards cancer rese ...",NEUTRAL
"""#Win an @Apple iPod Touch from @Mommy_gaga, get the @Pampers Hello World Baby Memories App! http://t.co/DLLabuAK #PampersHelloApps""",NEUTRAL
Do wish @hudl would come up with a native @apple Mac version of their video editor especially with HD video.  But love everything @hudl,NEUTRAL
@_courtneytaylor @apple did you get a 4S?,NEUTRAL
@apple should make Siri avalible for all devices not exclusive to the iPhone 4S,NEUTRAL
Still a line @apple store Hillsdale mall #94402 http://t.co/wzVxNz8E,NEUTRAL
@apple http://t.co/awASwV5u,NEUTRAL
@Apple Why do you have a volume control in the fast app switcher!? Buttons. Volume buttons. You have them. Give me a brightness slider! #wtf,NEUTRAL
Proof that my dad loves my sis more. RT @AnnaCorinne16 woke up to my dad at my door w my new iphone. he surprised me & went to @apple!,NEUTRAL
@apple iphone 4s arrival on Tuesday!! #iPhone4S,NEUTRAL
Too many iPhones.  @apple @dcoult #FirstWorldProblems http://t.co/Ck4yfFSY,NEUTRAL
"Dear @apple, as a hoh/deaf user, can you please add options for stronger and longer vibrate for #iphone4s ? Thank you! #hoh #deaf #ally",NEUTRAL
At the Genius Bar... Waiting @apple store,NEUTRAL
"no kidding “@thejabberwockey: Also @EricGreenspan, don't forget @Apple stop closing the app store after each bloody purchase...”",NEUTRAL
"So, what is behind that giant silver door at the @apple store? #MacLife",NEUTRAL
@robcollingridge @Apple @Google and with a URL that works http://t.co/vGSf529q,NEUTRAL
"@robcollingridge @Apple @Google Been looking at Samsung ChatON tonight, very promising. Integrated with key apps http://t.co/DZsGPhqt",NEUTRAL
"@thejcurt unlocking it at @apple store. RIP, Mr. Jobs.",NEUTRAL
"Siri is cool but more importantly handy and FUNNY. @Apple please configure it for Canada. What's with the racism, EH?",NEUTRAL
"RT @Apple Yea, our stores are open 7 days a week RT @Wasalu_Flora Me too? RT @DJ_BMONEY iPad ..+ iPhone 4s..= My Christmas gifts to my self.",NEUTRAL
#IOS5  needed to include a landscape mode for reminders @Apple,NEUTRAL
"De la nada mi #iPhone4 se fue a negro y empezó a vibrar, hubo que resetearlo, que onda con #iOS5 WTFH @Apple",NEUTRAL
http://t.co/CvEKdOIQ line at @Apple northpark #dallas mall. #4GSiPhone,NEUTRAL
@davidcohen Sounds like 2nd day strategy isn't working. We got ours yesterday - in and out in no time. @Apple staff awesome/efficient!,NEUTRAL
"@sprint is slow, slow, slow. beware when signing with #SlowSprint. @apple #iphone #iphone4 #iphone4s #Siri #android #TheBufferingNetwork",NEUTRAL
Waiting on line @Apple store at west 14th Street.,NEUTRAL
In honor of Steve Jobs. @apple #RIPSteve http://t.co/NyjhkNoU,NEUTRAL
when is @apple gonna update the fact that i can't see emoji on twitter for mac?,NEUTRAL
RT @ajrogers Purdie Rogers tribute to #SteveJobs and @apple. We spray painted the Macintosh Plus w.. http://t.co/AlDicTd1,NEUTRAL
RT @ajrogers Purdie Rogers tribute to #SteveJobs and @apple. We spray painted the Macintosh Plus w.. http://t.co/oMXjhZh0,NEUTRAL
@apple so why is the ios support for 2nd gen ipods discontinued? It is only 3 years old? Give us an ios update please!,NEUTRAL
"Just had a look on eBay for iPhone 4s and some have 13,16,24 bids at well over £500 some £530 (16gb white) , they are £499 delivered @apple",NEUTRAL
#SaturdayCute: Shit That #Siri Says. @Apple designers knew what people were going to ask the new digital assistant... http://t.co/Ecji1iIo,NEUTRAL
"@thatstevegray done that buddy, just  surprised that there's no option from @apple & if you turn it back on it brings back the pics u delete",NEUTRAL
SpeechTrans http://t.co/TW3SzX61 on @Apple App store listed as the #best bi-directional #Speech To Speech #Translator --- Posts on Twitter,NEUTRAL
So @apple changed the look of their on/off toggle. I wonder how long it will take for all the hip web apps to follow...,NEUTRAL
I want everybody on earth to iMessage me.  Is there anyway the world can iMessage me without giving them my phone number??? @Apple,NEUTRAL
"RT @MyMelange: Wall to wall people, security and a huge line outside just to get in the @Apple store.  http://t.co/i1khkgJm",NEUTRAL
Whoa! Line at @apple store in Glendale for iPhone 4S  http://t.co/yZlpogXB,NEUTRAL
Follow me and I follow you!! @iOS5 @fansoflilwayne @follow @apple,NEUTRAL
"Salesperson at #soho @Apple store ""it doesn't matter how many people are lined up out front. They're not gonna get one"" #iphone4s",NEUTRAL
@apple and I'm looking at the outside & all you see is sticky notes about steve jobs,NEUTRAL
@samsung and @apple never rest as they battle in court yet again over tablets.(not the pills),NEUTRAL
Iphone update is great but seriously @apple let me delete stuff I dont want like gamecenter. Steve wont mind...,NEUTRAL
@rjakesuk mine is past the warranty and I don't have AppleCare. #ios5 @apple,NEUTRAL
If @Apple could put the USB female connector in cars would be #Dope,NEUTRAL
What do we have to do to get Flash on #iPad? @Apple please please please change your mind. Thank you in advance! @kusi_sk  @PeterNemcok,NEUTRAL
@ireton Perhaps it's time for @Apple to come out with an app called iSuck that lets you know which apps are killing your battery life,NEUTRAL
20 min line @apple store @short pump.,NEUTRAL
Lol @Apple support playing Mary J Blige during the wait time.,NEUTRAL
"RT @TheMacMob: Sprint, Verizon & AT&T @Apple Stores http://t.co/ZOzR0UUz",NEUTRAL
@xwordy iCloud was new; I didn't need weather or stocks but they were there pre #ios5 so I'm not hopeful that this will help @apple,NEUTRAL
"Thinking more, I want Android to do an iMessage service & for @Google & @Apple to interconnect. They would if the cared about their users.",NEUTRAL
@apple in Austin:  domain location - umbrellas are nice but being staffed properly would be better.,NEUTRAL
bored - need a new intriguing #app for my #iPad.  Any suggestions?  @apple #yyc @Gadget_Guy,NEUTRAL
"@KeepnUpWitTBoyd @AppStore @iTunesMusic they fixed a bug Thursday after I had done my update? Thus my issue, spent Fri @apple  #iOS5",NEUTRAL
"And @Apple I still have an old MBP from 2006 which I use - which can't run #Lion, I still like to sync it!",NEUTRAL
"@moLifer26 @apple When we find people standing in the middle of blood-soaked rooms saying, ""Siri told me to?"" #noreallyihearvoices",NEUTRAL
"...now with Siri were talking to our iPhones... how will we ever know if people are really truly crazy? :P 
#iphone4s #Siri #apple @apple",NEUTRAL
@notleifgarrett @apple you'll be able to afford that mansion one day.,NEUTRAL
"@fabi_m not that I know of. I think it is only on iOS, should get @apple to make a desktop app :)",NEUTRAL
"@notleifgarrett @apple wished their on hold music played ""Pictures of You"".",NEUTRAL
@RealEstateGuyWI All about yesterday's @Apple upgrade. Helpful but maddening,NEUTRAL
"after being on hold with @apple for the last 30 mins, i really like their music selection of on-hold music. White Stripes, Ray Lamontagne...",NEUTRAL
"""#Win an @Apple iPod Touch from @Mommy_gaga, get the @Pampers Hello World Baby Memories App! http://t.co/g8Uof7uz #PampersHelloApps""",NEUTRAL
"@vlingo is a POOR substitute for Siri!! Yo @APPLE, gimmie Siri!!!!",NEUTRAL
@Apple Scrapple. (:,NEUTRAL
@tvnewschick @apple Oh no! Why not?! I want it to be love-love-love! It's a lot of dough to spend otherwise...,NEUTRAL
One of the great #entrepreneurs has died. #Steve #Jobs has passed away. Our hearts go out to his family and everyone at @Apple,NEUTRAL
@fashionNOGuilt haha! tomorrow should be less hectic too! 'cause everyone and their moms was at the @apple store today! ;],NEUTRAL
"Casi 30 años usando PC, de ellos casi 4 Mac y tengo q decir que el Macbook Air 11"" de @apple es de largo lo mejor. No imagino como mejorarlo",NEUTRAL
Ud alguna vez ha llamado al servicio de @apple support? Se nota!! Con razon le gusta apple : @,NEUTRAL
@waze_it @macneo Bellissimo video. Sono sempre più convinto di prendere un @Apple iPhone e gettare via il @Nokia N97 che mi ritrovo.,NEUTRAL
"ipad: ""mi aparato favorito de la vida"" frase celebre de Azay Carrasco @apple #ipad",NEUTRAL
Cenaze nedeniyle kapalıyız' @apple  http://t.co/j4L892Kk,NEUTRAL
Dancing bear @apple store Lincoln center http://t.co/XBmjUpMq,NEUTRAL
#BlackBerry #RIM esta tratando de abarcar el mercado imitando a android y en ciertas cosas a @Apple pero sinceramente no creo que llegue :),NEUTRAL
iPhoneのアドレスは@apple.ne.jpにすればいいのに(´ι_`),NEUTRAL
sail phoenix next stop----&gt; after quimera rock @apple house,NEUTRAL
che palle sto cacchio di #WP7 di merda con un #Whatsapp che funziona di cacca per colpa del sistema di #notifica! @apple send me an #iphone,NEUTRAL
"Twitter intègré dans ios5, mais le correcteur français ne connaît pas ce mot et propose titrer... Peut mieux faire comme intégration @Apple",NEUTRAL
Chill lol RT @apple: 😂😂😂😂😂😂😂😂 RT @Styl_Standin: What is imessage??,NEUTRAL
@LennyDubz you do know that @apple is not the company. and why u blasting me on #twitter???,NEUTRAL
@bassponton @iphoneclub @kpn @iphone @apple ja. En dan heb je voor dat geld ook nog een datalimiet....,NEUTRAL
Y sigue sin avisarme cuando me mencionan en Twitter... #pidounparche #actualizenlaapp @apple @steve_jobs #mugrero,NEUTRAL
Kan @Samsung och @Apple sluta slåss om kunderna i rättssalen och med världens bästa produkter istället så blir det mycket bättre!,NEUTRAL
"Y @Apple? ""@BlackberryVzla: RIM anuncia más de 150 millones de dispositivos Vendidos, 1 Billón de Apps Descargadas ymás http://t.co/5IFKXvg4",NEUTRAL
Wat een belachelijke prijzen KPN-prijzen iPhone 4S duiken op http://t.co/ep9kZUPb via @iPhoneclub @kpn @iphone @apple,NEUTRAL
Fullscreen überall nur der #AppStore hat keine Option dafür. Warum? @apple,NEUTRAL
Love how  @rogersbiz tell u they're not allowed to sell the 4s for $ more than @Apple but yet want $100 more for the 64G,NEUTRAL
Me acabo de convertir en un #fanboy de @apple. El ipad2 con el cristal roto y me lo cambian aunque no lo cubre la garantía. Increíble!,NEUTRAL
@apple bees w. @DEEJAY_TINYT :),NEUTRAL
Complimenti sinceri ad @apple per #IOS5 va benissimo su #iPhone e #iPad,NEUTRAL
"RT @supaluga: RT @modalnho: New mov: ""ショウケース@apple store 銀座"" 記録 / starring:ichiro_, REPEAT PATTERN, moda → http://t.co/u82a1Ivk",NEUTRAL
Apple vende 4 millones de iPhone 4S en tres días http://t.co/FH5T5Mi6 #turismo #martesviajero @apple,NEUTRAL
Mooi verhaal over @Dropbox en hoe zij een geweldig aanbod van @apple Steve Jobs hebben geweigerd in het verleden. http://t.co/eARoBIne!,NEUTRAL
@imightbewrong @apple @inthequeencity #teamapple,NEUTRAL
"RT @modalnho: New mov: ""ショウケース@apple store 銀座"" 記録 / starring:ichiro_, REPEAT PATTERN, moda → http://t.co/u82a1Ivk",NEUTRAL
Verzoek aan @apple voor iphone: koppel agenda aan bellen. Zo kun je in afspraak opgeslagen telnummer meteen aantikken en bellen. #thnx,NEUTRAL
cc @apple http://t.co/8TnodVS8,NEUTRAL
"さっきスパルガ先生とラーメン屋でmodaについて語っていた@modalnho""ショウケース@apple store 銀座"" 記録 / starring:ichiro_,REPEAT PATTERN,COFFEE SHOPS,moda → http://t.co/zbI6rZ5s",NEUTRAL
En @Apple mucho diseño pero llevo media hora esperando a mi clase que poca formalidad,NEUTRAL
"So ya my ITunes is in Japanese???
@apple
#lostasamothafucka",NEUTRAL
"おっとー、出演者ショップスが抜けてた! -- New mov: ""ショウケース@apple store 銀座"" 記録 / starring:ichiro_,REPEAT PATTERN,COFFEE SHOPS,moda → http://t.co/kmJ0o1Ja",NEUTRAL
@Apple -Handy: @iPhone -4S-Besitzer schimpfen über Netzprobleme -  http://t.co/abHuRvyc,NEUTRAL
@Apple erneut im Fadenkreuz - Umweltverschmutzung? @Apple -Zulieferer muss Produktion stoppen  http://t.co/aH9KgrLY,NEUTRAL
"RT @modalnho: New mov: ""ショウケース@apple store 銀座"" 記録 / starring:ichiro_, REPEAT PATTERN, moda → http://t.co/kmJ0o1Ja",NEUTRAL
iPadのビジネス活用セミナー@Appleストア銀座なう。イシン（株）の高木さんを見にきたよ。,NEUTRAL
"New mov: ""ショウケース@apple store 銀座"" 記録 / starring:ichiro_, REPEAT PATTERN, moda → http://t.co/kmJ0o1Ja",NEUTRAL
@GuySie Heb je gisteren Tros Radar gezien over Apple. Garantie werd niet nagekomen door @Apple en devices zeer snel kapot.,NEUTRAL
@Notre4Dame @apple haha no fuck that its still took sux and a half hours and i have to be up at 7,NEUTRAL
RT @aranzibia: Las aplicaciones más populares para iPhone (vía AppleWeblog) http://t.co/m68Tzn1K #iphone @apple,NEUTRAL
Las aplicaciones más populares para iPhone (vía AppleWeblog) http://t.co/m68Tzn1K #iphone @apple,NEUTRAL
#iOS5 op iPad 2 geïnstalleerd. Tijdrovend en bepaald niet probleemloos. @Apple gaat meer en meer de #Windows kant op. ;-(,NEUTRAL
"@Twitter CEO @DickC on @Apple, Privacy, Free Speech and @Google; Far From IPO http://t.co/ztq9Sx7x",NEUTRAL
@Karofsky @Apple  how's that pear coming? oops i mmeant apple!,NEUTRAL
"Por cierto @Apple, me sigue gustando mas MobileMe que iCloud. La sincronización de mis ordenadores, la gestión de carpetas... nada que ver.",NEUTRAL
"Welp. RT @Tree @Apple you didn't fall too far from me, huh? RT @NikkiNotNiki Nia Long's mom is gorgeous..",NEUTRAL
"جهاز من كل ثلاثه تحمل iOS 5
""@TechCrunch: iOS 5 Already Installed On 1 In 3 Eligible Devices http://t.co/2Hijv2LK by @grg"" @apple @ios5",NEUTRAL
"@Apple Mooi systeem hoor dat films huren, t zou alleen leuker zijn als je ze ook werkelijk kan bekijken!!! #NAAIDOZEN http://t.co/Qg0RYdVX",NEUTRAL
"@Apple podría lanzar un #iPad Mini en el 2012, según los últimos rumores. http://t.co/3mkPJTFX",NEUTRAL
Viens de tester #ios5 sur un 3GS et franchement c'est pas mal du tout ! @apple,NEUTRAL
"http://t.co/k8RQwXty 
para que descargues apps para tu dispositivo #iOS de @Apple.",NEUTRAL
"Por fin Adobe para #iOS, al parecer @Apple se reconcilia en esta nueva gestión.",NEUTRAL
Lekkere garantie volgens #radar bij @apple. #Ned1,NEUTRAL
RT @IsmaelLaRosa: En la tienda de @Apple WoooooW Que legado dejaste #SteveJobs iAdmire U. Está Repletoooo iFull LOL,NEUTRAL
En la tienda de @Apple WoooooW Que legado dejaste #SteveJobs iAdmire U. Está Repletoooo iFull LOL,NEUTRAL
"querida @apple, até quando o steve vai ficar na sua pagina inicial?",NEUTRAL
"@MissHell23 Umm, pretty sure I typed @Apple, not you, but okies, why'd you do it, then? *grin*",NEUTRAL
Contra todo pronóstico @Samsung podría ser el fabricante del #chipA6 para @Apple http://t.co/6utPqa5w,NEUTRAL
Perry ricks @Apple @Lenox http://t.co/9kYgOvB1,NEUTRAL
@pnt21 ドンマイー@(・●・)@Apple社保証薄いから気をつけてね,NEUTRAL
Descuentos y offertas para applicaciones de @apple http://t.co/8VNd57qk #mobil,NEUTRAL
"#MobileMe, #iCloud, #AppleID... cómo sobrevivir a la transición de las cuentas de @Apple http://t.co/3lMPiCjK",NEUTRAL
@Bonita1108 es pura envidia xq @Apple no te ha regalado nada con o sin fallas #VivaBlackBerry,NEUTRAL
"RT @mpastrana: RT @apple no pasa nada, todo esta bien, no pasa nada, todo esta en orden http://t.co/zwECWhD",NEUTRAL
Se tan arruinando mis audifonos d mi #iphone @apple quien me quiere regalar unos? http://t.co/56eeE9uY,NEUTRAL
Asi o mas mala la #version5.0 de @apple...,NEUTRAL
@macworld_brasil vcs conseguiram fazer funcionar o find my Mac? O meu sempre pede para reportar o erro a @Apple !,NEUTRAL
&gt; 4 mln iPhones verkocht in eerste weekend: http://t.co/1pPZz1oX (via @apple),NEUTRAL
&gt; 4 mln iPhones verkocht in eerste weekend: http://t.co/OP26muCr (via @apple),NEUTRAL
"Curso de DJ na @apple em breve, informaçoes 30114020 ou 91287199
msn: dj_sandrocosta@hotmail.com
@djtetekerbes",NEUTRAL
@dgosset @lolopb oh putain… j'ai vidé mon spam il y a peu… Le mail de applecert@apple.com est dans ce qu'il reste…,NEUTRAL
RT @BikerVox: http://t.co/EVItL2eO @KentStoffels @MArioMUssolini @iOS_Notch @Apple,NEUTRAL
http://t.co/EVItL2eO @KentStoffels @MArioMUssolini @iOS_Notch @Apple,NEUTRAL
¿Quién dijo crisis? @Apple ha vendido 4 millones de unidades del #iPhone4S en sólo tres días,NEUTRAL
Resultado de ventas de @apple 4millones de #iPhone4s vendidos,NEUTRAL
@hervepierre mdr! ouais une mauvaise expérience avec les vendeurs @Apple store m'a fait hair l'iphone ;),NEUTRAL
"bagi yg acc USnya di disabled sama apple,email aja itunes store supportnya minta di re enabled lagi
iTunesStoreSupport@apple.com",NEUTRAL
"Pederčine umobolne, oću APDEJT ne FORMAT SVEGA ISUS VAM JEBO MATER @apple",NEUTRAL
O poder de #pensardiferente: a mágica de #SteveJobs foi transformar egomania e obsessão em trunfos http://t.co/qkUoeEzv @apple @ipad @ipod,NEUTRAL
講習中@apple shop GINZA,NEUTRAL
"#epicfail @apple bij upgraden naar IOS5 instellingen kwijt en ebooks verloren. het kost me dus geld zo'n upgrade, WAARDELOOS!",NEUTRAL
"Hey @apple , je sais que tu es encore un peu remué, mais tu pourrais ajouter le verbe avoir à ton dictionnaire ?",NEUTRAL
@chachasikes @iphone @apple on the iphone4s???,NEUTRAL
@ferchowii @Adr_Mart_Com @Apple no tengo,NEUTRAL
追悼ジョブズ氏…@Apple Store#fb  http://t.co/V07PBNdP,NEUTRAL
^___^ que amable es la gente de @apple,NEUTRAL
Como puedo checar mi correo si tengo cuenta @apple.com?? :S osea no q onda con eso!! jajaja,NEUTRAL
RT @Leahjanell: This Moment w/ @Shyah & @DianiGroves is brought to you by @NBA @Apple @Riesling oh and http://t.co/Dp4XiDs2,NEUTRAL
This Moment w/ @Shyah & @DianiGroves is brought to you by @NBA @Apple @Riesling oh and http://t.co/tmQ50JRU,NEUTRAL
Partner with @apple. I&#39;d pay $50 for aniBulb. &quot;@washingtonpost: Would you pay $25 for this lightbulb? http://t.co/zGFsehAO&quot;,NEUTRAL
todos quieren destruir a @blackberryhelp ves que estas en la mala @sebitasrodri mira que @apple ya tiene chat,NEUTRAL
@chefreggie06 @rolandsmartin @Apple get ready Tampa Bay the Martin's are coming to town! Bring it on Buccaneers!,NEUTRAL
@heidiknyc @apple @Badog420 Cute dinner when ur back from shanghai xx,NEUTRAL
@apple - dette blir for dumt. http://t.co/zqKMkq91,NEUTRAL
ninguem desliga o 3g do celular -.- “@giuchavez: Olha aqui @apple: na proxima atualizaçao eu quero um atalho pra ligar/desligar a 3g Ok ...,NEUTRAL
Teach Different: iTeach Therefore iAm http://t.co/yozd8HCx @apple @teachforus @teachforamerica #ipad #stevejobs,NEUTRAL
@Apple et je devrais arrêter de vous glorifier et ça c'est pas cool...,NEUTRAL
yo @Apple va falloir faire quelque chose pour l'app vidéo. Le fait de pas pouvoir laisser la vidéo jouer en faisant autre chose &lt;  diarrhée.,NEUTRAL
Quiero migrar @Apple!,NEUTRAL
O #itunes acaba de me avisar q esta disponível a versão 5 pra atualizar meu #Iphone 4. Como não cair de amores pela @apple e #SteveJobs ?!!,NEUTRAL
@apple pratet om en versjon av iPod touch til barn. De ombestemte seg da tittelen nærmet seg #iTouch Kids.,NEUTRAL
"Olha aqui @apple: na proxima atualizaçao eu quero um atalho pra ligar/desligar a 3g Ok ? Aff fazem tudo pela metade !!! Steve,da um jeito ai",NEUTRAL
interesante por decirlo menos sabes que la cámara del #iphone4s le pertenece a #sony ... mmm ojalá ande bien y no sea mala jugada de @apple,NEUTRAL
"Oja, ik ben gelijk al mijn apps kwijt bedankt @apple .",NEUTRAL
#Deal & #Schnäppchen Update: [iPad] iPad 1. Generation generalüberholt ab 389 € @Apple - http://t.co/xDtdZurD,NEUTRAL
@ChArEnCe RaMoS @apple jane @heiMachO @tintin_Julielmo new followers..:) na follow back ko na po kayo..:),NEUTRAL
[iPad] iPad 1. Generation generalüberholt ab 389 € @Apple: Der Tablet von Apple bleibt weiterhin recht preisstab... http://t.co/h8ANhAVu,NEUTRAL
Kan @Apple de #tekstaanvulling op #iphone en #ipad niet omdraaien? #eigenteksteerst #weetapplehetaltijdbeter,NEUTRAL
[iPad] iPad 1. Generation generalüberholt ab 389 € @Apple http://t.co/tOv1xKQ8,NEUTRAL
@HAZI クック@apple.com？,NEUTRAL
@Le_M_Poireau Mais moi je voudrais pas que @apple donne mon fichier @LaLibreBe. Marre d'être spammée par les journaux désespérés.,NEUTRAL
O #piratasdainformatica só não disse se o Bill Gates tbm é dono da @Apple,NEUTRAL
"Né @Apple, vai trabalhar no iPhone5",NEUTRAL
I guess I should go @hublot @apple and @ZegnaOfficial shopping next week. Birthdays only come once a year! Lol,NEUTRAL
ASSISTINDO O FILME CHAPA!! PIRATAS DA INFORMÁTICA  ESSE FILME E FODA VIVA @APPLE,NEUTRAL
Un abrazo a tod@s desde el @Apple Store en #NewYork. Es un honor sumarse a la gente que honra la memora y el #genio de #SteveJobs.,NEUTRAL
iphone行列並んだー@apple store銀座 どのくらいかかるかね。16Gしかないそうです。,NEUTRAL
New Arrivals and 70 percent off Clearance of Matching G http://t.co/qQcwyl4b@Lds @Scriptures @Apple @E @Book,NEUTRAL
Today very cheap for Patio Furniture San Anton http://t.co/Sd3i1bjm@Plastic @Apple @Bags,NEUTRAL
Causando na loja da @apple,NEUTRAL
"Fico manso os preços desses IPHONEs,absurdos R$ 2.500! Assim não dá Fía @apple, Só se eu fizesse programa na Beira Mar :(",NEUTRAL
Find more the best Angel Christmas Tree O http://t.co/d5G1rY5d@Starfrit @Apple @Peeler,NEUTRAL
Find more the best Maytag Washer Control Board deal.Check pric http://t.co/SNdkAg3e@Best @Apple @Peeler,NEUTRAL
Find more the best Cyst On Knee deal.Check price of best Cyst On Knee and offers now. http://t.co/qzYnNuvI@Automatic @Apple,NEUTRAL
Do not check other site for Uhmw Conveyor.Now you go best site of Uhmw Conveyor. http://t.co/8RMV5D2q@9 @Pin @Cable @Apple,NEUTRAL
Do not check other site for Ed Hardy Black Long Sl http://t.co/hengQGqp@Unlocked @Apple @Touch @Phones,NEUTRAL
"RT @ThBenkoe: hey @apple! dass man selektiv keine einzelnen fotos (peinliche, überflüssige etc.) aus dem fotostream löschen kann, ist do ...",NEUTRAL
Esperaba mas de &quot;IOS 5&quot; @Apple,NEUTRAL
Hello you are find Mesh Jacket Motorcycle? Our site have more Mesh http://t.co/tYg4Ualc@Ace @Hardware @Apple @Pee,NEUTRAL
to reiniciando meu computador. ó as idéia @apple,NEUTRAL
@chriswglowe @apple @gadgetlab you can tell me tonight ;-) cracking open the vodka tonight if you fancy ?,NEUTRAL
Buy more products of Hemp Jewelry Instructions now.Free ship http://t.co/928bPS4t@Lehmans @Apple @Peeler,NEUTRAL
@rogriffo VC Viu ontem A @Apple Estava dando IPhone 3 No Site dos estados Unidos,NEUTRAL
Sabias que.... RT @MkDirecto Los usuarios del #iPad desayunan y cenan con la #tableta de @Apple: http://t.co/eYXCQQmK,NEUTRAL
Today very cheap for Hemp For Fuel.And Free shipping for Hemp For Fuel too. http://t.co/8gyJLbMW@Farberware @Apple @Peeler,NEUTRAL
Discount Hemp Knots today.Cheap price too.Save money for best Hemp Knots. http://t.co/9H3jopLq@Avanti @Apple @Peeler,NEUTRAL
Today very cheap for 2198597 Icemaker.And Free shipping for 2198597 Icemaker too. http://t.co/6CLkWAiO@French @Apple @Peeler,NEUTRAL
"Took me months to decide, but tonight I have chosen #google over Amazon S3 for image storage solution.",POSITIVE
RT @spacecanard Today's the Day. ICS &lt;3 #android #google #samsung,POSITIVE
"The new Nexus looks good! UI feel a bit confusing but I guess Android users are ok with that! Now, try it :) #Google #android #nexusprime",POSITIVE
Very nice trivia game by #Google. Helps you use their search better http://t.co/ikN087ZE,POSITIVE
Very nice trivia game by #Google. Helps you use their search better http://t.co/c5Tu3dZK #fb,POSITIVE
Cant build a website. Get a #Google website #Free ! http://t.co/7qUy4uOU,POSITIVE
#Android ICS is looking pretty good. Not quite sure if its worth the 4.0 numbering leap. #google,POSITIVE
@Tita_Ramos #Google it =),POSITIVE
RT @p1j Android 4.0 Ice Cream Sandwich is Here with a Google Nexus in new Avtar!   http://t.co/MTu7tGx7   #android #google #nexus #BigMAMA,POSITIVE
"Me too RT @MohamedG: Exciting day, It's Ice cream Sandwich day ;) #Google #Android",POSITIVE
WOW the new #Google #Nexus is just beautiful. totally gonna boost google's market share in the smart phone market.,POSITIVE
"hahaha integrated data usage manager... in sucha brilliant way, sleek design, superb and I'm only watching videos LOL #Google",POSITIVE
I fancy an Ice Cream Sandwich #google #android. Wonder it will works on my HTC Desire?,POSITIVE
"Google Ice Cream Sandwich - sounds yummy!  What do you think? http://t.co/gMsgXcq8
#google #Android #ice cream sandwich",POSITIVE
#Google Me!!!!!!!!,POSITIVE
"Exciting day, It's Ice cream Sandwich day ;) #Google #Android",POSITIVE
Android 4.0 Ice Cream Sandwich is Here with a Google Nexus in new Avtar!   http://t.co/mSWX6Eo6   #android #google #nexus #BigMAMA,POSITIVE
@Bla1ze I was referring to #Google & #Icecreamsandwich. It looks amazing. What imo android was missing. I ... http://t.co/rE4nLZgI,POSITIVE
http://t.co/QV4m1Un9 Forget the phone.. Nice UI. Liking the Scroll Feature #android #google #nexus,POSITIVE
Simply Amazing! http://t.co/9qmG3irA #Google #Samsung #Galaxy #Nexus #Prime #Android4 #IceCreamSandwich,POSITIVE
#Google has finally unveiled the much awaited #Android OS Ice Cream Sandwich & it sure looks good! http://t.co/sNL38EM1,POSITIVE
#google Finally!! All searches for logged in users will be on https! http://t.co/RaUeRrtF,POSITIVE
#RIM should really take an in debt look at #Google's strategy... They released the #NDK for #Icecreamsandwich 3 HOURS after release. #ics,POSITIVE
RT @vattam: Man! I've fallen in love with Galaxy Nexus! #google #samsung #galaxynexus #android,POSITIVE
When in doubt... #Google it!!!,POSITIVE
[GReader Share] Five Reasons Why Google is Winning the War in Photosharing  http://t.co/coQCLb9R - #photography #fotografia #google+,POSITIVE
"RT @Assim99: Dear #Google, I want the Galaxy Nexus NOW. Please send it to me by email or something - I know you have the technology",POSITIVE
RT @shagorikah: Telegraph reports that the biggest threat to #facebook is its power users have shifted to #twitter or #google+ http://t. ...,POSITIVE
Sorry #Apple #Google and #Samsung just made you look bad. #Android is king,POSITIVE
Telegraph reports that the biggest threat to #facebook is its power users have shifted to #twitter or #google+ http://t.co/JHdTYKCV,POSITIVE
#Facebook power users 'have gone to #Google+ and #Twitter' - Telegraph http://t.co/vwCiOv1f Who are they? #socialmedia,POSITIVE
"Not impressed much with the new Android update. But good signs: a readable font, emphasis on design, and less nerdiness. #google",POSITIVE
"Video: #Google wallet, see the wow effect http://t.co/mcW78VtG",POSITIVE
When I'm about to tweet something and I cant remember how to spell I go straight to #Google,POSITIVE
"Dear #Google, I want the Galaxy Nexus NOW. Please send it to me by email or something - I know you have the technology",POSITIVE
#GOOGLE #ANDROID 4.0 out ;-) Available with #SAMSUNG nexus!,POSITIVE
"Maybe not the most efficient way to browse, but fun: #Google releases an Infinite Digital Bookcase http://t.co/X1qzeX7f by @MeghanKel",POSITIVE
@jowyang it's difficult to pass up #google+ considering the social seo benefits of google+ vs facebook,POSITIVE
Ice Cream Sandwich to stop carriers bullying smartphone users #google #android http://t.co/BZNy74Nn,POSITIVE
"I agree with @wellis68 that the ""Hangouts"" on #Google+ are friggin' awesome!”",POSITIVE
http://t.co/Pl4ZeEvH - Ice Cream Sandwich to stop carriers bullying smartphone users #google #android http://t.co/BgKiMGJF,POSITIVE
#google #galaxynexus #icecream great,POSITIVE
The next #Google #Nexus phone is here!!. http://t.co/edSwoXoC,POSITIVE
Google Earth Helps Locate Salmonella Hotspots http://t.co/mcz9RSDf #google,POSITIVE
#ThingsWeAllHate that person that acts like they know every fucking thing bitch you not #Google,POSITIVE
#samsung galaxy nexus = orbital laser. #apple iphone 4s = wooden stick #google,POSITIVE
/want http://t.co/srbm3V0K #Google #Nexus #Samsung #Galaxy,POSITIVE
Ice Cream Sandwich u r really delicious Can ditch iPhone for u that's for sure. #Google launches #Android4 aka #IceCreamSandwich :),POSITIVE
#google+ (: lovin it,POSITIVE
"""Samsung and Google have closely collaborated to push the mobile experience forward. We are pleased to ... http://t.co/ecT8fYIA #Google+",POSITIVE
RT @RoycinD: FINALLY ! Power + Volume = Screenshot. No more rooting required! #Google #ICS #galaxynexus,POSITIVE
I want the new #google #galaxynexus. Android 4.0 is going to be the fucks,POSITIVE
#Google #Nexus press conference http://t.co/2WV01o5v #slick,POSITIVE
S/O to #google for getting me through high school and college....you are appreciated,POSITIVE
iScream u scream v all scream #android #IceCreamSandwich. A job well done by #google and a major game changer in the #mobile #OS space,POSITIVE
"@immad_immad #google, always thinking ahead",POSITIVE
@VentureBeat I like the #google virtual bookcase thank you for sharing,POSITIVE
"#Google's #IceCreamSandwich was revealed. I'm getting an #Android whenever I get a new phone, but I'm keeping my #iPhone for now.",POSITIVE
"#Android #Google Ice Cream Sandwich Feature Closer Look - Roboto Type Face Is ""A Pleasure"" To Read http://t.co/DJsp2G5B #DhilipSiva",POSITIVE
Fantastic work from #Samsung and #Google on the #GalaxyNexus superphone and the new #Android #ICS. Very impressive.,POSITIVE
... I think I should work for #MelaleucaTheWellnessCompany ... Probably the best company to work for .. oh and #Google,POSITIVE
i love #google,POSITIVE
Can't wait for Ice Cream Sandwich. http://t.co/RtDzjq2U #android #google,POSITIVE
"i need a hookup, stop teasing me #google http://t.co/07YR58wL i want the new #nexus",POSITIVE
"well.....#google's #icecreamsandwich and new accompanying phone are, as usual, neat, but nothing ground-breaking",POSITIVE
#Android #Google Device Frame Generator Updated For Galaxy Nexus - Your Screenshots Just Got Prettier http://t.co/9bWt2W6z #DhilipSiva,POSITIVE
"Mmm... #SmarterPhone RT @Android: Introducing Ice Cream Sandwich, the delicious new version of Android: http://t.co/AXl2K1Gs #ICS #google",POSITIVE
So so excited for all of the new Android features! Awesomeness :) #Android #ICS #Google #GalaxyNexus,POSITIVE
#IceCreamSandwich went way and beyond what I expected. Can't wait to get it on my Nexus to play with! #Google,POSITIVE
"Check this video out -- Introducing Galaxy Nexus. Simple, beautiful, beyond smart http://t.co/fiTI6ZIA 透過 @youtube #android #nexus #google",POSITIVE
"Cream on the inside, clean on the outside. Ice Cream phone job. #Google",POSITIVE
#Google+  great for small businesses? I think so. The platform has some really beneficial features. Thoughts? http://t.co/FytcyEG2,POSITIVE
RT @Mr_Lister: Loves the new presentations tool for Google Docs - particularly themes and adding video via URL #google #sd33 #edchat #ed ...,POSITIVE
brilliant WebGL Bookcase #google http://t.co/CR3A6k9U,POSITIVE
#Google's like my wife - searches things for me and completes my sentences.,POSITIVE
"#Android 4.0 Ice Cream: Introducing Galaxy Nexus. Simple, beautiful, beyond smart http://t.co/vUWgyx3N #Google",POSITIVE
http://t.co/Izh7KaiU #google #nexus #prime &lt;3 #android,POSITIVE
Interesting bookcase..RT @VentureBeat: #Google releases an Infinite Digital Bookcase http://t.co/urxJixCe by @MeghanKel,POSITIVE
#google is my bff rite about now!,POSITIVE
have to finish faster the only way is to google it!!!! #google :D,POSITIVE
Good to see #Google finally turning their focus on user experience. http://t.co/AYhOKgo8 #IceCreamSandwich #Android,POSITIVE
"ICS looks awesome, please let me have it on my phone!  #android #google #motorola",POSITIVE
Iphone 4s almost had me ... ALMOST !! Ice Cream Sandwich FTW !! http://t.co/p32Ehduq #android #google,POSITIVE
RT @Sarahhhhh112: @_xmas_carroll Yeah I got #skype and #google+ and #twitter so who needs facebook?,POSITIVE
There you go - according to http://t.co/4Y8aS4zz #Google+ is builtin to the OS/Nexus line? Smart move :),POSITIVE
"Oh yes, and now - The Android Beam! Alright, I made the right decision to be on Team #Google, Team #Android!",POSITIVE
I just add my profile on the #Google+ WebGL Globe project. Add yours ! http://t.co/UWeYalKb via @AddThis,POSITIVE
Thanks Android for admitting you're ugly. New font is a good start! #ics #google,POSITIVE
Ice Cream Sandwich's Face Unlock really works! http://t.co/2SjN2BzZ #icecreamsandwich #google #galaxynexus,POSITIVE
I'm so ready for Ice Cream Sandwich! #ICS #Nexus #Google #Android #SiriWho? http://t.co/Cjonncvk @GetGlue #Android,POSITIVE
Mmmm Ice Cream Sandwich #Android #Google,POSITIVE
"Just seen a taste of #Google's ice cream sandwich, now I want a bite",POSITIVE
Probably the best #IceCreamSandwich (yet)! #Samsung and #Google's event live blog by @engadget! Why haven't I switched to #Android again?,POSITIVE
RT @YashasJoshi: #android 4.0!!  Ice Cream Sandwich will now make all other smartphone operating systems look outdated.  #Androidbeam Wo ...,POSITIVE
"Instant photo sharing and the people app are what's best in Ice Cream Sandwich, IMO. #google #ics",POSITIVE
The new android #Nexus phone makes the #iPhone look like a cheap toy at dollar store! #tcot #android #google #RealEstate @Burkepatch,POSITIVE
Sweet Ice Cream Sandwich RT @Pocketlint Google Android 4.0 Ice Cream Sandwich officially detailed #google #ics http://t.co/iUY0DF5S,POSITIVE
"""@SamsungMobileCA: Raise your hand if you now want an #Android4 #IceCreamSandwich powered #GALAXYNexus phone! #Google #Samsung""-I do!",POSITIVE
"Siri, which #Android device should I replace my #iPhone with? #Apple vs. #Google",POSITIVE
The new Google Nexus page is live! - http://t.co/zrqoeWxI #nexus #google #android #icecreamsandwich,POSITIVE
I'm most excited about Android beam & face detection unlock for Android ICS. #AndroidBeam #Google #IceCreamSandwich,POSITIVE
Are you using #Google+ and #Linkedin yet? These are essential tools to get your company and/or you on the FIRST page of Google. Contact...,POSITIVE
"RT @SebasCoulombe: Thanks to Samsung and Google, I'm now craving for some Ice Cream Sandwich !  #IceCreamSandwich #Google #Samsung",POSITIVE
"Introducing Galaxy Nexus. Simple, beautiful, beyond smart http://t.co/qaMj3MeR #android #ICS #google #samsung",POSITIVE
So glad #Google adopted a design philosophy for #Android 4.0 a.k.a It shows soooo much! This is the polish I've been waiting for!,POSITIVE
Thoughts on Android 4.0 #ICS? Excited to play with the new features. #android #google,POSITIVE
Register now for your Galaxy Nexus :) http://t.co/37WkIoXC #Android #Google,POSITIVE
Wow! RT @dalmaer: WebGL infinite bookcase UI http://t.co/aijYsfHO #google,POSITIVE
#Google + #Samsung = Perfect #Icecream sandwich #GalaxyNexus,POSITIVE
"Thanks to Samsung and Google, I'm now craving for some Ice Cream Sandwich !  #IceCreamSandwich #Google #Samsung",POSITIVE
Loved the Google release of Android OS 4.0 Ice Cream Sandwich! #Samsung #Android #Google #IceCreamSandwich #amazing!,POSITIVE
"Google ICS looks awesome, can't wait til it gets ported over to my evo, face unlock?! ... #android #google",POSITIVE
"#ICS is Sick, good work #google team",POSITIVE
"I gotta say, Google's got some pretty catchy advertisements for Android and Chrome. #google #android",POSITIVE
@jessecablek I want it too. Now just wondering who will be carrying it in November. Or direct purchase from #google / #samsung,POSITIVE
#Google's #Nexus really i wanna it now #Awesome,POSITIVE
"Well the event is now over, time to change my pants #Google #Android #Samsung #Jizz",POSITIVE
"I'm an iOs user but the #ICS is awesome, great job #google",POSITIVE
Oh yeah I'm in I want one now #Google really did a great job #ICS,POSITIVE
RT @ThatTechGuy92: LITERALLY HAD MY MIND BLOWN AWAY JUST NOW!!!!! #Google #Samsung,POSITIVE
"@BrandonMiniman @Jaime_Rivera I'm an iOs user but the #ICS is awesome, great job #google",POSITIVE
#google + #motorola + #verizon = perfect combination! &lt;3,POSITIVE
Loved the introduction of the Google Galaxy Nexus & Ice Cream Sandwich. Really looking forward to my new phone #android #ics #nexus #google,POSITIVE
"GO, GO, GO Ice Cream Sandwich developers! #Android SDK r14 is LIVE @ http://t.co/OeUrmtLX! #Google",POSITIVE
#android 4.0!!  Ice Cream Sandwich will now make all other smartphone operating systems look outdated.  #Androidbeam Wowww..  #google,POSITIVE
Galaxy Nexus = #Google #Android #Samsung - the dream team! :) http://t.co/R5juJSBr,POSITIVE
yumyumyum...I want Ice Cream Sandwich... #google #android,POSITIVE
Soon. Getting ready for the party. #google #android #icecreamsandwich http://t.co/eZjCzLt6,POSITIVE
RT @SamsungMobileCA: Raise your hand if you now want an #Android4 #IceCreamSandwich powered #GALAXYNexus phone! #Google #Samsung,POSITIVE
All this talk about about how good #icecreamsandwich looks is making me hungry #google #omnomnomnom,POSITIVE
O. M. G. #Google is nuts with #ICS and this new phone!,POSITIVE
iPhone users find the nearest trash for your device it's the correct place ! #Android #Apple #Google #iPhone,POSITIVE
"#Google / #Samsung #Galaxy #Nexus #ICS press release is now done, I'll go back to my regular tweeting intervals now :) I WANT IT!",POSITIVE
Raise your hand if you now want an #Android4 #IceCreamSandwich powered #GALAXYNexus phone! #Google #Samsung,POSITIVE
Ready for some Ice Cream Sandwich! #google #android,POSITIVE
"Alright, well #Apple just got its ass kicked in the face by #Google so hard with its new Googles #Nexus phone. It will be brilliant.",POSITIVE
LITERALLY HAD MY MIND BLOWN AWAY JUST NOW!!!!! #Google #Samsung,POSITIVE
What I think about #AndroidIceCreamSandwich ? Thats the most delicious piece of sandwich ever. Get me it real fast #GOOGLE !,POSITIVE
"iphone users i reaaly feel sorry for you after i saw ice-cream sandwich #Android today, #Google #apple #Android #iPhone",POSITIVE
Pretty big deal from #Samsung and #Google def can't wait to get my hands on the #GalaxyNexus and #ICS,POSITIVE
I cannot wait for a new #ICS phone!!! #Google #android,POSITIVE
RT @eboyee: Dostupan SDK - WOW R.E.S.P.E.C.T. #Google #IceCreamSandwich,POSITIVE
Dostupan SDK - WOW R.E.S.P.E.C.T. #Google #IceCreamSandwich,POSITIVE
OMG the #Android 4.0 SDK is available NOW @ http://t.co/OeUrmtLX!! #Google,POSITIVE
The new #Samsungnexus and 4.0 OS make the #iPhone4s look like an old bag phone. Nice job #Google and #Samsung.,POSITIVE
Calling all #marketing executives in #houston - sign up for #google #training - http://t.co/vo542MrZ - I can't wait to be there for the week,POSITIVE
"Android Beam - sharing contacts, articles, files, and games, pretty cool #Google #ICS",POSITIVE
"Slick beam capabilities included in Android 4.0. Touch 2 devices together and select ""Beam"" and content is transferred #Google #Android #ICS",POSITIVE
"really digging the #UI of of ""#Quick #Response"" from #Google android great for politely declining calls lol",POSITIVE
goodbye Bump ... #Google #ICS,POSITIVE
@WPdesignteam @joebelfiore @windowsphone - You guys just taught #Google #Android how to design a decent phone. So much Metro. Good Job guys!,POSITIVE
People App in #ICS looks promising! As usual #Google is good at integrating different apps and make it a total new user experience!,POSITIVE
"On a positive note, advanced control of your data usage is a really great idea ;) #google #nexus",POSITIVE
#google #icecreamsandwich totally blowing #Apple iShit away...,POSITIVE
I love Ice Cream Sandwich :) #Android #Google #Samsung,POSITIVE
"#NerdBoner in full effect. Watching #Samsung #Google #NexusPrime #IceCreamSandwich live event!
http://t.co/Rk9kPHss",POSITIVE
"Great, live contact management, quick contact card, add people directly to.your home screen #Android4.0 #Google",POSITIVE
#Google has done it again ..... #IceCream Sandwich,POSITIVE
New contact app builds on a magazine style layout and aggregates contact info from multiple sources. Very slick. #Google #Android #ICS,POSITIVE
Nexus Prime looks NICE. #google #android,POSITIVE
New Galaxy Nexus: Video looks awesome! #nexus #samsung #google #android bit.ly/nEJbyE,POSITIVE
"Infinite Spiral Bookcase for #Google Books looks amazing, interested to see where it is headed: http://t.co/RXWD6sN8",POSITIVE
New Galaxy Nexus: App Improvements -  Inbuilt Panoramic Pictures #nexus #samsung #google #android bit.ly/nEJbyE,POSITIVE
"With the new #Google #Android 4.0 Ice-Cream Sandwich, you can take Panorama picture right Out-of-the-Box... SWEET!",POSITIVE
RT @RespectMaSwagg: #ThingsWeAllLove ----&gt;&gt; #Google,POSITIVE
Camera app now has Panorama capabilities! #Google #Android #ICS,POSITIVE
I want some of these #google toys,POSITIVE
Good god the camera app in Icecream Sandwich is amazing.. and that camera is FAST!  #samsung #google #android #galaxyNexus,POSITIVE
Better gallery app to be included with Android 4.0 as well. #Google #Android #ICS,POSITIVE
#ics shutter speed is insane! Wow! Two thumbs up #google,POSITIVE
Android 4.0 FINALLY includes photo editing tools. #Google #Android #ICS,POSITIVE
New Galaxy Nexus: OS /Hardware Improvements -  Camera Zero Shutter Lag #nexus #samsung #google #android bit.ly/nEJbyE,POSITIVE
Data Usage feature looks amazing and useful! #Google #GalaxyNexus,POSITIVE
"Wow, very fast camera on Galaxy Nexus - faster than N9 i think :o #google",POSITIVE
"RT @Mrgareth: ""Top Three 'playing nice' scores were #Google, #Salesforce and #Xero"" in @itnews_au ""Which #Clouds Play Nice"" report: http ...",POSITIVE
"The new camera app along with the ""zero delay"" camera on the Galaxy Nexus is very nice! #Google #Android #ICS",POSITIVE
"Unbelievable Data Usage info on Ice Cream Sandwich

#icecreamsandwich #googland #google #android #ics",POSITIVE
Data usage in ICS.. Looks like I don't need Watchdog 3G Pro anymore.. hah! #Android #ICS #Google,POSITIVE
This Data Usage feature looks amazing on ICS. #android #samsung #google #GALAXYNexus,POSITIVE
Icecream Sandwich looking good so far. #android #google,POSITIVE
@kymbersanden #google my favorite study guide,POSITIVE
Ice cream Sandwich looks awesome #Google #ICS.,POSITIVE
New Galaxy Nexus: OS Improvements -  Data Usage tools inbuilt #nexus #samsung #google #android bit.ly/nEJbyE,POSITIVE
#Google #Android Icecream Sandwich OS for Nexus Prime Released! [LIVE BLOG] | http://t.co/LF03ZKUz #technology #hk,POSITIVE
what i love about #GOOGLE it always shows me that am not the only retarded person on this planet when am searching for stupid things :D,POSITIVE
RT @SamsungMobileCA: #GALAXYNexus has arrived! #Samsung #Google,POSITIVE
New calendar app with pinch to zoom capabilities. Far superior to the current one! #Google #Android #ICS,POSITIVE
New Galaxy Nexus: App Improvements - Gmail  offline search of last 30 days  #nexus #samsung #google #android bit.ly/nEJbyE,POSITIVE
I love how it syncs your #Chrome bookmarks with your phone! #icecreamsandwich #google,POSITIVE
Thank god Gmail app has been redesigned under Android 4.0. Conversations automatically expanded. #Google #Android #ICS,POSITIVE
Seriously!? Why do I still find the yellow pages ph book at my doorstep? These days I just #google it on my iphone.,POSITIVE
#excellent #AngryBirds #Google #Chrome #Commercial 1080p HD http://t.co/LLsLrxFM via @youtube,POSITIVE
Watching the Android announcement from Google and Samsung. IceCream Sandwich looks really interesting. http://t.co/oeZK9iV1 #google #android,POSITIVE
"As an iPhone user, I think the Samsung Nexus Galaxy looks great. And Ice Cream Sandwich looks fantastic. http://t.co/Z9IDoNi7 #Google",POSITIVE
WHAT!!!!!! #Google #Chrome syncs with your #Android device's bookmarks!?!?! NICE!,POSITIVE
The Samsung Galaxy Nexus and Ice Cream Sandwich are sick! #android #icecreamsandwich #google,POSITIVE
Inline keyboard spell check is nice #ICS with native voice dictation. #Android #Google,POSITIVE
I can't wait to get the new #Galaxy #Nexus with #IceCreamSandwich... best yet it supports my #Google Wallet http://t.co/bqMuHxkK via @cnet,POSITIVE
ICS on the Galaxy Nexus has very smooth and responsive screen and widget navigation. #Google #Android #ICS,POSITIVE
New Galaxy Nexus: OS Improvements -  Built on Ice Cream Sandwich version of Android #nexus #samsung #google #android bit.ly/nEJbyE,POSITIVE
New Galaxy Nexus: OS Improvements -  Stacks & Scrolling introduced for widgets  for richer content #samsung #google #android bit.ly/nEJbyE,POSITIVE
Updated live wallpaper. Virtual buttons that disappear when you are in full screen mode. More awesome widgets. #Android #Google,POSITIVE
There are too many #google services that do not work when you are a #googleapps user. #googleplus above all + profiles + #plusone,NEGATIVE
Starting to doubt #google android policy: no released android sources since 2.3.3! Curious for an opensource project to say the least...,NEGATIVE
Youtube video views are still not updating properly. #google #youtube #fail,NEGATIVE
Did #Google really just highlight a new font #Roboto as part of their #ICS announcement for #Android...?! Seriously.,NEGATIVE
RT @businessuplift: Why #facebook and #google have got it wrong http://t.co/PDbF7H3f,NEGATIVE
#google+ is really confusing..,NEGATIVE
"is mulling #google+ but hmmm, just aint shore bout nuther social media profile.",NEGATIVE
ATHEN's review of #Google Docs #accessibility shows a lot of work needs to be done. http://t.co/rad9WdSw #a11y HT @chadleaman,NEGATIVE
Gonna dump one of my gmail accounts. not only do I get tons of spam I get tons of false positives. Not cool. #Google,NEGATIVE
The awkward moment when google #chrome take a hell of a lot time to load #googleplus #google,NEGATIVE
"#Google #Cloud Service Blackouts Threaten Cloud Users: During a 30-day period in August and September, for ... http://t.co/G0ElVRVJ #TCN",NEGATIVE
Why Google+ Has Uphill Battle Vs. Facebook: Sean Parker http://t.co/L8RSX1Yf #google,NEGATIVE
RT @LCmediaHouse: 4chan's Chris Poole: #Facebook & #Google Are Doing It Wrong http://t.co/ZIxfa91N | via @RWW #socialmedia,NEGATIVE
Lecture Notes in Financial Economics pdf ebook:  http://t.co/7gJQvEwN #google,NEGATIVE
I hate tron theme #Google #ICS,NEGATIVE
"Now, really #google how hypocritical is this? http://t.co/6nHuYFeh #analytics",NEGATIVE
"Codename or not, awesome or not, I have a hard time taking ANYTHING called 'Ice Cream Sandwich' seriously. #google #android #sticky #melts",NEGATIVE
RT @IAmDkT: The only letdown of the Samsung Galaxy Nexus phone is the 5.0 MP Camera. #ICS #Samsung #SamsungGalaxyNexus #SGN #Android #Google,NEGATIVE
"#Google introduce new Android tablet called 'Ice Cream Sandwich'? I'm a #Singaporean, and I'm (very) confused.",NEGATIVE
"#ICS introduces Facial recognition to unlock phone, however - the demo didn't go as planned.http://engt.co/q2KeC7 #Google Goof up! #Android",NEGATIVE
"Ice cream sandwich, really #google?",NEGATIVE
@kursed #Google is terrible at presentations. Hated the terrible camera interference from the huge screen behind the speakers. #headache,NEGATIVE
just watched the #GalaxyNexus announcement by #Google and #Samsung.. The only thing keeping me from buying? It's only on #Verizon. #FAIL,NEGATIVE
@MrTonySays I tried to #Google the word #Visigoth and apparently  #Google didn't know either cause my  phone froze.,NEGATIVE
RT @SHlFT: dear #google & #samsung... learn some presentation 101 first. please.,NEGATIVE
The only letdown of the Samsung Galaxy Nexus phone is the 5.0 MP Camera. #ICS #Samsung #SamsungGalaxyNexus #SGN #Android #Google,NEGATIVE
"#Google, I've blocked your global IP network from all my sites. J/K.  Stop being evil.",NEGATIVE
"BOO to no GoogleMusic news, US carrier news, or price points. #google #ICS #android",NEGATIVE
"From it's laughable file: #google will #encrypt #search results BUT only if U have ""logged in"" so they can maximize their #data #collection!",NEGATIVE
@adiman_ #google #fail,NEGATIVE
+1 RT @SHlFT: dear #google & #samsung... learn some presentation 101 first. please.,NEGATIVE
dear #google & #samsung... learn some presentation 101 first. please.,NEGATIVE
+1 RT @tah_med: the background is SO horrible for this stream #Samsung #Google #NexusPrime they should've seen what #Adobe did at #AdobeMAX,NEGATIVE
WHERE THE HECK IS THE @ANDROID SOURCE CODE ?? WTF #GOOGLE,NEGATIVE
Not greatly impressed with #Google and #Samsung presentation skills.,NEGATIVE
"Android ice-cream sandwich's ""Face Unlock"" fails to perform recognition when demo'ed on stage :D
#google #Nexus http://t.co/CSAeFRHc",NEGATIVE
"good job, #google.  did anyone get when any of this shit is actually shipping? #infofail",NEGATIVE
We need dates! #google #samsung #launchfail,NEGATIVE
"Also, the #Google problem. @chucktodd: Problem for Santorum's electability argument: the double-digit loss in 2006",NEGATIVE
They need to talk about the battery life impact of #AndroidBeam. It can't be good news. #Google #Android #ICS,NEGATIVE
another android demo #fail! #google,NEGATIVE
Too bad #google didn't have a tribute graphic for #DennisRitchie.,NEGATIVE
Presentation fail. #Google #Samsung,NEGATIVE
The #Google guys are illustrating the perils of a live demonstration admirably. #GalaxyNexus #ICS #Android,NEGATIVE
"Android Crashing: 1, Google 'Quick Response' Feature: 0 #Google #ICS #Android #QuickResponse",NEGATIVE
"Why is #Google advertising Adwords Express on #Bing? Hmmm, I know Ballmer is happy :-D. #Google, your already a monopoly.",NEGATIVE
#Google People app...the next revolution in stalking.,NEGATIVE
first thing on #google's to do list: hire a performance coach.,NEGATIVE
"#Samsung, #Google Unveil Phone http://t.co/hOB37hbO",NEGATIVE
Why is #Google whoring for SAMSUNG? #ICS,NEGATIVE
"If #Google don't fix pinch-zoom on #Android 2.3.6 soon, I might have to leave the fold and go #CyanogenMod",NEGATIVE
facial recognition failed #IceCreamSandwich jajajajajajaj #FacialUnlock #samsumg #Google,NEGATIVE
"Ouch, crash and burn. #Android facial recognition in #IceCreamSandwich didn't work during the presentation. http://t.co/6vsasZyT #Google",NEGATIVE
Google is gonna need to do better than this to beat #iOS #Android #icecreamsandwich #Google http://t.co/tBNyX7p7,NEGATIVE
RT @RoycinD: Face Unlock ! #ICS Literally knows your face! #Google #galaxynexus FAILED !,NEGATIVE
#fail on the face recognition not working #google #samsung,NEGATIVE
The face recognition unlock would be cool if it works. #android #google #icecreamsandwich,NEGATIVE
On Google+ then go here http://t.co/oTBwkxo9 #GPlus #Googleplus #Google #teamfollowback #socialnetwork,NEUTRAL
Who else is on g+ ? Add for add? Let me know.  #TFB #TAF #google+,NEUTRAL
Have anyone of you found a Twitter to Google+ tool? #Google #Twitter,NEUTRAL
#Google unveils next iteration of #Android - #icecreamsandwich - with several revamps incl facial recognition security http://t.co/xMrZVkav,NEUTRAL
"Google Offers to compete with Groupon, Living Social - Pittsburgh Post-Gazette http://t.co/Wwj3xvdm #google",NEUTRAL
What does it take to get a job at #Google? #recruiting http://t.co/eVjiH7oD,NEUTRAL
"Samsung Galaxy Nexus, Android Ice Cream Sandwich unveiled http://t.co/wWrYcM04 #android #google #samsung",NEUTRAL
http://t.co/e5ClGzsI #google,NEUTRAL
#Google #Ice Cream Sandwich (#Android 4.0): a hands-on ##screenshot #gallery http://t.co/bpZRz337,NEUTRAL
Now it's time for some Ice Cream Sandwich! #Samsung launched it's latest Android Galaxy Nexus phone powered by #Google,NEUTRAL
in the theater .. there are are a good 300 ppl here. #guae #google #dubai http://t.co/OjykYcfo,NEUTRAL
#Android #Google Samsung Galaxy Nexus official hands-on [Video] http://t.co/6GX3R9MT #DhilipSiva,NEUTRAL
RT @NeowinFeed: Android 4.0 Ice Cream Sandwich announcement round-up #android #google http://t.co/L5m9uwD7 #neowin,NEUTRAL
RT @iPadPowerUsers On Google+ then go here http://t.co/1OGs2xA9 #GPlus #Googleplus #Google #teamfollowback #socialnetwork,NEUTRAL
Did #Facebook Just Beat #Google At Its Own Game? http://t.co/SiJsB3ME #socialmedia,NEUTRAL
Did #Facebook Just Beat #Google At Its Own Game? http://t.co/xVonCBeb #socialmedia,NEUTRAL
#Google Says ICS Is Coming To The #Nexus S And “Theoretically” Should Work With 2.3 Devices http://t.co/TY0HDQAm,NEUTRAL
Unwrapping Ice Cream Sandwich on the Galaxy Nexus http://t.co/pw4mfbSe #Google,NEUTRAL
Bitch please your vagina has been used more than #google .,NEUTRAL
#Google #IceCreamSandwich Debuts as IPhone Sets Record: Tech. http://t.co/TrENUYF4,NEUTRAL
"RT @aljonkar: The new Samsung Galaxy nexus..

http://t.co/UtbpXrsj 

#Android
#Samsung 
#Google 
#WoW

CC @kha1989led 
@eisaahmad",NEUTRAL
#Google search to have default encryption http://t.co/rwgKPbGu,NEUTRAL
#google- http://t.co/Hkk3qMMe,NEUTRAL
Google Defaults to Encrypted HTTPS Searches for Logged In Users #Google http://t.co/6yFZvoxS,NEUTRAL
#Samsung & #Google unveil latest #Android #phone using #IceCreamSandwich http://t.co/eHoeBMDW,NEUTRAL
"RT @webseoanalytics: #SEO Tip:Google considers the first lines of the page important.Put menu,headers+important text on top. #google",NEUTRAL
@WEirDOsRunSHIT lol #google,NEUTRAL
@tando_m @nonimsi sorry to butt in but there is one :) I can't remember what it's called though. #Google,NEUTRAL
#Android #Google Android 4.0 Ice Cream Sandwich SDK now Available for Download http://t.co/Fue4VXxe #DhilipSiva,NEUTRAL
GMusic Unites #Google #Music with #Apple iOS [#Apps] http://t.co/R0ih6ePa #republished,NEUTRAL
"#SEO Tip:Google considers the first lines of the page important.Put menu,headers+important text on top. #google",NEUTRAL
On Google+ then go here http://t.co/SxmLkaRR #GPlus #Googleplus #Google #teamfollowback #socialnetwork,NEUTRAL
#SEOTIPS To find out what web pages of your website are indexed by #Google simply Google --&gt; site:http://t.co/xlsu6iPa,NEUTRAL
"RT @Infograhpic: The Perks of Working at #Google, #Facebook, #Twitter and More [INFOGRAPHIC] http://t.c...  @MediaTip",NEUTRAL
"#Android #Google Ice Cream Sandwich Is Finally Official, And Here's What To Expect http://t.co/Wxhb8JXO #DhilipSiva",NEUTRAL
Empire Avenue. The Social Stock Market. What Is Your Online Activity Worth? http://t.co/AKlnmKAi #twitter #facebook #Google+ #socialmedia,NEUTRAL
RT @NeowinFeed: Google shows off new Ice Cream Sandwich features #google #android http://t.co/LlJpGM2a #neowin,NEUTRAL
"The Perks of Working at #Google, #Facebook, #Twitter and More [INFOGRAPHIC] http://t.co/YT87krbP #sm #socialmedia... http://t.co/1yCwl874",NEUTRAL
#Google To Begin #Encrypting Searches & Outbound Clicks By Default With SSL Search - http://t.co/vc573Pte,NEUTRAL
"RT @GLaraLopez: The Perks of Working at #Google, #Facebook, #Twitter and More [INFOGRAPHIC] http://t.co/0KcgbMWF #sm #socialmedia #redes ...",NEUTRAL
"#seo #serps Ballmer: 70% Of The Time, Google & Bing Are The Same, So Try Bing! by @dannysullivan http://t.co/ZE9AiMYI #google #yahoo #bing",NEUTRAL
Unwrapping Ice Cream Sandwich on the Galaxy Nexus: (Cross-posted on the Official Google blog)Bea... http://t.co/K10SvnNr #google #mobile,NEUTRAL
G#Music Unites #Google Music with #Apple iOS [#Apps] http://t.co/3ze3feV4,NEUTRAL
G#Music Unites #Google Music with #Apple iOS [#Apps] http://t.co/S8V8vfmh,NEUTRAL
"The Perks of Working at #Google, #Facebook, #Twitter and More [INFOGRAPHIC] http://t.co/0KcgbMWF #sm #socialmedia #redessociales",NEUTRAL
#Twitter and #Google 'just can't agree' on Realtime Search deal - Computerworld : http://t.co/XNj052NO #av,NEUTRAL
Google To Begin Encrypting Searches & Outbound Clicks By Default With SSL Search http://t.co/C0Ykfjla #google #search,NEUTRAL
"Who are the top folks on #Google+? See this tag cloud: http://t.co/rp7LSoEE via
@jowyang",NEUTRAL
#Google unveils what's new in #Android 4 'Ice Cream Sandwich' http://t.co/uOLAYieA,NEUTRAL
#GOOGLE me if u dnt understand me Ơ̴̴͡.̮Ơ̴̴̴͡,NEUTRAL
Is #Google #Flight Search a threat to the OTA and #travel #Meta #Search #market in India? Check- http://t.co/RuhglJMt #News,NEUTRAL
"@attentionspan i don't think the link you posted suggests that #google+ traffic is in downward spiral, just corrected for novelty",NEUTRAL
"So, @Gizmodo @TechCrunch -- answer the question we really want to know -- ICS + Nexus vs. iPhone 4S? #Google #Apple",NEUTRAL
#ThatsDisrespectful Like using #Google to search for #Bing,NEUTRAL
"#Samsung Galaxy Nexus #smartphone, Android 4.0 Ice Cream Sandwich unveiled by #Google… http://t.co/nds5B4ej #BT",NEUTRAL
Galaxy Nexus Vs iPhone 4S: Which smartphone wins? http://t.co/bF6QUCwt via @productreviews #galaxynexus #iphone4s #google #apple #ics,NEUTRAL
"Samsung, Google Unveil Phone http://t.co/tzj1bYNc
#Google",NEUTRAL
#SEO Tip:Make sure that your important keywords have high keyword density in your pages #google #bing #yahoo,NEUTRAL
Android Ice Cream Sandwich is out! #android #Google,NEUTRAL
Android Ice Cream Sandwich and Galaxy Nexus: Everything You Need to Know - http://t.co/MSqsVMDK #google,NEUTRAL
New #Google #Nexus -&gt; http://t.co/qR1eijhw,NEUTRAL
"#Google Docs #Updates Presentations With Real-Time #Collaboration, New Themes, Transitions and More [Updates] http://t.co/JWSPetbd",NEUTRAL
Google Adsense Tools http://t.co/2IjBZdvn #Adsense #Google #Tools,NEUTRAL
"RT @LocalJoost: #ICS"" putting people at the heart""? You have GOT to be joking #Google. Now even copying slogans? Ah I get it, THOSE are  ...",NEUTRAL
"#Google #Docs presentations get real-time collaboration, transition effects and more: Google… http://t.co/COSF8WUS",NEUTRAL
Online Music Industry is witnessing the astounding revolution. Can #Google manage to seal the supreme console? http://t.co/QcDddYrn,NEUTRAL
Online Music Industry is witnessing the astounding revolution. Can #Google manage to seal the supreme console? http://t.co/iUi7JtCM,NEUTRAL
On Google+ then go here http://t.co/63B8wYPw #GPlus #Googleplus #Google #teamfollowback #socialnetwork,NEUTRAL
Online Music Industry is witnessing the astounding revolution. Can #Google manage to seal the supreme console? http://t.co/Jrc4qstJ,NEUTRAL
"Your face unlocks the phone, as facial recognition replaces a traditional pass code. #Google Nexus Prime smartphone",NEUTRAL
Android 4.0 Ice Cream Sandwich announcement round-up #android #google http://t.co/ExcNswwx,NEUTRAL
"#Android: This Is the #Samsung Galaxy Nexus, #Google's New Official Android Phone(via @Gizmodo) - The... http://t.co/wS4GS9uk",NEUTRAL
Android 4.0 Ice Cream Sandwich announcement round-up #android #google http://t.co/3SvjOtjT,NEUTRAL
Android 4.0 Ice Cream Sandwich announcement round-up #android #google http://t.co/8DjJHFGu,NEUTRAL
Android 4.0 Ice Cream Sandwich announcement round-up #android #google http://t.co/L5m9uwD7 #neowin,NEUTRAL
#LOL #google http://t.co/aeJ1Vrgj,NEUTRAL
#Android #Google The Galaxy Nexus' System Apps Have Been Dumped http://t.co/LCZNPDHR #DhilipSiva,NEUTRAL
"#Google has made search more #secure, this change #encrypts your search queries and Google's result pages.  Read more: http://t.co/Rnnjwo6r",NEUTRAL
Android 4.0 OS Ice Cream Sandwich and the Galaxy Nexus is out.seems that smartphones are named by hungry developers  #Google+,NEUTRAL
"Anyone seen this? If your brand needs to track #SEO keyword landing through to a conversion, well #Google just capped …http://t.co/g4coBopL",NEUTRAL
"RT @whymicrosoft: Google’s Ad revenue for Q3 was 96% of total revenue. So, are #Google customers the commodity being sold to advertisers???",NEUTRAL
Ice Cream Sandwich arrives http://t.co/Z4j7WhmS #google #icecream #android #samsung,NEUTRAL
it's in the curve baby http://t.co/ORDg1z2F #google #nexus #android #samsung,NEUTRAL
Is Google planning to launch its own iTunes rival? - The Times of India http://t.co/1x73o5Yz #google,NEUTRAL
"#Android #Google We saw Ice Cream Sandwich on a Phone, but What About a Tablet? http://t.co/6McjpONv #DhilipSiva",NEUTRAL
#SEO tip:in multilang sites create folders for each lang.submit the urls in #google #webmaster tools+Use GeographicTarget,NEUTRAL
Going in with #mikedunn one of the #chosenfewdjs all in with #chicago #housemusic! Might want to #google him!,NEUTRAL
#Google releases 50 new features for presentations in #GoogleDocs http://t.co/0x6crRao,NEUTRAL
"Ballmer: 70% Of The Time, #Google & #Bing Are The Same, So Try Bing!: http://t.co/rA5PgOsD",NEUTRAL
Recap: Google will host G-South Africa in JHB on 3rd and 4th November. http://t.co/A88ZBr2O #google,NEUTRAL
"Believe it or not #political process is changing across all countries. Thanks to new social media #Facebook , #twitter, #google+",NEUTRAL
#Google #Ice Cream Sandwich (#Android 4.0): a #hands_on #screenshot #gallery http://t.co/61bZRSWI via @engadget,NEUTRAL
Logitech Revue Companion Box with Google TV and Keyboard Controller by #Logitech #Google #TVBox via #amazon http://t.co/NkPjGP3W,NEUTRAL
#Google #Ice Cream Sandwich (#Android 4.0): a #hands_on #screenshot #gallery http://t.co/E8dCQo7s,NEUTRAL
#Google announces NFC-based #Android Beam for sharing between phones,NEUTRAL
"If you need to modify your payment details that are on your phone for the Android Market, go here: http://t.co/z4gS3PxC #Google",NEUTRAL
#SEO #backlinks #google #index Free Tool http://t.co/1tTp1axq,NEUTRAL
"Samsung Galaxy Nexus, Google Android 4.0 Live Blog : http://t.co/wwSYXAbn #android #google #mobile #news",NEUTRAL
"#Android #Google Ice Cream Sandwich Feature Closer Look - Resizable Widgets, Folders, Multitasking, And... http://t.co/CQCaWORD #DhilipSiva",NEUTRAL
Google encrypting search for signed-in users http://t.co/R2xDFqRs #encryption #google #search #secure,NEUTRAL
#Google #Android #IceCreamSandwich features - http://t.co/qXFdDrt4. #ICS,NEUTRAL
On Google+ then go here http://t.co/RCSwZlxK #GPlus #Googleplus #Google #teamfollowback #socialnetwork,NEUTRAL
"#ICS"" putting people at the heart""? You have GOT to be joking #Google. Now even copying slogans? Ah I get it, THOSE are not patented ;)",NEUTRAL
"The new Samsung Galaxy nexus..

http://t.co/UtbpXrsj 

#Android
#Samsung 
#Google 
#WoW

CC @kha1989led 
@eisaahmad",NEUTRAL
"#Google and #Samsung unveil #Galaxy #Nexus, #Android 4 at event: http://t.co/oTqfW9XQ | #CTIA #Hong #Kong #conference #environments",NEUTRAL
"New Solar plant seen on I-15 on the way to Vegas, invested in by Google.  http://t.co/Pzw8OVnm RT #eco #google #solar #greenpower",NEUTRAL
#SEO Tip:Meta nofollowed or robots.txt blocked pages DO receive pagerank juice when they get links. #google,NEUTRAL
What Is Ice Cream Sandwich? - http://t.co/otA4rqi9 #Google,NEUTRAL
RT @/iPadPowerUsers-On Google+ then go here http://t.co/tMGHv24E #GPlus #Googleplus #Google #teamfollowback #socialnetwork,NEUTRAL
RT @MAGGadget: Fight: Galaxy Nexus vs. Droid RAZR vs. iPhone 4S http://t.co/P3qHh63d #Android #iPhone #Google,NEUTRAL
RT @ZDNet: #Google steps up its privacy game & launches Search Encryption #GoodToKnow privacy & personal data control http://t.co/t05c34yY,NEUTRAL
@Bravo u should have a cast of  Latina #housewives  WE have some pretty  successful Latina Women in this world #GOOGLE them..,NEUTRAL
RT @iPadPowerUsers On Google+ then go here http://t.co/r4bIDq9D #GPlus #Googleplus #Google #teamfollowback #socialnetwork,NEUTRAL
@loribooLIVE like Manny from degrassi (: #google her !,NEUTRAL
And here's the run-down on #Android4.0 aka #IceCreamSandwich http://t.co/f1V3HJAe #google,NEUTRAL
Here's what we know about the #GalaxyNexus http://t.co/7bYXbQVY #google #android,NEUTRAL
Tips to make #Google always #crawl your #website http://t.co/SVYSckH7,NEUTRAL
Do the Creep #ahh @JokeAholic_P and @AmiraAldewick #google+dates,NEUTRAL
RT @xenophin: #Samsung and #Google's Ice Cream Sandwich event is at 3am UK time.    Waking up to a lot of news then ... #nonUSAtimezonel ...,NEUTRAL
wait.... since when does putting honeycomb and gingerbread together make ice cream sandwich? #google ...,NEUTRAL
#Android #Google Samsung Galaxy Nexus Coming Soon To Three UK http://t.co/FQbfdiYE #DhilipSiva,NEUTRAL
"#Android #Google Nexus S Getting Ice Cream Sandwich, OS “Theoretically” Should Work on Any Android... http://t.co/kqBWWiyd #DhilipSiva",NEUTRAL
"@Wilko_LR  ""Google to launch iTunes AND Spotify rival? http://t.co/SralgsCi” need to start using #google+",NEUTRAL
#Google to stop giving referral data - by moving to #SSL? http://t.co/wTjiX29b,NEUTRAL
How to use Google Alerts to... http://t.co/crMAaAGQ #seo #search #google #hack #sem #it #business #web #marketing #online #yes #hot #winning,NEUTRAL
"Samsung Galaxy Nexus vs. Galaxy S II, Nexus One and Nexus S (macro hands-on) http://t.co/F9l7GnWT #Google #NexusS",NEUTRAL
"“@rianru: #Google представит новую версию #Android 4.0 http://t.co/ttgycujs”

#Vfacebook",NEUTRAL
RT @iPadPowerUsers On Google+ then go here http://t.co/nCqrwPYb #GPlus #Googleplus #Google #teamfollowback…,NEUTRAL
#SEO Tip: #javascript can be a friend +an enemy.Use it wisely to block the content u want #google #bing #yahoo,NEUTRAL
On Google+ then go here http://t.co/XP4apWAH #GPlus #Googleplus #Google #teamfollowback #socialnetwork,NEUTRAL
quick hands on #Galaxy #Nexus by #Samsung #google #android #ICS #4 #icecreamsandwich http://t.co/22cF2m6d,NEUTRAL
#Google #NexusPrime Spec sheet: http://t.co/iuYKWVRQ #Android #Mobile,NEUTRAL
Why not send a Google card this Christmas? http://t.co/zSfuV48d #xmas #google #squidoo,NEUTRAL
#Google and #Samsung reveal the #NexusPrime running the #IceCreamSandwich...#Mobile #Android,NEUTRAL
"#Google confirms #Nexus S will get #Ice_Cream_Sandwich -- for real this time (#Gingerbread devices, too) http://t.co/4x69YDfE",NEUTRAL
"#Samsung, #Google Android 4 reveal: Live Event Blog by #engadet http://t.co/DL68lKQU",NEUTRAL
RT @bleublancrouge_: Surprising !Google's Management Isn't Using #Google+ : http://ow.ly/6QuOk @degusta,NEUTRAL
#Android #Google Ice Cream Sandwich new features not mentioned during webcast http://t.co/m2UGgiev #DhilipSiva,NEUTRAL
#Android #Google Ice Cream Sandwich UI enhancements – a new spin on Android http://t.co/DAPpm4av #DhilipSiva,NEUTRAL
Ice Cream Sandwitch comes alive today #android #google,NEUTRAL
"RT @tatn: #Google, #Samsung unveil Ice Cream Sandwich-powered Galaxy Nexus http://t.co/qtiCdIvd via @CNET #Android",NEUTRAL
"#Android #Google Texas Instruments: “It’s Not the Number of Cores, It’s Sophistication” http://t.co/aXDKhkb0 #DhilipSiva",NEUTRAL
#Android #Google Android Beam finally makes NFC social http://t.co/P9PMpCFl #DhilipSiva,NEUTRAL
#Android #Google Texas Instruments confirms Galaxy Nexus has newer OMAP4460 processor http://t.co/sh316tBN #DhilipSiva,NEUTRAL
The competition: #Google introduces #Android 4.0 Ice Cream Sandwich and the Galaxy Nexus http://t.co/4vGGHF43,NEUTRAL
#Android #Google Video: Google’s Nexus site updated with new device and ICS features http://t.co/rZBmyLTV #DhilipSiva,NEUTRAL
I would also like ice Cream Sandwich on my phone #google #android http://t.co/uTHuUECJ,NEUTRAL
#google Unwrapping Ice Cream Sandwich on the Galaxy Nexus http://t.co/YLRL4lZy,NEUTRAL
RT @raovallab: How #Google Ventures Chooses Which #Startups Get Its $200 Million http://t.co/UGsBdxQm via @mashbusiness @mashable,NEUTRAL
RT @stuartmiles: http://t.co/hM2x3yim via @pocketlint #moto #google #android,NEUTRAL
RT @AndroidTopNews: Nexus Prime rumored to be released on Nov. 3 http://t.co/77HbvLjI #News #google #Ice_Cream_Sandwich #ics #Nexus_Prime,NEUTRAL
Samsung Galaxy Nexus & Android 4.0 Quick Specs - http://t.co/s1QfUznv #galaxynexus #android #ics #samsung #google,NEUTRAL
Android 4.0 SDK now available #google #android http://t.co/TBtuewi1,NEUTRAL
RT @webseoanalytics: The most important KPIs in #Google #Analytics: http://t.co/uUzhIMGv #marketing #webmaster,NEUTRAL
It's not Google vs Apple. It is Apple & Google vs the old way - GigaOm http://t.co/LJlc6YzS #google,NEUTRAL
"RT @TecBuzz: Google steps up its privacy game, launches Good To Know http://t.co/22QbKMpG #google",NEUTRAL
#Android #Google What’s New in Ice Cream Sandwich Android 4.0 http://t.co/z76pv0QV #DhilipSiva,NEUTRAL
#Android #Google Galaxy Nexus http://t.co/GXVKqi6z #DhilipSiva,NEUTRAL
"Hmm, Google I really need a new phone. Please release the Galaxy Nexus asap! #android #google",NEUTRAL
The most important KPIs in #Google #Analytics: http://t.co/uUzhIMGv #marketing #webmaster,NEUTRAL
#Google confirms that the Nexus S will actually get the ice cream sandwich update.,NEUTRAL
http://t.co/Pl4ZeEvH - Android 4.0 SDK now available #google #android http://t.co/sVlrVxTR,NEUTRAL
RT @theunlockr: Nexus S will get Ice-Cream Sandwich too - #Google - http://t.co/Igq9kdIL #android #samsung #ics,NEUTRAL
@TreyRatcliff Congrats on making it to the #google #android 4.0 demo :) http://t.co/EPIv7ny5 #icecreamsandwich,NEUTRAL
Is it bad if I just want it because its called the #icecreamsandwich ?http://t.co/Wt3C2rP1 #android #sansung #google,NEUTRAL
Nexus S will get Ice-Cream Sandwich too - #Google - http://t.co/Igq9kdIL #android #samsung #ics,NEUTRAL
#Android #Google Android 4.0 Ice Cream Sandwich – All New Core Applications Overview http://t.co/XLtT7Wr9 #DhilipSiva,NEUTRAL
#Android #Google New UI and Core Features in Android 4.0 Ice Cream Sandwich Overview http://t.co/BD2omnIb #DhilipSiva,NEUTRAL
#Android #Google Android 4.0 Ice Cream Sandwich Has Hardware Acceleration http://t.co/ijWr1mUJ #DhilipSiva,NEUTRAL
#Android #Google Ice Cream Sandwich Feature Closer Look - Redesigned Lock Screen And Virtual Button Bar http://t.co/FqsPN4An #DhilipSiva,NEUTRAL
RT @Androidheadline Three UK to carry the Samsung Galaxy Nexus http://t.co/bLtq3VrK #android #Samsung #UK #telecom #biznews #Google #news,NEUTRAL
RT @bytenow: The next pure #Google phone is the #Galaxy #Nexus by #Samsung. It's fast and has a nice screen - http://t.co/9RwvaUkq,NEUTRAL
The next pure #Google phone is the #Galaxy #Nexus by #Samsung. It's fast and has a nice screen - http://t.co/9RwvaUkq,NEUTRAL
On Google+ then go here http://t.co/18qxaSp2 #GPlus #Googleplus #Google #teamfollowback #socialnetwork,NEUTRAL
#so #society #network #google #empowerment http://t.co/bYn1njee notes #Facebook should not be taken lightly,NEUTRAL
Like to get my hands on an ice cream sandwich #android #google,NEUTRAL
#google Unwrapping Ice Cream Sandwich on the Galaxy Nexus http://t.co/Ac8JPjPK,NEUTRAL
#Android #Google HTC on ICS: 'reviewing its features and functionality to determine our upgrade plans' http://t.co/GrhboOar #DhilipSiva,NEUTRAL
HTC on ICS: 'reviewing its features and functionality to determine our upgrade plans' http://t.co/UdkGr3Cb  #android #google,NEUTRAL
"RT @Stephaniezogrh Samsung, Google Unveil Latest Android OS, Phone - PCWorld http://t.co/0dkQs3h3 #Android #Samsung #Apple #Google #tech",NEUTRAL
"@rohit_bmw Rohit, thanks for being part of my #google+ network!",NEUTRAL
Ice Cream Sandwich is out!   http://t.co/YyceZpDy #android #ios #ics #google,NEUTRAL
RT @BuzzzIt: BuzZz...: Google Wallet Introduction Video http://t.co/Q00gYwQH #Google #Wallet,NEUTRAL
Google encrypts searches: http://t.co/q8inLdFy #Google,NEUTRAL
"Samsung, Google Unveil Latest Android OS, Phone - PCWorld  #google",NEUTRAL
#Samsung #Galaxy Nexus to Launch on Three of UK http://t.co/xaXnOPO6 #talkandroid #google #networkspecs #nttdocomo,NEUTRAL
"Great Mission :: Ice Cream Sandwich, #Google mission was to build a mobile OS that works on both phones and tablets",NEUTRAL
RT @lcashdol: Too bad #google didn't have a tribute graphic for #DennisRitchie.,NEUTRAL
"Like traditional VC firms, Google Ventures makes its investment decisions solely ...  #google #ventures #spencer http://t.co/TBGqSFos",NEUTRAL
Noarchive is used to restrict search engines from saving a cached copy of the page #Google,NEUTRAL
#Google to begin defaulting logged-in #users to #secure #search: According to a blog post by… http://t.co/64Cj3GuH,NEUTRAL
#Google Wallet now supported by seven new retailers [video] http://t.co/LCrWw4ld via @BGR,NEUTRAL
WOW that #AmberCole video hit #Google!! I'm done haha.....,NEUTRAL
RT @AccessNetworks: We're waiting patiently for Google+ business pages. Anyone else wanting to jump on board? #avtweeps #google+ http:// ...,NEUTRAL
"RT @MarcDaley: #Samsung #Google announce new phone and then the #Apple #AppleStore goes down.

A little strange or am I reading too much ...",NEUTRAL
Galaxy Nexus Promotion Video http://t.co/JIV8z67u #samsung #google #android #ics #smartphone,NEUTRAL
#Android #Google Ice Cream Sandwich Official Video http://t.co/ppH5CW1p #DhilipSiva,NEUTRAL
Google releases 50 new features for presentations in Google Docs: Google is rolling out a s... http://t.co/HkCBc7pm #google+ #googleplus,NEUTRAL
My next phone samsung galaxy nexus. Ice cream sandwich 4.0. #android #google http://t.co/mjYSLzie,NEUTRAL
Ice Cream Sandwich Android: #IceCreamSandwichAndroid  #Ice #Cream #Sandwich #Android http://t.co/pVRaHhxR #google #youtube,NEUTRAL
"RT @fucktec: #Google confirms #Nexus S will get #Ice_Cream_Sandwich -- for real this time (#Gingerbread devices, too) http://t.co/RajAK9P2",NEUTRAL
"I'm not a windows phone fan, but I'm a #Metro UI fan, which, IMO, has been fortunately (or sadly) copied by #Google into #ICS.",NEUTRAL
RT @LCmediaHouse: #Google vs Facebook: Get the Whole Picture for Your Marketing http://t.co/tm2xaijB  #SocialMedia,NEUTRAL
I have been watching Captain American movie I will give you what I think of #Google Ice Cream Sandwich going to watch it now,NEUTRAL
#google #galaxy #nexus intro video #samsung #ICS #android #4 http://t.co/tOGMpP8I,NEUTRAL
#Samsung #Galaxy #Nexus hands-on (video) http://t.co/9MNNerc5 #mobile #android4 #galaxynexus #google,NEUTRAL
"#Samsung #Google announce new phone and then the #Apple #AppleStore goes down.

A little strange or am I reading too much into this?",NEUTRAL
Fight: Galaxy Nexus vs. Droid RAZR vs. iPhone 4S http://t.co/P3qHh63d #Android #iPhone #Google,NEUTRAL
"Unwrapping Ice Cream Sandwich on the Galaxy Nexus: (Cross-posted on the Google Mobile blog)
Beaming a vi... http://t.co/Q2mvqxJf #google",NEUTRAL
#Google #News: Unwrapping Ice Cream Sandwich on the Galaxy Nexus: (Cross-posted on the Google Mob... http://t.co/0PkK7J5D #harshgandhitk,NEUTRAL
#Google #News: Unwrapping Ice Cream Sandwich on the Galaxy Nexus: (Cross-posted on the Google Mob... http://t.co/AgC6PCz7 #harshgandhitk,NEUTRAL
On Google+ then go here http://t.co/AwDFxDcI #GPlus #Googleplus #Google #teamfollowback #socialnetwork,NEUTRAL
#Android #Google Download: Android 4.0 Ice Cream Sandwich SDK System Dump http://t.co/VyyAsBM6 #DhilipSiva,NEUTRAL
"#Android #Google Nexus Site Updated With ICS and Galaxy Nexus, Register to be Notified http://t.co/GHPDQALt #DhilipSiva",NEUTRAL
#Android #Google Official Promo Video Reveals Verizon Wireless Destination http://t.co/xKH7UGY4 #DhilipSiva,NEUTRAL
#google's galaxy #nexus just came out with #anroid4.0. http://t.co/p5kuIoox,NEUTRAL
RT @EcommNewsUpdate Steve Yegge's Google Plus Rant - Google's Pathetic Afterthought http://t.co/4Tt5OsvN #blog #facebook #google #googleplus,NEUTRAL
BuzZz...: Google Wallet Introduction Video http://t.co/Q00gYwQH #Google #Wallet,NEUTRAL
"Google is rolling out a suite of new changes to its Google Docs service, including 50 new features for ... http://t.co/3j4Vd8WF #Google+",NEUTRAL
"Ballmer also said that the company has a ""variety of different ways"" to respond to Hangouts, the group ... http://t.co/brBjtB86 #Google+",NEUTRAL
"As far as I can tell, Google engineer Steve Yegge never intended to become famous for criticizing the c... http://t.co/SO1rCq0y #Google+",NEUTRAL
"#Google confirms #Nexus S will get #Ice_Cream_Sandwich -- for real this time (#Gingerbread devices, too) http://t.co/apLj6Tsk via @engadget",NEUTRAL
"#Google confirms #Nexus S will get #Ice_Cream_Sandwich -- for real this time (#Gingerbread devices, too) http://t.co/RajAK9P2",NEUTRAL
"www.geoloco.tv - #Geoloco, future of tech, brands, ads in location revolution - 11-3 San Francisco - keynotes #Google, #Facebook, #Starbucks",NEUTRAL
#Google confirms #Nexus S will get Ice Cream Sandwich -- for real this time (#Gingerbread… http://t.co/vIoR326D,NEUTRAL
#Samsung Galaxy #Nexus hands-on (#video) http://t.co/w4muSKEm #android #galaxynexus #galaxynexus #google,NEUTRAL
#Google announces #NFC-based #Android Beam for sharing between phones http://t.co/VonJhtjE #android40 #androidbeam,NEUTRAL
#Android #Google First Official Galaxy Nexus / Ice Cream Sandwich Promo Video With Feature Highlights... http://t.co/LtrC34VG #DhilipSiva,NEUTRAL
the announcement is in hong kong....... gotcha #icecreamsandwhich #android #galaxynexus #mynextphone #google #ics #droid,NEUTRAL
Discover #Keywords & #Business Critical Information to be No 1 on #Google read aspenIbiz #blog post http://t.co/Rotiieo0,NEUTRAL
Texas Instruments confirms Galaxy Nexus has newer OMAP4460 processor http://t.co/wqQV4lyu #google #googlenexus,NEUTRAL
Samsung and #Google Announce Galaxy Nexus and #Android 4.0–Ice Cream Sandwich http://t.co/g6EOfUYY #news #android40,NEUTRAL
Android 4.0 SDK now available #google #android http://t.co/P05YR6PC,NEUTRAL
Android 4.0 SDK now available #google #android http://t.co/dB2Rzsu5 #neowin,NEUTRAL
Android 4.0 SDK now available #google #android http://t.co/LzJmTGQ9,NEUTRAL
"#Google thinks your digital books belong on a digital #bookcase, digitally (video) http://t.co/Qtt22akr",NEUTRAL
"And my favorite, ""is @danielltosh gay?"" #Google #autocomplete",NEUTRAL
How do you get pink eye? #Google #autocomplete,NEUTRAL
"#Google unveils Ice Cream Sandwich, SDK is available now http://t.co/JHGldej9",NEUTRAL
RT @rishij_pune: #google must b having sum underlying reasoning 4 naming products after eatables #eclair #gingerbread #icecream #rawados ...,NEUTRAL
#Android + #Google have all of the tools to reshape the market. I should probably take a break from all this #ICS talk. http://t.co/D6T2XYAD,NEUTRAL
"@LegiondaChosen1: Check out ""Big Hit feat. LegiondaChosen1 - I'm On 1 - Freestyle"" - http://t.co/IfxU5Za0 #Google Me!!",NEUTRAL
On Google+ then go here http://t.co/5tbv933W #GPlus #Googleplus #Google #teamfollowback #socialnetwork,NEUTRAL
#google #icecream #galaxy #nexus http://t.co/gkoHBpN8,NEUTRAL
RT @VentureBeat: #Google releases an Infinite Digital Bookcase http://t.co/gVbdhLiu by @MeghanKel,NEUTRAL
Why are manhole covers round? #Google #autocomplete,NEUTRAL
RT @NeowinFeed Google shows off new Ice Cream Sandwich features #google #android http://t.co/TAJFjSD9 #neowin,NEUTRAL
"China Machado, I was googling earlier the women that resembles my momma) #iphoneartists #conceptualart #google http://t.co/TZvjaQlI",NEUTRAL
"RT @Div_Spartan: Fellow Michiganders, do the right thing. Get online! #Google helping #Michigan businesses get online http://t.co/npz2KwmQ",NEUTRAL
RT @jessvpeterson: Ever post something to the wrong circles?  #google+,NEUTRAL
#Samsung #google #nexus,NEUTRAL
DAMN!!! #Galaxy #Nexus #Google #Android http://t.co/DL3cNtEU time for me to upgrade my Nexus S xD,NEUTRAL
Anyone use #Google+?,NEUTRAL
#Android #Google Need Proof of Verizon’s Galaxy Nexus? http://t.co/jcP7bkvg #DhilipSiva,NEUTRAL
Galaxy Nexus #GalaxyNexus #Android #Google http://t.co/AWJHxwGT #followme,NEUTRAL
Android Ice Cream Sandwich adds Face Unlock feature http://t.co/45HxZE0o #Tech #google,NEUTRAL
#Google releases an Infinite Digital Bookcase http://t.co/12AuhZ6o by @MeghanKel,NEUTRAL
"#Google encrypts search data against hackers, marketers 'howl': http://t.co/nFwcQD9R | #divisions",NEUTRAL
#Google Android Ice Cream Sandwich OS http://t.co/VhntGols #technology #androidicecream #nexusprime #sandwichos,NEUTRAL
#Android #Google Video: Samsung Galaxy Nexus Announcement and Official Promo http://t.co/4ErExB4T #DhilipSiva,NEUTRAL
"#Android #Google ICS Has Completely Revamped Your Contacts Into The ""People"" app http://t.co/QDoGji0U #DhilipSiva",NEUTRAL
http://t.co/pUvXwjjc Is it #Google #bookmark or #links that bring site #traffic blogspot http://t.co/KPdXWPEB wp http://t.co/31g0geqy,NEUTRAL
#Facebook vs. #Google+ : Which #SocialMedia Platform is the Best for You? | @customerthink http://t.co/QqkviaAn,NEUTRAL
"Android 4.0 Ice Cream Sandwich Official, SDK Now Available http://t.co/9zUBrPE2 #tech #google",NEUTRAL
How #Google Ventures Chooses Which Startups Get Its $200 Million http://t.co/FCWXoUd8 via @mashbusiness @mashable,NEUTRAL
#goodtoknow #privacy #google http://t.co/Ye337YR6,NEUTRAL
Samsung Galaxy Nexus: Android 4.0 Smartphone Unveiled : http://t.co/b5jmtr1L #android #google #mobile #news,NEUTRAL
Samsung And Google Announce Galaxy Nexus http://t.co/I6r95xgK #samsung #galaxy #nexus #google #android #ICS #news #tech,NEUTRAL
Newest version of my (and @latc214's) phone (and a new version of Android) announced today. http://t.co/7acjrKIN #nexus #google #samsung,NEUTRAL
#Google's #Android 4.0 Development Plan: Make Android Prettier http://t.co/7X0OFPuq @paidcontent,NEUTRAL
#Google springs #IceCreamSandwich on Samsung #GalaxyNexus smartphone. Android tablets soon? http://t.co/yyU5q0I7 (TabTimes),NEUTRAL
It tells you where to find your next drink. RT @RoycinD: What the fuck is a Barometer doing in a phone? Eh? #ICS #google #galaxynexus,NEUTRAL
"Good To Read: Google steps up its privacy game, launches Good To Know (ZDNet - Oct.18) #google http://t.co/qKthMjwo",NEUTRAL
"Thank you, Internet, for allowing me to be Bunny Watson for my friends. #google #imdb #allmusic",NEUTRAL
#Google weiterhin auf der Erfolgsspur http://t.co/lf3RkTcJ,NEUTRAL
Well we should knw that this isnt the app from #google unlike #Apple.,NEUTRAL
Samsung e o Google lançam hoje o Galaxy Nexus e o Android 4.0 http://t.co/PW4KRE0F #google #samsung,NEUTRAL
RT @BatzayaB: #Google #Android Ice Cream Sandwich 4.0 (photos) http://t.co/XlJBYgIS,NEUTRAL
#Google #Android Ice Cream Sandwich 4.0 (photos) http://t.co/iK3Iq8KR,NEUTRAL
"#Google #Galaxy #Nexus, Miam !

http://t.co/8UpG3BOg",NEUTRAL
On Google+ then go here http://t.co/VS0UJozD #GPlus #Googleplus #Google #teamfollowback #socialnetwork,NEUTRAL
#Google Unwrapping Ice Cream Sandwich on the Galaxy Nexus http://t.co/D7ntPaIt,NEUTRAL
Google Galaxy Nexus http://t.co/vWpuA2gt #google #galaxynexus #android #ICS,NEUTRAL
Some people should not post replies in #Google+ threads. Their posts only continue to weaken their creditbility.,NEUTRAL
#Android #Google Android 4.0 (Ice Cream Sandwich) SDK and ADT 14 Released http://t.co/wG9xoNkg #DhilipSiva,NEUTRAL
"#Android #Google Official Galaxy Nexus Site Goes Live, Highlights Ice Cream Sandwich And Galaxy Nexus... http://t.co/4ijvupvq #DhilipSiva",NEUTRAL
Reading: Android 4.0 'Ice Cream Sandwich' Features Announced By Google (HuffPost- Oct.18) #google http://t.co/wmqNPcLV,NEUTRAL
Galaxy Nexus #Android ICS barometer will undoubtedly be used to add 3D to #Google Maps.,NEUTRAL
#Google+,NEUTRAL
@dwtalker that's some tough competition right there http://t.co/XP9LhjpR #TechWar #Google #Facebook #Apple #Amazon,NEUTRAL
#Android #Google Calling all speed demons - Galaxy Nexus! http://t.co/kma7ZnAf #DhilipSiva,NEUTRAL
#Android #Google Android Beam makes NFC for more than paying for things http://t.co/dxrbxjkB #DhilipSiva,NEUTRAL
Calling all speed demons - Galaxy Nexus! http://t.co/7OyVuqdq  #android #google,NEUTRAL
Android Beam makes NFC for more than paying for things http://t.co/3wKMrcTL  #android #google,NEUTRAL
"#Google Docs presentations get real-time collaboration, transition effects and more #SocialMedia #SMM http://t.co/ekdJXo5h",NEUTRAL
Yeni Galaxy Nexus - http://t.co/QZcbA4Bx #google #galaxynexus,NEUTRAL
www.google.com/googlenexus #google #android #icecreamsandwich #googlenexus,NEUTRAL
RT @MikeMcCready: Don’t Cast Your Google Adwords Net Too Wide | Mike McCready http://t.co/ms06fehi #google #adwords,NEUTRAL
"#Google, #Samsung unveil Ice Cream Sandwich powered Galaxy Nexus.. #Android4.0",NEUTRAL
I'm thinking seriously to make my own page in #wikipedia just to find myself in #google.,NEUTRAL
#Google is introducing #GalaxyNexus. You can unlock you phone by smile. Other then that....get an iPhone.,NEUTRAL
Unwrapping Ice Cream Sandwich on the Galaxy Nexus http://t.co/9IvTJkit #Google,NEUTRAL
Unwrapping Ice Cream Sandwich on the Galaxy Nexus http://t.co/QoXd3I0s #google,NEUTRAL
"Update : Google Officially calls Android Ice Cream Sandwich, Shouts Android 4.0 http://t.co/zzRuwrSk  #google #ics #android4",NEUTRAL
116 new #jobs posting for #google http://t.co/XfG6l29D  #jobely,NEUTRAL
Is Google Analytics Reverse-Engineering Facebook?: http://t.co/mJHRoa7L #google #facebook #media #digitalstrategy,NEUTRAL
RT “@Ant0ineH: Twitter Will Beat #Google+ And #Facebook With Simplicity- #Twitter CEO http://t.co/melkHdb7” Beat? You aren't competitors…,NEUTRAL
RT @meko2301: #Google #Android #ICS #IceCreamSandwich,NEUTRAL
who the hell is #ambercole?? i dont feel like i care enough to #google this bitch so ill ask you guys!,NEUTRAL
Posting on #twitter about #google+ suggesting I add Tom from #myspace I think the universe just exploded. #justsayin,NEUTRAL
#Pearson and #Google take advantage of the profound lack of LMS PD with their new offering http://t.co/4RsRDU4G Also do not do reporting,NEUTRAL
Unwrapping Ice Cream Sandwich on the Galaxy Nexus http://t.co/qukDb5lb #google #mobile,NEUTRAL
#Google #Android #ICS #IceCreamSandwich,NEUTRAL
http://t.co/pUvXwjjc How do #CMM & #BBC get #massive #hits? Is #Google @ work? blogspot http://t.co/KPdXWPEB wp http://t.co/31g0geqy,NEUTRAL
"Google Reveals the Details of Android OS 4.0, Samsung Galaxy Nexus http://t.co/KyxuNP8I #google #android #samsung",NEUTRAL
#google must b having sum underlying reasoning 4 naming products after eatables #eclair #gingerbread #icecream #rawadosa #android,NEUTRAL
Installing the Ice Cream Sandwich SDK #android #google,NEUTRAL
nothing like saying 'screw you' to a bad real estate company on 7 different social pages! #google #citysearch #yellowpages #yelp #yahoo ...,NEUTRAL
Cool Infographic: Perks working for the big techs like #Google & #Facebook | http://t.co/lNEgf7Kn,NEUTRAL
On Google+ then go here http://t.co/K6BggvDx #GPlus #Googleplus #Google #teamfollowback #socialnetwork,NEUTRAL
#Google To Begin Encrypting Searches & Outbound Clicks By Default With SSL Search http://t.co/xW7vh75e,NEUTRAL
#droidtweak #Video: #IceCreamSandwich on the #GalaxyNexus http://t.co/vBcl0OzP #googlephone #nexus1 #NexusS #google,NEUTRAL
Galaxy Nexus – the first Ice Cream Sandwich phone coming to Verizon http://t.co/BiPvBdxz  #android #google,NEUTRAL
is oxycodone and nyquil a bad mix? lol .. I don't think so but.. #ineedadoctor and I'm to lazy to use #google,NEUTRAL
Big Money... http://t.co/Ms6AwiX4 #seo #search #google #hack #sem #it #business #web #marketing #online #yes #hot #winning,NEUTRAL
RT @RUILIFESTYLE: #GOOGLE THE MIXTAPE http://t.co/v8zTtNVV,NEUTRAL
#Android #Google Meet the Samsung Galaxy Nexus and Ice Cream Sandwich http://t.co/2VWXzReW #DhilipSiva,NEUTRAL
#Samsung Galaxy Nexus is now confirmed http://t.co/v4LR34p3 #googlenews #mobile #android40icecreamsandwich #google,NEUTRAL
#Android #Google Android 4.0 SDK now available http://t.co/HI1cQ2si #DhilipSiva,NEUTRAL
#Android #Google Samsung Galaxy Nexus release details still in short supply http://t.co/s6A7Y9WT #DhilipSiva,NEUTRAL
#Android #Google Samsung Galaxy Nexus hands-on roundup http://t.co/RE1EnpaU #DhilipSiva,NEUTRAL
Don’t Cast Your Google Adwords Net Too Wide | Mike McCready http://t.co/ms06fehi #google #adwords,NEUTRAL
Unwrapping Ice Cream Sandwich on the Galaxy Nexus http://t.co/TCKtgpBH #Google,NEUTRAL
"Google details Android 4.0 Ice Cream Sandwich, offers SDK http://t.co/mShfEQe6 #Android #Google",NEUTRAL
"Google details Android 4.0 Ice Cream Sandwich, offers SDK http://t.co/66fHUs6n #Android #Google",NEUTRAL
Dennis Goedegebuure’s Thoughts on Changes in #Google Analytics: I contacted Dennis and asked… http://t.co/okCwNrpq,NEUTRAL
"Article Recap on the #Google Analytics ""Secure"" Change: Here are some articles we found after… http://t.co/RPTLWMLo",NEUTRAL
#Google releases an Infinite Digital Bookcase http://t.co/FbvZq8Yp by @MeghanKel,NEUTRAL
"Check out "" @Legiondachosen1 ft. Big Hit - My Life's A Movie (snippet) - Prod. by @LegiondaChosen1"" - http://t.co/XjTCc7j7 #Google Me!!",NEUTRAL
Massive Galaxy Nexus/Ice Cream Sandwich Recap. - http://t.co/I8SW5Udz #galaxynexus #Google #ics #Samsung,NEUTRAL
#Android #Google Three UK to carry Samsung Galaxy Nexus http://t.co/Lt4m2HH4 #DhilipSiva,NEUTRAL
#Android #Google Google updates Nexus site with Galaxy Nexus details http://t.co/BeckhmA1 #DhilipSiva,NEUTRAL
Three UK to carry Samsung Galaxy Nexus http://t.co/SwvAcbxC  #android #google,NEUTRAL
Google updates Nexus site with Galaxy Nexus details http://t.co/LaSn4ol0  #android #google,NEUTRAL
"RT @tatn: #Google, #Samsung unveil Ice Cream Sandwich-powered Galaxy Nexus http://t.co/uY7KWJiY via @CNET #Android",NEUTRAL
"#Google, #Samsung Add ’Ice Cream Sandwich’ Phone http://t.co/oOdugpqG $AAPL $GOOG #hitech #gadgets #mkt #digital",NEUTRAL
"#google+ ...thoughts? to sign up or not to sign up, that is the question...",NEUTRAL
"#Google Ice Cream Sandwich, Nexus Prime Launch [LIVE BLOG] http://t.co/YD4FBog3 #uncategorized #android",NEUTRAL
#Google has been released #Android 4.0 platform http://t.co/mvdCD0v8,NEUTRAL
#Google Defaults to Encrypted HTTPS #Searches for Logged In Users [#Security] http://t.co/kzMZDxmE,NEUTRAL
"#Android #Google Samsung's Galaxy Nexus - It's Official, It's Headed For Global Availability, And It's... http://t.co/TI9Hy8LW #DhilipSiva",NEUTRAL
"Personal-finance #security #startup @BillGuard raises $10mn from #KhoslaVentures, Peter Thiel’s @FoundersFund n #Google http://t.co/UdlOQFsA",NEUTRAL
#google just invented #mango taste #icecream. even the #roboto is so #segoe. but it's ok. every oem will have to pay #ms anyway... LOL.,NEUTRAL
Embed Google Calendar To Your Wordpress Post: http://t.co/ah8km2JF #wordpress #google,NEUTRAL
#Google To Begin Encrypting Searches & Outbound Clicks By Default With SSL Search http://t.co/bf5zVm0U @searchengineland,NEUTRAL
"#samsung #google #galaxynexus We got the lowdown after the Hong Kong press release, check it out: http://t.co/OWhYR0YJ",NEUTRAL
"#google #IceCreamSandwich #Samsung #Updates #Android | 
Galaxy Nexus with Ice Cream Sandwich: pictures http://t.co/lfpPk5Yk",NEUTRAL
"#google #IceCreamSandwich #Samsung #Updates #Android | 
Galaxy Nexus with Ice Cream Sandwich: pictures http://t.co/qD1bqVm8",NEUTRAL
"#google #IceCreamSandwich #Samsung #Updates #Android | 
Galaxy Nexus with Ice Cream Sandwich: pictures http://t.co/eizExUn0",NEUTRAL
"#google #IceCreamSandwich #Samsung #Updates #Android | 
Galaxy Nexus with Ice Cream Sandwich: pictures http://t.co/DGGsNOh2",NEUTRAL
"#google #IceCreamSandwich #Samsung #Updates #Android | 
Galaxy Nexus with Ice Cream Sandwich: pictures http://t.co/XPGHLC2o",NEUTRAL
"#google #IceCreamSandwich #Samsung #Updates #Android | 
Galaxy Nexus with Ice Cream Sandwich: pictures http://t.co/rUkTyUJC",NEUTRAL
"#google #IceCreamSandwich #Samsung #Updates #Android | 
Galaxy Nexus with Ice Cream Sandwich: pictures http://t.co/3GC0UEPM",NEUTRAL
"#google #IceCreamSandwich #Samsung #Updates #Android | 
Galaxy Nexus with Ice Cream Sandwich: pictures http://t.co/STIfQWTU",NEUTRAL
"#google #IceCreamSandwich #Samsung #Updates #Android | 
Galaxy Nexus with Ice Cream Sandwich: pictures http://t.co/8fiwDhcC",NEUTRAL
#SEO Tip:Redirect http://t.co/IWeHzOqX to http://t.co/YQYNjBdy by using 301 redirection. #google #yahoo #bing #web,NEUTRAL
#Google #Cloud Epson Artisan 837: According to Epson you can also upgrade the printer to support Google Clo... http://t.co/D6gFyji3 #TCN,NEUTRAL
Chrome Experiment - WebGL Bookcase - http://t.co/1GNsOwmu #Google,NEUTRAL
Word of Mouth and the Internet - YouTube http://t.co/UCD9sDx4 #google #searching #wom,NEUTRAL
@AtlantaSnoop yea I've seen my #location waaaay off on #google sites. Not a big deal but still strange. #spookygoogle,NEUTRAL
#Android #Google Galaxy Nexus Site is Live: Register and Relive the New Features http://t.co/7llRSpUO #DhilipSiva,NEUTRAL
On Google+ then go here http://t.co/iLjdQBpT #GPlus #Googleplus #Google #teamfollowback #socialnetwork,NEUTRAL
#Google & Samsung announced their (hopeful) rebuttal to iPhone 4S tonight... site shows nice specs but no carriers yet. http://t.co/Z8SDgUT9,NEUTRAL
RT @GWGoddess: We could have told you this two years ago! http://t.co/6BZ6W7cf @Novell #GroupWise #Google,NEUTRAL
@Affan Fact! They still do everything better though #google,NEUTRAL
@jpobrien11 or windows bridge for windows phones and don't try and pretend apple didn't steal the notification bar from #google #droidtweets,NEUTRAL
What could a bookcase look like in 10 years...maybe this? http://t.co/i6YWQ7oR  #google #books,NEUTRAL
And thanks to TWIT's AAA crew for the live coverage of the #Google / Samsung announcement!,NEUTRAL
Check%RT @CadientGroup: $6% of women use #Google for info on health care vs 28% of men -&gt; http://t.co/QEfhPgX2 (via @nicolaziady) #hcsmeu,NEUTRAL
Infinite digital dusting RT @VentureBeat: #Google releases an Infinite Digital Bookcase http://t.co/8m7gN6iN,NEUTRAL
The competition: #Google introduces #Android 4.0 Ice Cream Sandwich and the Galaxy Nexus http://t.co/PCu88z7j,NEUTRAL
"Hide the women and children, break out the guns, #Google is going to encrypt your searches by default! http://t.co/2VbCGLgp #SEO",NEUTRAL
#Android #Google Android 4.0 Ice Cream Sandwich SDK is available today http://t.co/mTnbj9hD #DhilipSiva,NEUTRAL
RT @BrightSideNews: @Google and @Samsung Announce the #Galaxy #Nexus http://t.co/dZHvFxVh #Android #ICS #Icecreamsandwich #Google #Samsung,NEUTRAL
So #Google #Droid is built (in part) using the bouncy castle C# api. C# is a  Microsoft programming language. +1 for all you #Linux Fanboys,NEUTRAL
My thoughts on tonight's #Google Ice Cream Sandwich and #Samsung Galaxy Nexus talk: http://t.co/gu7ScKXL,NEUTRAL
#Galaxy #Nexus Officially Announced At Hong Kong Event http://t.co/wMy6LoCd #google,NEUTRAL
#Android #Google Ice Cream Sandwich SDK now available http://t.co/K0tksZ1O #DhilipSiva,NEUTRAL
Ice Cream Sandwich SDK now available http://t.co/ZOgECNER  #android #google,NEUTRAL
@csg122 http://t.co/TBxLrvin Hopefully you check twitter often enough to find this article. :D #google #ICS,NEUTRAL
Why is everyone hating on #Android #IceCreamSandwich? #ICS #everyoneisacritic #os #google,NEUTRAL
#Android #Google Galaxy Nexus Press Release http://t.co/JKrzYGBO #DhilipSiva,NEUTRAL
engineers #google Manny Marroquin #MannyMarroquin,NEUTRAL
@Google and @Samsung Announce the #Galaxy #Nexus http://t.co/dZHvFxVh #Android #ICS #Icecreamsandwich #Google #Samsung,NEUTRAL
"Will the #Galaxy #Nexus be coming to #Sprint? No mention of price, carriers, or source release for ICS. Give us those info #Google!",NEUTRAL
"RT @aalkhubaizi: Introducing Android 4.0, Ice Cream SandwichIntroducing Android 4.0, Ice Cream Sandwich http://t.co/L4Hqkv0c #Google #An ...",NEUTRAL
"#Advertising #Blog Today's blog covers the #IGen and #Google's ""Parisian Love"" Debating with @smarch323 for your votes! http://t.co/x3JY4b2L",NEUTRAL
RT @DarkoIvancevic: How #Google Ventures Chooses Which Startups Get Its $200 Million http://t.co/9WDpnVDR,NEUTRAL
Siri's Search Capabilities vs Google Voice Search on Android - Tested http://t.co/YKiFTufX #apple #google #voip,NEUTRAL
#Google announces #NFC-based #Android Beam for sharing between phones http://t.co/5PAI7r8y,NEUTRAL
#Google announces #NFC-based #Android Beam for sharing between phones http://t.co/zYKEr3ax via @engadget,NEUTRAL
"#Android #Google Android 4.0 Ice Cream Sandwich Official, SDK Now Available http://t.co/rXuPIW2U #DhilipSiva",NEUTRAL
On Google+ then go here http://t.co/kDHaUfDl #GPlus #Googleplus #Google #teamfollowback #socialnetwork,NEUTRAL
"Samsung Galaxy Nexus - the new official Google smartphone with Android 4.0 ""Ice-Cream Sandwich"" http://t.co/S8hSL06q #Google #Android",NEUTRAL
#Google releases the latest version of #Android 4.0  #IceCreamSandwich http://t.co/fB7y5E1e,NEUTRAL
"Also, I maybe missing something here. But I thought #Google bought #Motorola Mobile? So, what's with all the #Samsung Love??",NEUTRAL
ahahaa for the twitpic... the power of #google,NEUTRAL
"Google unveils Ice Cream Sandwich, SDK is available now http://t.co/901Ay8Qr via @talkandroid #ics #google #android #samsung #galaxynexus",NEUTRAL
"RT @whymicrosoft: Google’s Ad revenue for Q3 was 96% of total revenue. So, are #Google customers the commodity being sold to advertisers?",NEUTRAL
#Google #Samsung #GalaxyNexus http://t.co/1C5iEpPk,NEUTRAL
RT @mashable #Google Launches #Android Ice Cream Sandwich OS http://t.co/zxfeb0ld,NEUTRAL
RT @mcala: #windowsphone Metro style has obviously impressed somebody at #Google. #imitation #flattery #Android 4.0,NEUTRAL
"#Android #Google Galaxy Nexus and Ice Cream Sandwich Promo Video Released, Verizon Spotted in... http://t.co/1niTrTzu #DhilipSiva",NEUTRAL
#Google announces #NFC-based #Android Beam for sharing between phones http://t.co/dduu9ffd,NEUTRAL
RT @dalmaer: WebGL infinite bookcase UI http://t.co/bvu1qtkT #google,NEUTRAL
#TeamGoogleNexus RT @B__Y #Google + #Samsung = Perfect #Icecream sandwich #GalaxyNexus,NEUTRAL
#Google does away with #Buzz - http://t.co/uqMIQbBT #SearchEngine #Search #SocialNetworking #Social #Network,NEUTRAL
Add me to your circles on #Google+,NEUTRAL
"HNews: Google, Samsung unveil Ice Cream Sandwich-powered Galaxy Nexus http://t.co/elh77r4p #google #.net",NEUTRAL
#Google Buzz to the junkyard along with four other services including Jaiku http://t.co/XzxMHuuu &gt; liked Jaiku,NEUTRAL
#Google Buzz to the junkyard along with four other services including Jaiku http://t.co/lm79ZlWA &gt; liked Jaiku,NEUTRAL
#Google (and #Twitter ) get ready for the debut of #IceCreamSandwich http://t.co/T36KZ6gf,NEUTRAL
#SEO Tip:Examine #Google #Analytics reports frequently.Check the conversion and bounce rate+analyze traffic sources,NEUTRAL
"3 new stuffs today, #Motorola #razr, #Samsung #Galaxy #Nexus, #Google #Android 4.0 #IceCreamSandwich #ICS ~",NEUTRAL
Ever post something to the wrong circles?  #google+,NEUTRAL
"Introducing Android 4.0, Ice Cream SandwichIntroducing Android 4.0, Ice Cream Sandwich http://t.co/L4Hqkv0c #Google #Android",NEUTRAL
Calling All #IceCreamSandwich Lovers | #Google & #Samsung Like in Hong Kong - A new look at what's new from Android http://t.co/rUkTyUJC,NEUTRAL
Calling All #IceCreamSandwich Lovers | #Google & #Samsung Like in Hong Kong - A new look at what's new from Android http://t.co/STIfQWTU,NEUTRAL
Calling All #IceCreamSandwich Lovers | #Google & #Samsung Like in Hong Kong - A new look at what's new from Android http://t.co/3GC0UEPM,NEUTRAL
Calling All #IceCreamSandwich Lovers | #Google & #Samsung Like in Hong Kong - A new look at what's new from Android http://t.co/qD1bqVm8,NEUTRAL
Calling All #IceCreamSandwich Lovers | #Google & #Samsung Like in Hong Kong - A new look at what's new from Android http://t.co/eizExUn0,NEUTRAL
Calling All #IceCreamSandwich Lovers | #Google & #Samsung Like in Hong Kong - A new look at what's new from Android http://t.co/XPGHLC2o,NEUTRAL
Calling All #IceCreamSandwich Lovers | #Google & #Samsung Like in Hong Kong - A new look at what's new from Android http://t.co/lfpPk5Yk,NEUTRAL
Calling All #IceCreamSandwich Lovers | #Google & #Samsung Like in Hong Kong - A new look at what's new from Android http://t.co/DGGsNOh2,NEUTRAL
Calling All #IceCreamSandwich Lovers | #Google & #Samsung Like in Hong Kong - A new look at what's new from Android http://t.co/8fiwDhcC,NEUTRAL
"#Google, #Samsung unveil Ice Cream Sandwich-powered Galaxy Nexus http://t.co/qtiCdIvd via @CNET #Android",NEUTRAL
Motorola Droid Razr vs. Samsung Galaxy Nexus (chart) - CNET (blog) http://t.co/oRkTnT7R #nexus #one #google,NEUTRAL
"""#Google, Samsung unveil Ice Cream Sandwich-powered #Galaxy #Nexus"" - http://t.co/r8f0jmGY",NEUTRAL
#Microsoft's Ballmer: We’re beating #Google in the #cloud http://t.co/XIq3v54f,NEUTRAL
Guess what I spotted a couple days ago... didn't expect to see one especially in the West Village #Google http://t.co/Xop25kvU,NEUTRAL
#Google officially announces Ice Cream Sandwich http://t.co/8U9XMNz9 #smartphones #tablets #news #android,NEUTRAL
20% searches on  #Google  are related to location. 33% mobile search queries have local intent.,NEUTRAL
"RT @ChWilhelm: #Google Wallet adds #coupons, rewards, and more #retail partners http://t.co/1s3wWs54 #li",NEUTRAL
@OccupyWallSt #Apple stock DOWN despite #iPhone monumental SALES = #ocuupy #GOOGLE & #Verizon--i smell a #conspiracy!,NEUTRAL
#Google announces #Android #Beam for sharing between Android Phones. Based on NFC technology. http://t.co/bc7yhhR4,NEUTRAL
How to Create your own Google Maps http://t.co/yyNzSP8J #google #maps,NEUTRAL
"Sucks that I just threw down $3 for a panorama app when #ICS will have it as standard. Oh #Google, you pleasant bastards, you!",NEUTRAL
It Is Indeed #Apple & #Google vs #TheOldWay!,NEUTRAL
@Ayy_Queen #google it lol espn too,NEUTRAL
The better question is if (and when) current devices will get the update.  #Android #Google #IceCreamSandwich,NEUTRAL
I just noticed that #google+ has introduced real time search.,NEUTRAL
$6% of women use #Google for info on health care vs 28% of men -&gt; http://t.co/PM6wxvQb (via @nicolaziady) #hcsmeu #epharma,NEUTRAL
Just Been To The Future And Back lol... Just Watch Something Happening Tomorrow Morning! #Google #Android,NEUTRAL
"Thank you for the laughs #Google, ""tapping my peepz"", white suit, face unlock fail, using an LED screen for a video cast. Love it anyway &lt;3",NEUTRAL
The Great Tech War Of 2012 - http://t.co/OY8PuVhP #Apple #Facebook #Google #Amazon,NEUTRAL
"Does Ice Cream Sandwich have a ""private browsing mode"" for, you know, ""me time?"" #google #android",NEUTRAL
Soooooo @VerizonWireless... All eyes on you! When can we order? #Nexus #Samsung #Google #ICS,NEUTRAL
"Android Beam, panorama, Gmail offline, lockscreen, contacts, facial recognition unlock... #IceCreamSandwich #NexusPrime #Google",NEUTRAL
Looking at some of the new features of #ICS it looks like #Google got some inspiration from #CyanogenMod.,NEUTRAL
All the info on Ice Cream Sandwich here : http://t.co/f0rNfGPA @twandroid #google #nexusprime #ics #android,NEUTRAL
WebGL infinite bookcase UI http://t.co/bvu1qtkT #google,NEUTRAL
RT @charmybird Soon. Getting ready for the party. #google #android #icecreamsandwich http://t.co/puMwmM9m,NEUTRAL
RT @pretty_browniee: #oomf gone get it next week i promise! Man you better #Google tht!!!,NEUTRAL
@AndroidPolice Duly noted -- I hope AOSP is updated with ICS 4.0. #Android #Google,NEUTRAL
is #google the next innovators ?,NEUTRAL
On Google+ then go here http://t.co/hhAmwm8K #GPlus #Googleplus #Google #teamfollowback #socialnetwork,NEUTRAL
#Android #Google Android 4.0 Platform and Updated SDK Tools http://t.co/0jRKtQ2S #DhilipSiva,NEUTRAL
Recent study of #Google CTR reveals that top three positions #in #GoogleSearch receive 35% of traffic. @Econsultancy http://t.co/Z2bh6oH1,NEUTRAL
"#Google Ice Cream Sandwich, Nexus Prime Launch [LIVE BLOG] http://t.co/kj2y69HM",NEUTRAL
RT @charlieroffe: Welcome Ice Cream Sandwich! #android #google #icecreamsandwich http://t.co/IFlB5EhJ,NEUTRAL
"Amazes me, I set up a #GMail address and have yet to use it even once and it's getting a ton of spam #Google",NEUTRAL
"Haven't even freshened up, due to #Google's #IceCreamSandwichEvent. #OffToShower now.",NEUTRAL
"The Ice Cream Sandwich presentation was very buggy, however 4.0 looks much more promising than expected.  #Android #GalaxyNexus #Google",NEUTRAL
Recent study of #Google CTR reveals that top three positions in #GoogleSearch receive 35% of traffic.... http://t.co/IHts3PyW,NEUTRAL
"Hey, #google!  You lied.  #android 4.0 platform is not up as a link yet.  But I found it. http://t.co/v5WG698V #ics #sdk",NEUTRAL
"#google #yahoo #bing Ballmer on Bing, Xbox, Apple...oh, and Yahoo, too http://t.co/CfHu4jBP #seo #serps",NEUTRAL
So is the #galaxynexus coming to @sprint any info @android #google #android,NEUTRAL
#Google Google Event: Vorstellung des Samsung Galaxy Nexus (Caschys Blog): o3:30 klingelte mein Wecker. Googles ... http://t.co/QnVDVcMX,NEUTRAL
That was good but when is it coming out? What carriers? What pricepoints? #android #google,NEUTRAL
Welcome Ice Cream Sandwich! #android #google #icecreamsandwich http://t.co/IFlB5EhJ,NEUTRAL
@YoungBasedSonic #Google,NEUTRAL
"RT @tiffanyk: [#Infographic] #Google+ cost half a billion to build, driving users to #1 most followed user: Mark Zuckerberg. http://t.co ...",NEUTRAL
#ai #google #ai #samsung,NEUTRAL
"What? No ""one more thing!"" ? #Samsung #Google #Nexus",NEUTRAL
For all the bookworms out there! http://t.co/Mx2bMy3o #Google’s Infinite Bookcase: An Abstract Browser For Limitless Libraries #technews,NEUTRAL
"Can Bill Gross Take On #Facebook, #Twitter & #Google+ With Chime.in? - Forbes http://t.co/pG5uHrmI #socialmedia",NEUTRAL
RT @NeowinFeed: Ice Cream Sandwich to stop carriers bullying smartphone users #google #android http://t.co/HHfJbBHU #neowin,NEUTRAL
Just wonder how much time it will take throw an update of #android ICS on Nexus S !!! Please #google make it quick this time,NEUTRAL
Ice Cream Sandwich to stop carriers bullying smartphone users #google #android http://t.co/a0wncHmI,NEUTRAL
Ice Cream Sandwich to stop carriers bullying smartphone users #google #android http://t.co/HHfJbBHU #neowin,NEUTRAL
How much house can i afford #Google,NEUTRAL
#google #icecreamsandwich event featured #minecraft,NEUTRAL
#Android Ice Cream Sandwich #Gmail reminds me a lot of #iOS mail app #CopyAndPaste #Google,NEUTRAL
"Samsung Galaxy Nexus Official, Launches Worldwide November - http://t.co/UX1CiB6A #galaxynexus #samsung #google #ics",NEUTRAL
@eboyee S tim da http://t.co/hX21e1JK daje Server Error :)  #Google #IceCreamSandwich,NEUTRAL
Engadget following #android #galaxy #nexus event #google #samsung #ICS http://t.co/vZx25ht8,NEUTRAL
RT: Collobrate and present. New version of Google presentations. http://t.co/xmF34T27 VIA @googledownunder #google #googlepresentations,NEUTRAL
"Sdk available now, so you can develop apps for the phone and tablets right now. #Android4.0 #Google",NEUTRAL
Great hardware and great new version of Android. I want it now. API is available now at least. #Google #Android #ICS #Development,NEUTRAL
@notch Minecraft Mobile was just mentioned by #Google while they were demoing ICS on the Nexus Prime!,NEUTRAL
#Google unveils Android 4.0 ‘Ice Cream Sandwich’ http://t.co/dciffpI1 via @BGR,NEUTRAL
"Hey #google ,when unveiling a new product,use a backdrop w/ lots of spatial-temporal high resolution activity. Video codecs will love it. ;)",NEUTRAL
"Android beam, share any piece of information.from.one Android device to another by simply touching the devices.  #Android4.0 #Google",NEUTRAL
New Galaxy Nexus: App Improvements -  Beam - sharing using NFC #nexus #samsung #google #android bit.ly/nEJbyE,NEUTRAL
"@jcmwright we are a going over to #Google right now, and we are in Maryland (#MICA). Catch up with us this week sometime #edu11",NEUTRAL
"Mashable! - Google Ice Cream Sandwich, Nexus Prime Launch [LIVE BLOG] #google #android #ice http://t.co/jtE7VuDK",NEUTRAL
The new #google phone. Yoooo http://t.co/sr4sCat7,NEUTRAL
"New Galaxy Nexus: App Improvements -  Quick Response to unwanted calls, predefined SMS's #nexus #samsung #google #android bit.ly/nEJbyE",NEUTRAL
RT @jcmwright: Would love to hear from other small colleges who went #Google recently. Particularly interested in the learning tech prep ...,NEUTRAL
Many new features for Android. #NexusPrime #Google,NEUTRAL
#Samsung and #Google's Ice Cream Sandwich event #liveblog! http://t.co/iG3Gi4qd #android #icecreamsandwich,NEUTRAL
"Phone app redesigned to be unified with google voice, etc. Has fast forward and rewind capabilities as well. #Google #Android #ICS",NEUTRAL
New Galaxy Nexus: App Improvements -  New visual voicemail within the phone app #nexus #samsung #google #android bit.ly/nEJbyE,NEUTRAL
RT @thedroidguy: #Google announces dates for 2012 IO http://t.co/90xoKyQN,NEUTRAL
#Android #Google Google officially announces Ice Cream Sandwich http://t.co/Ij292Ye3 #DhilipSiva,NEUTRAL
"#Android #Google Samsung Galaxy Nexus launching in US, Europe and Asia this November http://t.co/NLdTU5oY #DhilipSiva",NEUTRAL
#Google's open source search to end: http://t.co/h8PYttyr,NEUTRAL
Google officially announces Ice Cream Sandwich http://t.co/u702sosO  #android #google,NEUTRAL
"Samsung Galaxy Nexus launching in US, Europe and Asia this November http://t.co/SzchgKIf  #android #google",NEUTRAL
Hugo is buddies with 50 Cent? #google #android,NEUTRAL
New Galaxy Nexus: App Improvements -  New People App to improve contact information #nexus #samsung #google #android bit.ly/nEJbyE,NEUTRAL
@5in_n_the_Air #GOOGLE time kml,NEUTRAL
#Google announces dates for 2012 IO http://t.co/90xoKyQN,NEUTRAL
I'm thinking about Google http://t.co/ACjRL4FO @GetGlue #Google,NEUTRAL
"Samsung Galaxy Nexus announced, full specs available  http://t.co/VNGazg48  #samsung #galaxy #nexus #google #android #ics #thetechcheck",NEUTRAL
"Samsung Galaxy Nexus announced, full specs available  http://t.co/0Nd3LiwV  #samsung #galaxy #nexus #google #android #ics #thetechcheck",NEUTRAL
"#google #galaxy #nexus, I WANT A PHONE PLEASE TALK ABOUT OTHER FEATURES NOW THE CAMERA IS ONLY ONE PART!",NEUTRAL
Funny how #samsung didn't have the #facebook app on their #galaxynexus demo but instead had #google+ LOOL.,NEUTRAL
On Google+ then go here http://t.co/86xwWN2d #GPlus #Googleplus #Google #teamfollowback #socialnetwork,NEUTRAL
New Galaxy Nexus: Hardware Improvements -  Camera captures 1080p video #nexus #samsung #google #android bit.ly/nEJbyE,NEUTRAL
Video of livestream of the Google/Samsung announcement froze. Damn my slow internet connection. #Google #Samsung,NEUTRAL
"1080p video recording, continuous focus, zoom while recording and time lapse included in Android 4.0. #Google #Android #ICS",NEUTRAL
The new panorama feature in #Android Ice Cream Sandwich is pretty cool. Saw a glitch in the live presentation though. #Google,NEUTRAL
Built in panorama in camera app #Android 4.0 #ICS #Google,NEUTRAL
"Google, Samsung unveil Galaxy Nexus phone running Android 4.0 http://t.co/C4elM79o"" via:@appleinsider #tech #google #Dubai #beirut",NEUTRAL
"Panorama

#icecreamsandwich #googland #google #android #ics",NEUTRAL
No face tagging in the new #Android gallery? #Google,NEUTRAL
did he just say hipster filters? #google #android,NEUTRAL
"how come when #google talks about their #android camera app it's boring, but when #apple does it's ZOMG!!!1",NEUTRAL
"Ballmer: 70% Of The Time, #Google & #Bing Are The Same, So Try Bing! by @dannysullivan http://t.co/9eudwSAD",NEUTRAL
#Google WebGL Bookcase: Google WebGL Bookcase. Google developed a WebGL app that shows a 3D model of a bookcase ... http://t.co/y8HC6kzB,NEUTRAL
Tap to focus and face recognition #ics #galaxynexus #google,NEUTRAL
"[#Infographic] #Google+ cost half a billion to build, driving users to #1 most followed user: Mark Zuckerberg. http://t.co/CzMfvnLQ #irony",NEUTRAL
http://t.co/18xg3ivo! #Google’s Ice Cream Sandwich Official http://t.co/7h5YdQCN #android #icecreamsandwich,NEUTRAL
Watching ice cream sandwich. So far it only melted when attempting facial recognition during unlock :) YouTube.com/android #Samsung #google,NEUTRAL
#SamsungGalaxyNexus #google #android #IceCreamSandwich. New browser http://t.co/Zx6pIo6f,NEUTRAL
now watching live stream of  #Google new mobile #Nexus,NEUTRAL
Damn group meeting disturbin me from watchin the #google event,NEUTRAL
New tools giving the user the ability to restrict mobile data usage. #Google #Android #ICS,NEUTRAL
Article discussing how the four great tech companies will compete in the marketplace: http://t.co/YFWF9iye #Apple #Google #Facebook #Amazon,NEUTRAL
#Google releases an Infinite Digital Bookcase RT @VentureBeat http://t.co/YWtVgwJY by @MeghanKel,NEUTRAL
#SamsungGalaxyNexus #google #android #Face Unlock.Ice Cream Sandwich literally knows your face. http://t.co/vUyxwrxW,NEUTRAL
"#Android Ice Cream Sandwich features face-recognition to unlock your phone, no more entering a pin or password #fb #google",NEUTRAL
"Email with 2 line preview, offline search of any amount of emails you want. #Android4.0 #Google",NEUTRAL
"Can search the last 30 days of Gmail, whether connected or not. #Google #Android #ICS",NEUTRAL
"Ha! The demo fail is still resonating.. Kinda funny, but on a global scale. Cool feature, though! #android #google #galaxynexus",NEUTRAL
Are these guests on Samsung and Google event mostly Chinese? Wow! They're boring. #Google #Samsung,NEUTRAL
"#ICS show-off froze my browser. Well, time for sleep I guess. #Android #Google #Samsung",NEUTRAL
RT @VentureBeat: #Google releases an Infinite Digital Bookcase http://t.co/BfFAEApW by @MeghanKel,NEUTRAL
RT @adamdince: #Google might reverse its new data encryption policy if big brands threaten to cut their PPC spend. @Google biting the ha ...,NEUTRAL
#Google thinks your digital books belong on a digital bookcase - a #WebGL #Chrome experiment http://t.co/2LqpqF6F,NEUTRAL
Demo crime for #google dude in white suit. Face recognition for unlocking doesn't work if you wear make up apparently :-),NEUTRAL
But does request desktop site work with hulu?!?!? #ICS #Google,NEUTRAL
#SamsungGalaxyNexus #google #android #IceCreamSandwich http://t.co/z2uzAnHD,NEUTRAL
"Addicted to this new game #tripletown on #Google+,",NEUTRAL
RT @VentureBeat: #Google releases an Infinite Digital Bookcase http://t.co/DNwy6mqx by @MeghanKel,NEUTRAL
#SamsungGalaxyNexus #google #android #IceCreamSandwich http://t.co/6YidLr0N,NEUTRAL
The lock screen now has facial recognition capability! #Google #Android #ICS,NEUTRAL
"here comes facial recognition!  Face unlock 
#icecreamsandwich #googland #google #android #ics",NEUTRAL
#Google and #Samsung Reveals Galaxy Nexus Phone http://t.co/REnJ0C0Z #mobile #software #android #mobiledevice,NEUTRAL
#Google Google’s Infinite Bookcase: An Abstract Browser For Limitless Libraries http://t.co/MyLzFMRq,NEUTRAL
#Measure your #Marketing.Get the FREE Analytics Campaign Tagger sheet for #Google #Analytics now! http://t.co/8WC3Y5kK,NEUTRAL
#Samsung and #Google introduce #GALAXY #Nexus http://t.co/2rvF0tZp via @androidcentral #Android,NEUTRAL
"""Kanye West has added you to his circles."" yeah, right. #galaxynexus #google #ics",NEUTRAL
Launching November in Japan #SamsungGalaxyNexus #google #android,NEUTRAL
#SamsungGalaxyNexus #google #android http://t.co/GIhTHeIJ,NEUTRAL
#google +1 Stickers came with this month's Adsense cheque . http://t.co/AOFYoJmE,NEUTRAL
#Android #Google Samsung Galaxy Nexus Gallery http://t.co/wUnmSQL6 #DhilipSiva,NEUTRAL
#Android #Google Samsung and Google introduce GALAXY Nexus http://t.co/KkuepMVW #DhilipSiva,NEUTRAL
Ho come l'impressione che la recente evoluzione di #facebook abbia creato un ulteriore solco con #google+ ...la vittoria finale??,NEUTRAL
"#YahooAnswers #Google y #Wikipedia son parte del staff de Dios, lo sé.",NEUTRAL
"#Google stellt #Android 4.0 Ice Cream Sandwich offiziell vor, #SDK jetzt verfügbar http://t.co/R6aEQ4fH",NEUTRAL
#google обьявил об обновлении #Nexus_S  до #ICS . Ждем порта 4.0 на #SGS .,NEUTRAL
#Google y #Samsung presentan #NexusGalaxy el #Android más #potente del #mercado y el primero en llevar el nuevo #I http://t.co/FYw5K9g7,NEUTRAL
RT @OliPalko: RT @ishpconsult Der langsame Tod von SEO #Google -Suche  für eingeloggte User verschlüsselt - http://t.co/SSdxjoWd,NEUTRAL
Microsoft Word - Ch 3 Solutions IE done pdf ebook:  http://t.co/h4X0gHBl #google,NEUTRAL
Echelon Quality Management System pdf ebook:  http://t.co/OudMwlne #google,NEUTRAL
Microsoft Word - Ch 3 Solutions IE done pdf ebook:  http://t.co/nZTGU900 #google,NEUTRAL
Echelon Quality Management System pdf ebook:  http://t.co/sPVYoB8r #google,NEUTRAL
"#google Actualité Google Panda: Arrivé pendant l'été 2011 en France, Google Panda a été conçu afin ... http://t.co/N5hSOroi #googlepanda",NEUTRAL
"ahora si, a ver lo que presento #google sobre #android ya lo vieron? alguna sorpresa?",NEUTRAL
GMusic une Google Music con Apple iOS [Apps] #Apple #Google #iOS http://t.co/k2T4ztCY,NEUTRAL
Das neue #Google #Galaxy #Nexus haut mich nicht so sehr vom Hocker. Ist meiner Meinung nach nur ein wenig besser als das #SGS2.,NEUTRAL
Samsung и Google представили новый смартфон Galaxy Nexus http://t.co/x1i0MXhA #samsung #google,NEUTRAL
Jetzt gerade angeschaut und +1t  #adwords #guide #google #adwords #guide http://t.co/S87lNq2u,NEUTRAL
AsiaClassifiedToday: Asian stocks rise on Europe debt plan hopes - Belleville News Democrat: ... http://t.co/RQhgAIBF #asia #google #ads,NEUTRAL
AsiaClassifiedToday: TH Peng Joins Grey as Chairman and CEO of Grey Greater China - MarketWat... http://t.co/Hd4pi9lM #asia #google #ads,NEUTRAL
"AsiaClassifiedToday: YHOO Q3 Conf Call: $20.4B Asian Assets, $19.5B Market Cap - Barron's (bl... http://t.co/nc7hVH84 #asia #google #ads",NEUTRAL
AsiaClassifiedToday: AdAsia 2011: A heavy dose for the creative minds - http://t.co/ZJ9k6FW6: A... http://t.co/BVaY8XPB #asia #google #ads,NEUTRAL
AsiaClassifiedToday: Point Park summit reflects Asian culture - The Globe: Point Park summit ... http://t.co/fBdw211P #asia #google #ads,NEUTRAL
"@DaphneDijkerman Wat let je om die vraag te stellen bij Blik op de weg, er is vast wel een site waar dat kan #google",NEUTRAL
"RT @oli2be: For Twitter, free speech is what matters — not real names. http://t.co/DAnykTjl /@factsandtools #Twitter #Google",NEUTRAL
#Google lanserar #Android 4.0 / Ice Cream Sandwich med tillhörande SDK: http://t.co/U62wsEoU,NEUTRAL
#Google no compartirá las consultas de búsquedas con otros sitios web http://t.co/fNPiO6wz,NEUTRAL
“جوجل” تطلق “Android Ice Cream Sandwich” ومفاجأة لمستخدمي “Android 2.3″ @7ki3arabi http://t.co/Ytx4jHZm #google #android,NEUTRAL
"Google помнит о тебе, нищеброд. http://t.co/LtWQVySF  #События #4.0 #Android #Google",NEUTRAL
“@rianru: #Google и #Samsung представили новую версию операционной системы - Android 4.0 Ice Cream Sandwich http://t.co/HvtFSCXz” сэндвич!?,NEUTRAL
"ну собственно, товарищи, фотки интерфейса #Google #GalaxyNexus кто еще не видел: http://t.co/NS2jNRL7",NEUTRAL
#Google lanserar #Galaxy Nexus - tillgänglig i Europa från och med november: http://t.co/fVyNoW2p,NEUTRAL
بشكل عام أرى أنه مؤتمر مخيب للآمال مثل مؤتمر آبل، لا جديد من ناحية الهاردوير، والسوفتوير مشابه لأندرويد 3.0 #Samsung #Google #Android,NEUTRAL
RT @ishpconsult Der langsame Tod von SEO #Google -Suche  für eingeloggte User verschlüsselt - http://t.co/SSdxjoWd,NEUTRAL
#Google Phil Hellmuth and Sam Farha – poker fight: http://t.co/vwaiQDlT – Cost-free Poker University with... http://t.co/F9A0NJnX #wikileaks,NEUTRAL
RT @LoyaltyFamU: ] #money #jobs Network Accounts Submit Or Propose ur bids now http://t.co/YF8fmEaH via: #google @LoyaltyFamU,NEUTRAL
Salut les twittos! Un petit résumé de cet conf' ? :) #ICS #GOOGLE,NEUTRAL
RT @ijnetEs: Cinco herramientas de #Google que todo periodista debe conocer. http://t.co/ELypfnyG #periodismodigital,NEUTRAL
#Google Google Event: Ice Cream Sandwich (Caschys Blog): ... Widgets lassen sich jetzt auch unter [...] XING-Pro... http://t.co/Ozqy3UG4,NEUTRAL
#Google Google und Samsung stellen das Galaxy Nexus und Android Ice Cream Sandwich offiziell vor (mobiFlip.de): ... http://t.co/0cckAp5E,NEUTRAL
@Vusala_Abidin xeyirli ugurlu olsun.amma deyen ciddi yenilik yoxdu. #google #nexus #android,NEUTRAL
Le #GalaxyNexus fait bien envie... Mais bizarrement ça me gêne qu'il y soit marqué #Google au dos.,NEUTRAL
نتائج مؤتمر قوقل وسامسونج: جهاز سامسونج جالكسي نكسوس 1.2دول كور وشاشة 4.65 إتش دي، نظام تشغيل قوقل أندرويد 4.0، #Samsung #Google #Android,NEUTRAL
Crea #Google #librero virtual infinito : El sitio WebGL Bookcase despliega el acervo de #libros .. http://t.co/Y6E1tuvi,NEUTRAL
каталог статей http://t.co/aNPOt4Cn Cервис регистрации в каталогах статей #seo #linkbuilding #backlinks #addurl #bookmarks #google,NEUTRAL
Presentado Oficialmente Android 4.0 ICS ~ ANDROIDVZLA http://t.co/adQYCOdD #android #androidvzla #google #ICS,NEUTRAL
RT @ishpconsult: Der langsame Tod von SEO?? #Google-Suche  für eingeloggte User verschlüsselt - http://t.co/OlORx2Pc #marketing  #search...,NEUTRAL
Just googled what it means if your eyelid twitches. Answer: your tired. I think its time for bed...thanks #Google,NEUTRAL
"#google Jeux d’été 2012 robes du soir 57e empire: Jeux d’été 2012 robes Empire robe de soirée, robe d... http://t.co/zMD42jJJ #wikileaks",NEUTRAL
"#google JL – Fashion GmbH, Zollikon, femme essentielle: SHOPPING: SUISSE: par astramedia: JL – Mode G... http://t.co/rZKIDJv6 #wikileaks",NEUTRAL
#google Tutoriel: Comment faire une fermeture à glissière de fleurs: Ce que vous avez besoin: l’aigui... http://t.co/nMmedAlW #wikileaks,NEUTRAL
"Non mais WTF !? RT @Twikito Google passe en HTTPS, un drame pour les statistiques http://t.co/gQIhDcEs #analytics #Google via @Zorgloob",NEUTRAL
"Интересно, в #google видели как gmail for mobile выглядит на экране обычного смартфона? Это же пиздец ходячий - кнопки в четверть экрана!",NEUTRAL
Samsung и Google представили новый смартфон Galaxy Nexus http://t.co/ou1aoGK6 #google #nexus #android,NEUTRAL
"Irgendwie dann doch enttäuschend, das neue #Google #Galaxy #Nexus",NEUTRAL
"Mit einfachen Mittel gegen #Facebook & #Google+, so die Strategie von Costolo, CEO von #Twitter http://t.co/C1f5dAnO #SocialMedia",NEUTRAL
"Už vím, jaký bude můj příští mobil! http://t.co/UzI5aEXa #Google #Android #GalaxyNexus",NEUTRAL
Para el que le interese saber las características del nuevo cel que me compraré http://t.co/4JjjCqdJ El #galaxynexus de #google,NEUTRAL
#Google станет еще безопаснее http://t.co/rXRcc1MB,NEUTRAL
Novedades #Google: resultados en inglés traducidos y SSL por defecto para los usuarios registrados http://t.co/LCbQk2fw golpe a #Analytics,NEUTRAL
"""Hay que darse prisa en conocer el fenómeno web... Acabará en tres ... - El… http://t.co/ynksEeUN #google",NEUTRAL
VIDEO: Een online check-out in een webwinkel in ‘In Real Life’ #google #webshop http://t.co/kGw54MaC,NEUTRAL
#Google kondigt #Android Ice Cream Sandwich aan http://t.co/3VT22WNY #ics,NEUTRAL
"Zapatero (#Google): ""Hay que darse prisa en conocer el fenómeno #web, acabará en 3 años"" http://t.co/L49qrDeR",NEUTRAL
Der langsame Tod von SEO?? #Google -Suche  für eingeloggte User verschlüsselt - http://t.co/czsosVGp #socialmedia #marketing  #search #seo,NEUTRAL
Der langsame Tod von SEO?? #Google -Suche  für eingeloggte User verschlüsselt - http://t.co/1Gop6W4r #socialmedia #marketing  #search #seo,NEUTRAL
Galaxy Nexus: Google-Handy mit HD-Display und Android 4.0 - Heise Newsticker http://t.co/a4WBqmc9 #Google,NEUTRAL
AsiaClassifiedToday: Parkson to list retail arm in S$200 mln Singapore IPO-source - Reuters: Parks... http://t.co/AadDaQA7 #asia #google,NEUTRAL
"AsiaClassifiedToday: Asia Family Offices to Triple, Lead Growth, Citigroup Says - BusinessWeek: As... http://t.co/71QApFD8 #asia #google",NEUTRAL
AsiaClassifiedToday: SE Asia and Singapore lead Asia Pacific region in business travel - Forimmedi... http://t.co/Jdvas9rH #asia #google,NEUTRAL
AsiaClassifiedToday: Parkway Novena Hospital to offer premier healthcare service in Asia - The Bor... http://t.co/50KmorZm #asia #google,NEUTRAL
AsiaClassifiedToday: ITB Asia opens in Singapore - eTurboNews: eTurboNewsITB Asia opens in Singapo... http://t.co/vlL4NZc6 #asia #google,NEUTRAL
@NattaliaAlba mejor consulta ana y mia en #google hahahha(:,NEUTRAL
"#Google начал ""масштабную зачистку"" сервисов http://t.co/1vRAuo8S",NEUTRAL
Поиск от #Google станет еще безопаснее http://t.co/Hmo2qDKO,NEUTRAL
Coole 2-minuten VIDEO: Een online check-out in een webwinkel in ‘In Real Life’ #google #webshop http://t.co/E4SnmZtL,NEUTRAL
@studiodev aha :) et qui est ce qui va remonter dans les résultats #google ? :p,NEUTRAL
Características Samsung Galaxy Prime con Android ICS 4.0 ~ ANDROIDVZLA http://t.co/LmbrSC4Y #android #androidvzla #google #ICS,NEUTRAL
#google Google anuncia Galaxy Nexus com Android 4.0 http://t.co/WplTBVS3 http://t.co/WsfevVd4,NEUTRAL
"http://t.co/RqjtztR3 // muy buen experimento de #google, la cago :D, #webgl la lleva",NEUTRAL
#Google revela o Anddroi 4.0 Ice Cream Sandwich: O Google revelou hoje durante um evento em… http://t.co/pfzUy1i2,NEUTRAL
#Samsung y #Google contraatacan a #Apple con el nuevo Nexus Prime http://t.co/xHvncznB vía @cincodiascom #android #tecnología,NEUTRAL
Impatient de voir arriver Ice Cream Sandwich sur mon #SGS2 :) #ics #google #samsung,NEUTRAL
#Digital : Google en Twitter komen niet tot een overeenkomst voor realtime-zoekdiensten - ...  #de #google #en http://t.co/cFmZOejW,NEUTRAL
#Tyfusverspreiding zichtbaar op #Google #Earth http://t.co/49jIucI9 #nuandroid,NEUTRAL
Видеообзор Galaxy Nexus. http://t.co/VnnKrFs2  #События #Android #GalaxyNexus #Google #Samsung,NEUTRAL
Android fanatlarinin gozu aydin olsun :) new Android 4.0 Ice Cream Sandwich cixdi :) #android #samsung #google,NEUTRAL
Samsung Galaxy Nexus officieel aangekondigd door #google en #samsung!,NEUTRAL
HANBELL SCREW COMPRESSORS MAINTENANCE MANUAL pdf ebook:  http://t.co/tKHMMY5Y #google,NEUTRAL
Usagi Yojimbo RPG Core Rules pdf ebook:  http://t.co/iWaJ1aGa #google,NEUTRAL
HANBELL SCREW COMPRESSORS MAINTENANCE MANUAL pdf ebook:  http://t.co/m4T1kxiz #google,NEUTRAL
Usagi Yojimbo RPG Core Rules pdf ebook:  http://t.co/UVYJxGsV #google,NEUTRAL
#samsung и #google представили новый смартфон galaxy nexus #autofollow,NEUTRAL
#google - @pc_insecurities-  another rise in my website results part 6 http://t.co/OESQu4Q5 #salisbury,NEUTRAL
sabia yo q #google no me hiba a fallar... resumen encontrado... solo falta transcribirlo,NEUTRAL
Kurz und knapp das wichtigste: #Google stellt neues Smartphone und Betriebssystem vor http://t.co/EeQJFL0P,NEUTRAL
ICS je pro mě naprosto zanedbatelný OS pro mobil. Promiň ;( #fail #Google #samsung,NEUTRAL
"التقرير الكامل لجهاز Galaxy Nexus الخاص بـ Google
http://t.co/MvlI71vK #SE4m #Nexus #Google #android http://t.co/8AfOMTso",NEUTRAL
RT @twandroid: Pogo Pin sur le côté pour le connecter sur un dock #google #nexusprime,NEUTRAL
#android Google confirma que todos los dispositivos con gingerbread tendrán Ice Cream Sandwich: Y desde ... http://t.co/bUcSI4xy #google,NEUTRAL
#Google Trademark Poker Full Size Texas Hold’em 83 x 44-Inch Poker Table (Green Felt): Trademark Poke... http://t.co/jICU3KON #wikileaks,NEUTRAL
#Google How to Play a Teenpatti Tournament: Junglee is fired up to provide you the 1st ever multi-pla... http://t.co/96GaNUx2 #wikileaks,NEUTRAL
#Google New Effortless-to-Use Texas Holdem Strategy Kit Has the Tools You Require To Turn into a 100%... http://t.co/KkswpBtW #wikileaks,NEUTRAL
#Google Google bestätigt Android 4.0 Ice Cream Sandwich für das Nexus S (mobiFlip.de): Nachdem Google und Samsun... http://t.co/CpmTEUjG,NEUTRAL
#Google Endlich: Alle offiziellen Details zum Google Galaxy Nexus und zu Android Ice Cream Sandwich (mit Videos)... http://t.co/V4IbwFpP,NEUTRAL
yeah! #fringe  RT @TrendingTopicMN #csportsmn #android #ios #pulse #google #galaxy #fringe #ajildavna #nexus #ics,NEUTRAL
"#Juick #Google #Buzz #+ #! Срочно нужна интеграция Жуйка с Гуглоплюсом, ибо Буз закрывают!

Рецепты есть? http://t.co/QaGboWhc",NEUTRAL
"“@rianru: #Google и #Samsung представили новую версию операционной системы - Android 4.0 Ice Cream Sandwich http://t.co/DhLHoexZ”
#Vfacebook",NEUTRAL
#Google образова онлайн потребителите http://t.co/9XMBZbUk #защитаналичнитеданни,NEUTRAL
US-Steuerbehörde leitet Untersuchung gegen #Google ein http://t.co/wfjxlKhe via @zdnet_de,NEUTRAL
Finalmente llegó el Galaxy Nexus: #Google y #Samsung acaban de hacer el tan esperado… http://t.co/2Eerkm1E #tech,NEUTRAL
Ik lees steeds meer enthousiasme voor #google+ en aantal gebruikers groeit spectaculair. Ik merk daar niets van!,NEUTRAL
サムスン電子のスマートフォン新機種「ギャラクシー・ネクサス」、グーグルの基本ソフト（ＯＳ）「アンドロイド」最新版を搭載。「クラウド」活用、音声認識やカメラの機能も向上させた戦略モデル #keizai #sumaho #google　　http://t.co/h822eCym,NEUTRAL
RT @twandroid: Galaxy Nexus annoncé  : #nexusprime #google http://t.co/IrMPjoiS,NEUTRAL
#Google mejora las presentaciones de #GoogleDocs http://t.co/SjiMOtov,NEUTRAL
#csportsmn #android #ios #pulse #google #galaxy #fringe #ajildavna #nexus #ics,NEUTRAL
#Google y #samsung tienen todo para romperla con #AndroidIceCreamSandwich #smartphoneNFC #GalaxyNexus,NEUTRAL
"AsiaClassifiedToday Asia Stocks, Ringgit Gain on European Outlook - Bloomberg: Asia Stocks, R... http://t.co/biHKwSTW #asia #google #biz",NEUTRAL
AsiaClassifiedToday Asia Currencies Strengthen as Growth Outlook Outweighs Europe-Debt Concer... http://t.co/qm8zpFgE #asia #google #biz,NEUTRAL
"AsiaClassifiedToday Asia Family Offices to Triple, Lead Growth, Citigroup Says - BusinessWeek... http://t.co/93f16E44 #asia #google #biz",NEUTRAL
AsiaClassifiedToday Indian shares to start higher; Hero MotoCorp eyed - Reuters: Indian share... http://t.co/Zo0Fm1Ya #asia #google #biz,NEUTRAL
AsiaClassifiedToday Thailand - Market factors to watch - Oct 19 - Reuters: Thailand - Market ... http://t.co/nNsDZgWI #asia #google #biz,NEUTRAL
RT @laurentalbaret: [2.0] La recherche cryptée (sur #Google) étendue aux utilisateurs connectés à un service Google http://t.co/K8oalek2,NEUTRAL
"7 Lessons Learned Running an SEO Agency: Posted by neilpatelThis post was originally in YOUmoz, and... http://t.co/AU0k5sWY #seo #google",NEUTRAL
#google #yahoo #bing 7 Lessons Learned Running an SEO Agency http://t.co/d7b2G1rW #seo #serps,NEUTRAL
#Samsung Galaxy #Nexus / #Google #Android ICS 发表会重点整理 http://t.co/u7ViMWl6 #galaxynexus #galaxynexus,NEUTRAL
Ice Cream Sandwich: Android 4.0 gepresenteerd http://t.co/gscupQUV via @TabletGuide_NL #android #tablet #google,NEUTRAL
Bon. Reste plus qu'à voir ce que ça va donner IRL. #Google #NexusPrime #Android #ICS,NEUTRAL
Новите #Google Presentations http://t.co/lJ1PaxvA #googledocs,NEUTRAL
Todavía existe #Google+ ?,NEUTRAL
Доступна официальная Google-страница Galaxy Nexus http://t.co/99TAk4lC #nexus #google #galaxy,NEUTRAL
"#GalaxyNexus | @xataka http://t.co/p2Tu2kBm &lt;-El nuevo teléfono de #Samsung y #Google, EL perfecto rival para el #iPhone4S con su #Android 4",NEUTRAL
How an email #hacker ruined my life and then tried to sell it back to me http://t.co/ixquAT2l via @guardian #privacy #fb #gmail #google,NEUTRAL
Anschauen! Genial! http://t.co/YLVJAzxz #Google #Nexus #Vorstellung,NEUTRAL
“@rianru: #Google и #Samsung представили новую версию операционной системы - Android 4.0 Ice Cream Sandwich http://t.co/4XkmSFs0” Еще борщ!,NEUTRAL
#Google eBook: The way we shop is changing and marketing strategies are simply not keeping pace. http://t.co/vJBBjWhE,NEUTRAL
"Para todos los androides, he aquí la nueva bestia de #Google! El #GalaxyNexus http://t.co/oUTER1n4",NEUTRAL
Google y Samsung presentan oficialmente el Galaxy Nexus http://t.co/NKoXMfOi vía @xatakamovil #Google #Samsung #Galaxy #Android,NEUTRAL
ドコモ、Android 4.0採用の「GALAXY Nexus」を11月発売 - AV Watch http://t.co/MzTgzn1u #google,NEUTRAL
Lucha de Titanes: Las tres mejores alternativas a #Google Earth http://t.co/5X5pVRHr #Linux via @gabriel_j_gomez:,NEUTRAL
RT @wireditalia: #Twitter 250milioni di cinguettii al giorno e un valore di 8miliardi di $. Tempi duri per #Facebook e #Google+? http:// ...,NEUTRAL
#Google revela o Anddroi 4.0 Ice Cream Sandwich: O Google revelou hoje durante um evento em Hong Kong a nova versão…,NEUTRAL
#Google и #Samsung представили новую версию операционной системы - Android 4.0 Ice Cream Sandwich http://t.co/XhbCkQ9t,NEUTRAL
RT @funkfish_2: so. ja. Ich will das galaxy nexus. sofort! #google #samsung,NEUTRAL
Lucha de Titanes: Las tres mejores alternativas a #Google Earth http://t.co/Jy0Ipy9A #Linux,NEUTRAL
AsiaClassifiedToday FOREX-Euro recovers after Spain but downside eyed - Reuters: Globe and Ma... http://t.co/o78ADSYW #asia #google #biz,NEUTRAL
AsiaClassifiedToday Apple blames iPhone rumours for share dive - TVNZ: Globe and MailApple bl... http://t.co/hlxJVMUr #asia #google #biz,NEUTRAL
AsiaClassifiedToday Temasek to raise up to $800 million with bond offer - Straits Times: Tele... http://t.co/IaTj4kb9 #asia #google #biz,NEUTRAL
#Mango shows #Microsoft still has the taste for smartphone success #Apple #Google http://t.co/C4fy2ffj,NEUTRAL
RT @bytegadget: Video oficial del #GalaxyNexus y especificaciones – El nuevo #smartphone insignia de #Google y… http://t.co/Rvn0oFWy,NEUTRAL
Galaxy Nexus http://t.co/xDxcwSAR #android #google No sé yo semejante pantalla...,NEUTRAL
"El nuevo Samsung Galaxy NEXUS, tiene Desbloqueo del teléfono por reconocimiento facial!!!! | Impresionante #IceCreamSandwich #google",NEUTRAL
"AsiaClassifiedToday: Canada Wheat Monopoly, Software Piracy, Swaps Rule: Compliance - Bloombe... http://t.co/2PylmiMs #asia #google #ads",NEUTRAL
"AsiaClassifiedToday: Adopting solar leasing programmes in Singapore, by Rachel Wong - eco-bus... http://t.co/l1V1gUIG #asia #google #ads",NEUTRAL
AsiaClassifiedToday: Temasek to raise up to $800 million with bond offer - Straits Times: Tel... http://t.co/bdBPJDh2 #asia #google #ads,NEUTRAL
@SERGIOapple incluso si usas #Google #Chrome hay una App. Y al igual es mas practica pero es para el navegador,NEUTRAL
#SEO Video:Specifying an image's license using RDFa. http://t.co/aO99FTLV #google #seo #images #rdfa,NEUTRAL
solo #google puede ponerle a un OS #IceCreamSandwich,NEUTRAL
Las mejores aplicaciones para hablar gratis por el móvil - http://t.co/LN0pChe3 http://t.co/iUS8431m #google,NEUTRAL
Wordt er al een beetje gebruik gemaakt van #google+ #durtevragen,NEUTRAL
RT @rianru: #Google и #Samsung представили новую версию операционной системы - Android 4.0 Ice Cream Sandwich http://t.co/5baK0OdJ,NEUTRAL
so. ja. Ich will das galaxy nexus. sofort! #google #samsung,NEUTRAL
Lecture Notes in Financial Economics pdf ebook:  http://t.co/Ef8j77uj #google,NEUTRAL
Surfactants pdf ebook:  http://t.co/mnPp2jjm #google,NEUTRAL
Surfactants pdf ebook:  http://t.co/JlzvsR9f #google,NEUTRAL
Newt Gingrich: #NewtGingrich  #Newt #Gingrich http://t.co/bZQS2pV3 #google #youtube,NEUTRAL
Bob Harper: #BobHarper  #Bob #Harper http://t.co/hnAMTNzh #google #youtube,NEUTRAL
Rocksmith: #Rocksmith  #Rocksmith http://t.co/JNS1oEZN #google #youtube,NEUTRAL
Mukesh Ambani: #MukeshAmbani  #Mukesh #Ambani http://t.co/uMBGXvQI #google #youtube,NEUTRAL
ملخص مؤتمر سامسونج وقوقل عن نظام اندرويد 4 الجديد http://t.co/enpWtGb4 #android  #android_ar  #google #samsung,NEUTRAL
"Galaxy Nexus anunciado oficialmente: pantalla de 4,65 pulgadas y Ice Cream Sandwich http://t.co/gDETlxsN #galaxy_nexus #GalaxyNexus #google",NEUTRAL
"RT @AL_HASHEMY: يبدو ان طفرة الاجهزة الالكترونية القادمة ستكون بقيادة موتورولا ،، لاسيم بعد استحواذ قوقل عليها. 

#google #motorola #moto",NEUTRAL
اعرف الكثير عن نظام ايسكريم ساندويتش http://t.co/Fzjd2Zx1 #android #google,NEUTRAL
"Уже 14 версия плагина #Android для #Eclipse вышла, а подгружать апдейты для sdk в фоне они так и не научились. #Google вперде!!!",NEUTRAL
"RT @RaheemHBBTI: RT @capoKenn: i like big glutus & i cannot lie
#GOOGLE&lt;sandra levels lol&gt;",NEUTRAL
"Mientras que hoy #RIM publicó su 'fabuloso' #BBX, #Google presentó #Android 4.0 y todos se fueron al diablo :D.",NEUTRAL
#Publicidad Galaxy Nexus es la próxima generación de dispositivos Nexus co-desarrollado por #Samsung y #Google l http://t.co/yVWrw98h,NEUTRAL
"Prenez un Smartphone Galaxy, ajouter y du software a la sauce Google et vous avez un tout beau Galaxy Nexus. #google#iphone",NEUTRAL
Fine tune your #SEO strategy with the #Google Panda 2.5.2 update. Find out how it can affect your business rankings http://t.co/TeRUK0bp,NEUTRAL
RT @esmandau: BREAKING NEWS: Samsung Filtra Accidentalmente la foto del Galaxy Nexus http://t.co/vEgkjIfQ #Android #GalaxyNexus #Google,NEUTRAL
"#Samsung y #Google presentan el Samsung Galaxy #Nexus, oficialmente. http://t.co/DwQyyu5v #gadgets #smartphones",NEUTRAL
#Video oficial del #Samsung Galaxy Nexus http://t.co/IMid6Bem #gadgets #smartphones #galaxynexus #google #promocion,NEUTRAL
Desbloquear el telefono con reconocimiento facial vs la habilidad de interactuar con tu voz #Apple #vs #Google,NEUTRAL
"Cupom Google AdWords +
Promo Starter Kit da LogosBr = Divulgação Eficaz e de Graça!
Confira: 
http://t.co/kf9supYG
#Google #AdWords #LogosBr",NEUTRAL
#Google Google stellt das Galaxy Nexus vor (GoogleWatchBlog): Heute Nacht hat Google aus Hongkong das nächste Ne... http://t.co/vkyYY2RO,NEUTRAL
#Google Google: Galaxy Nexus Seite ist online + Teaser-Video (Caschys Blog): 05:30 Uhr und die Galaxy Nexus Seit... http://t.co/kn18pgCD,NEUTRAL
グーグルと韓国のサムスン電子、スマートフォンの新機種「ギャラクシー・ネクサス」を１１月に世界で順次発売すると発表。４・６５型の有機ＥＬ画面を採用。日本ではＮＴＴドコモが発売　#keizai #sumaho #google　　http://t.co/h822eCym,NEUTRAL
Nexus S รอกินไอศกรีมแซนวิช #google #android #ics,NEUTRAL
"Para los que tenemos un #GalaxySII, no se preocupen... está 99% confirmado que tendremos #Android 4.0 en este GRANDIOSO terminal. #Google",NEUTRAL
Galaxy Nexus: El nuevo teléfono de Google y Samsung #Android #Samsung #Google http://t.co/ak9xKDXT #followme,NEUTRAL
Uiiii Yo Quisiera Ser Tuu #GOOGLE,NEUTRAL
"RT @capoKenn: i like big glutus & i cannot lie
#GOOGLE&lt;sandra levels lol&gt;",NEUTRAL
Conoce al nuevo #Samsung #GalaxyNexus con #Android 4.0 #IceCreamSandwich - http://t.co/PdGz1l51 #Google #Smartphones,NEUTRAL
Auch Google gefällt das Panda 2.5 Update nicht – Analyse eines Rollbacks « Searchmetrics SEO Blog http://t.co/2LvpBK0J #google #panda #seo,NEUTRAL
"Für alle Agenturen, die #Google #AdWords für ihre Kunden betreuen ... #Google #Engage - die Agenturen-Plattform: http://t.co/7RGu5aSl",NEUTRAL
#Google+ llega a 40 millones de usuarios aunque su problema sigue siendo la poca permanencia en esta #RedSocial http://t.co/ntS7GXqV,NEUTRAL
"Como es posible que Motorola siga bloqueando los bootloaders de sus telefono. Merecen quebrar, y con ellos #google. #MotoFAIL",NEUTRAL
Android 4.0 Ice Cream Sandwich ya es oficial http://t.co/uZ7qqU1J #android #google #androidve #tecnologia #vendroid #usoandroid,NEUTRAL
GALAXY NEXUS SC-04D | NTTドコモ 2011-2012冬春モデル http://t.co/hOqa4eRq #android #google #docomo,NEUTRAL
"@julioandres26 sí, es como el #google de la piratería! jajaja",NEUTRAL
看見 #Android 4.0 配合 #NFC 加入的 Android #Beam 功能，令我想起十年前使用 #Palm 經常跟朋友 Beam 交換資料的日子。#Google #Samsung #Galaxy #Nexus,NEUTRAL
Aparece nuevo video del Galaxy Nexus http://t.co/mhOcZuIm #android #google #androidve #tecnologia #vendroid #usoandroid,NEUTRAL
"i like big glutus & i cannot lie
#GOOGLE",NEUTRAL
#Google и #Samsung представили новый смартфон #Galaxy #Nexus на базе новой ОС #Android Ice Cream Sandwich 4.0 http://t.co/yNg45IDC,NEUTRAL
#Google sorprende de nuevo http://t.co/G7iLQLME #basedenegocios #business,NEUTRAL
Soy FAN de #Google  http://t.co/bGBhZROX http://t.co/iLNouVGK http://t.co/RfFixdi4 http://t.co/pdRns1pK,NEUTRAL
Google Fr #Google #earth #pro: Avez-vous déjà essayé Google Earth Pro? Google Earth dispose… http://t.co/Ezqlmq4T,NEUTRAL
"ابرز مميزات Android 4.0 
موجوده بهذا الفديو 
http://t.co/ZE4BZfph
#google #android @Abdullah347",NEUTRAL
نظام جديد .. و جهاز جديد شكراً جزيلاً #samsung #google #android,NEUTRAL
#AndroidBeam: Comparte con otro #Android lo que ves solo con ponerlo juntos. (Por ahora sólo en el #NexusPrime). #NFC #Google,NEUTRAL
siento mas interesante el #google+ que el #face xD,NEUTRAL
"ايسكريم ساندويش، عسل، زنجبيل .. مشكلة من كثر المسميات احسهم مسوين مقادير مب انظمة !! 😝

#google",NEUTRAL
Ça fait des gato : Android Ice Cream Sandwich enfin dévoilé ! http://t.co/ernNQ40w #Android #Galaxy_Nexus #Google,NEUTRAL
продвижение сайта статьями http://t.co/ytNbL8sF Cервис регистрации в каталогах статей #seo #linkbuilding #backlinks #addurl #google,NEUTRAL
#Google #Android os4.0発表会内容!! http://t.co/qseGK2Zy,NEUTRAL
Welchen Vorteil bietet G+ für #Facebook? | basic http://t.co/DLvTboeK #Google,NEUTRAL
#android 4.0 нужен #google чтобы объединить телефонную и планшетную версии в одну.,NEUTRAL
"Los fabricantes de móviles y su integración con las redes sociales: Sony Ericson apunta a #Facebook, Apple a #Twitter y Samsung a #Google+",NEUTRAL
"Andy Rubin de #Google develó oficialmente el Samsung #GalaxyNexus, 1er smartphone con #Android4.0 Ice Cream Sandwich http://t.co/dKGCvjsG""",NEUTRAL
RT @Eleconomistanet: Impulsor de #Facebook Sean #Parker resta importancia a la amenaza de #Google http://t.co/EnQtXsfv,NEUTRAL
RT @DanyFajardo: @DanielaS04 :) eso!!! #Google+,NEUTRAL
RT @centroandroid: #Google presenta #Android Beam una nueva forma de compartir por NFC http://t.co/lofb8HCJ,NEUTRAL
@DanielaS04 :) eso!!! #Google+,NEUTRAL
@DanyFajardo Listo Dany gracias =) ... #Google+,NEUTRAL
RT @laiswhisky: @Peedro_Guiih gato intenda a nat é a metamoforse sorridente. . . . . .ela nao intende ela joga tudo no #google,NEUTRAL
#TweetDeck y #Google+ no están hechos para convivir en armonía.. Las notificaciones aparecen del mismo lado.. =/ Es ver esas o las de face..,NEUTRAL
RT @takashiruru: android beam　って何だろう　 #Android4.0 #Google,NEUTRAL
@Peedro_Guiih gato intenda a nat é a metamoforse sorridente. . . . . .ela nao intende ela joga tudo no #google,NEUTRAL
#Google y #Samsung lanzan oficialmente el #GalaxyNexus con #Android #IceCreamSandwich. http://t.co/N0yIucDw,NEUTRAL
"「docomo NEXT series GALAXY NEXUS SC-04D」を開発
http://t.co/B3t2y3vm
#android #google #docomo #samsung",NEUTRAL
#Google presenta #Android Beam una nueva forma de compartir por NFC http://t.co/lofb8HCJ,NEUTRAL
@ViviStephiee buscalo en #google..persona qe se comen a los conejos D:,NEUTRAL
Le Galaxy Nexus officialisé #Samsung #Google #GalaxyNexus #Icecream - http://t.co/YT2RWbgn via @Julbut @TweeqFr @Thibaudd,NEUTRAL
"Camarada @michelenlared, mándale a @mvdan los enlaces de los dólares de #Google que financian a la #FSF porque no quiere creerte... xD",NEUTRAL
RT @tecnoclips: #Google lanza #Android 4.0 http://t.co/NZ494v4h también conocido como Ice Cream Sandwich y Samsung lanza el Galaxy #Nexus,NEUTRAL
"RT @dulmandakh: #Google буузаа түүхийрүүлчихсэн, аврах аргагүй учир удахгүй хаана. би тэрнээс нь өмнө хаачихлаа.",NEUTRAL
продвижение статьями http://t.co/zZ8PjWwX Cервис регистрации в каталогах статей #seo #linkbuilding #backlinks #addurl #bookmarks #google,NEUTRAL
閉鎖じゃなくて、そっくりストリームに反映できるようにしてくれるとありがたいんだけどな〜。&gt;&gt; グーグル、「Google Buzz」を閉鎖--「Google+」への完全 http://t.co/mOfsDfFq  #google #buzz,NEUTRAL
@Natalysanchezs según se un sentimiento #google,NEUTRAL
@alanlepo..IBM Connections light years ahead of other vendors in #analytics http://t.co/jg24duIa #socialbiz #Google+,NEUTRAL
"@iPhonologo iOS exclusivo, desde que no logre pasar a la segunda ronda de examenes para trabajar en #Google me cambie al mundo Mac",NEUTRAL
@JosialBass Dios mio !!! #Android no tiene #Limites!! RT@JosialBass: El nuevo #Android de #Google: #GalaxyNexus 4.0... http://t.co/fxqXDQb8,NEUTRAL
"A espera acabou. #Samsung, parceria com o #Google, o novo GalaxyNexus nesta terça-feira (19) em HongKong. O  Android 4.0 Ice Cream Sandwich",NEUTRAL
Hoy #Foursquare y #Google+ me patearon las pelotas!,NEUTRAL
"@iPhonologo si, vi el evento, pero si hay algo en lo que #google es bueno es en reportes .... analytics es genial",NEUTRAL
@CarlosTolosa10 jajaja buscalo en #google y ve como esta jajaja,NEUTRAL
#Google No se que aria sin ti :$,NEUTRAL
#google you do have a journ degree correct? RT @SZimms: Who know how to format an annotated bibliography in APA style?,NEUTRAL
Que mierda le pasa a #FOTA que no me quiere traer #IceCreamSandwich? #Google #Android @SamsungArg #GalaxyS2 ;-),NEUTRAL
#Samsung #NexusPrime esta wwwaaooooo y con #IceCreamSandwich superior @samsungpty buena presentación #Android #Google,NEUTRAL
#Google lanza #Android 4.0 http://t.co/NZ494v4h también conocido como Ice Cream Sandwich y Samsung lanza el Galaxy #Nexus,NEUTRAL
6 positive Learnings aus dem Panda-Update ... http://t.co/JEgkwrDR #panda #seo #google,NEUTRAL
El nuevo #Android de #Google: #GalaxyNexus con #IceCreamSandwich 4.0... http://t.co/FITenr0v,NEUTRAL
#android El nuevo Android de Google: Galaxy Nexus con Ice Cream Sandwich 4.0: Menuda madrugada del 19 de... http://t.co/wjCcDIAb #google,NEUTRAL
RT @rianru: #Google представит новую версию #Android 4.0 http://t.co/mf8XE5Aw,NEUTRAL
Galaxy Nexus: El nuevo teléfono de Google y Samsung http://t.co/laKDByOT #nexus #google #android,NEUTRAL
Pearson и Google запускают открытую систему дистанционного обучения http://t.co/YglYrzWj #google,NEUTRAL
TIPP: Kostenlose Google +1 und FB-Likes - Free Google +1 and FB-Likes - http://t.co/eNfReVk3 #GooglePlus #Google+1 #Facebook #Likes,NEUTRAL
Cómo funciona #Google AdWords  http://t.co/8kuFtEVY vía @JuanPittau,NEUTRAL
"ICS plutôt bien dans l'ensemble, perso j'aime beaucoup l'interface des contact // epic fail reconnaissance faciale ! #google #android",NEUTRAL
"Que es #Android Beam? Una nueva forma que presenta #Google para compartir contenido, solo juntar los teléfonos y pasar la información :)",NEUTRAL
@iley_little we'lll figure it out tm in gym #google,NEUTRAL
RT @QiiBO: #GalaxyNexus es presentado oficialmente. http://t.co/dwUWIYWC | Conoce los detalles del nuevo teléfono de #Google,NEUTRAL
#Google La recherche cryptée étendue à tous les utilisateurs connectés à un service Google via @commentcamarche http://t.co/5d4YG4pa,NEUTRAL
RT @FTTank: Voici un très bon résumé de l'annonce du #GalaxyNexus de #Google http://t.co/O0bh5nBp,NEUTRAL
@nestorrom77 majeeee yo cuando reuna bastante pisto me voy a comprar los que usa @davidguetta puuuuuta son tan vergones buscalos en #google,NEUTRAL
#GalaxyNexus es presentado oficialmente. http://t.co/dwUWIYWC | Conoce los detalles del nuevo teléfono de #Google,NEUTRAL
"@ksidd94 lol it's #tocomplicated to explain on here lol, #lookitup #google #twitterrookie #lmao",NEUTRAL
RT vers @FuturKing &gt;  @FTTank Voici un très bon résumé de l'annonce du #GalaxyNexus de #Google http://t.co/ueCURyDX,NEUTRAL
@.brown45235: vibro http://t.co/uoIfnklJ #gnu #gome #google #hadopi #health ... http://t.co/V690lfLS,NEUTRAL
Voici un très bon résumé de l'annonce du #GalaxyNexus de #Google http://t.co/O0bh5nBp,NEUTRAL
#NuevaEscuela #InternetHighSchoolOfEducation#001InThisWorld con el Director #Google y los mejores profesores #SanWikipedia y #Yahoo!Answers,NEUTRAL
"'Did #Jews...' on a #Google Search: http://t.co/PyoG47fV &lt;&lt;&lt; ""Kill Jesus, Cause 9/11, Vote for Hitler""",NEUTRAL
"Samsung Galaxy Nexus - el nuevo smartphone oficial Google con Android 4.0 ""Ice-Cream Sandwich"" http://t.co/JXyHhfNV #Google #Android",NEUTRAL
หน้าตาของระบบปฎิบัติการ Android 4.0 Ice Cream Sandwich ของ #google ก็ดูดีเหมือนกันนะ,NEUTRAL
"хочу виджет для #Google+ на #Android как для твиттера, чтобы посты были видны в виджете.",NEUTRAL
#google เริ่มเปิดต้วระบบปฎิบัติการ Android 4.0 Ice Cream Sandwich แล้ว,NEUTRAL
#google 话，丫的只有你 #apple 会抄么，俺一样会抄。天下一大抄。,NEUTRAL
#Google anuncia melhorias ao #PowerPoint do seu Docs http://t.co/4pLGTDgz,NEUTRAL
necesito encontrar tantas respuestas que no las da ni #google ni #wikipedia entonces donde?,NEUTRAL
Parece que Google Labs se acaba :( m.fastcompany.com/technology/57403/ #google #fail,NEUTRAL
Virage Success Story - Harvard Business School pdf ebook:  http://t.co/JemEYNDb #google,NEUTRAL
Virage Success Story - Harvard Business School pdf ebook:  http://t.co/dNpFlXxB #google,NEUTRAL
Putting Leadership Back into Strategy pdf ebook:  http://t.co/fGc3ufed #google,NEUTRAL
Putting Leadership Back into Strategy pdf ebook:  http://t.co/Rcu7X2lh #google,NEUTRAL
android beam　って何だろう　 #Android4.0 #Google,NEUTRAL
i-nexus Named as One of The Telegraph's Top 1000 - Free PR Site (press release) http://t.co/J4AHo3Aa #nexus #one #google,NEUTRAL
"الجهاز الجديد عجيب 

#DriodRazr
#google #motorola #moto",NEUTRAL
@oriondesarrollo en todas las #redessociales ahora también en #google+ http://t.co/z5oXYc0y,NEUTRAL
Я немного потрясен :) #google #android,NEUTRAL
RT @google_topic: Samsung、Android 4.0搭載のGoogleブランド端末「GALAXY Nexus」を発表 - ITmedia http://t.co/t0CrKsoo #google,NEUTRAL
no dijeron si #ICS estara para el galaxy s1 T_T RT @AndrotekRD: #Pregunta...Pro y Contra del evento de #Google?,NEUTRAL
#Google y su distorsión de la ##accesibilidad http://t.co/LE6lzlus #fb #android #chromeos #chromevox,NEUTRAL
Brilhante a apresentação do Android ICS. O Google simplesmente abusou da tecnologia!!! Sambou na cara das agendas !!! #ICS #google #Android,NEUTRAL
今日発表だった＾ﾛ＾　 #Android4.0 #Google,NEUTRAL
"Con algunos ""hiccups"" durante la presetnación de #Android 4.0 pero todo pinta genial. Muy bien ahí #Google #Samsung #GalaxyNexus",NEUTRAL
Le Galaxy Nexus a l'air bien sympa et #ICS bien repensé. Reste à voir les tests ... #google #android,NEUTRAL
"يبدو ان طفرة الاجهزة الالكترونية القادمة ستكون بقيادة موتورولا ،، لاسيم بعد استحواذ قوقل عليها. 

#google #motorola #moto",NEUTRAL
Samsung、Android 4.0搭載のGoogleブランド端末「GALAXY Nexus」を発表 - ITmedia http://t.co/t0CrKsoo #google,NEUTRAL
"RT @interfase: Andy Rubin de #Google develó oficialmente el Samsung #GalaxyNexus, el 1er smartphone con #Android4.0 Ice Cream Sandwich h ...",NEUTRAL
Se jodió #iOS5 con #Android 4.0 (Ice Cream Sandwich). Bendito seas #Google !!!,NEUTRAL
@donchele vaya trabaje con #Google mejor jajajajajajajaj,NEUTRAL
"RT @Osama11: RT @SE4mCom: استجابة الشاشة هي 0.1 وهو رقم أكثر من مرتفع في هاتف محمول 
http://t.co/N2IEuzEN #SE4m #Google #Nexus",NEUTRAL
@Ladycamia @JewelSantini check out that link sis - some good stuff on #mindfulness #medidtation techniques on #google - jewels swears by it!,NEUTRAL
definitivamente sigo sin entender un carajo de #Google+,NEUTRAL
"#Android #IceCreamSandwich 4.0 y el Galaxy Nexus, no necesitas nada más... #samsung #google",NEUTRAL
En estooos ultimooos dias Mi  página mas visitadaaa en internet es #Google,NEUTRAL
Galaxy Nexus: El nuevo teléfono de Google y Samsung - Gizmología http://t.co/yUYG3KF6 #google,NEUTRAL
"Queridos, até amanhã! Até mais! #Google #FAIL #ICS #FAIL #NEXUSPRIME #MAOMENO",NEUTRAL
"@rmeneghelo: ""#Google ainda te ama apesar de tudo IUEHAIUAHEIUHAEIUH =P"" correção: ainda te AMO...",NEUTRAL
"#android #ice #cream #Sandwich    #google
текст-Фото на английском
http://t.co/UK3A7JWk",NEUTRAL
Hinweis: Linkbuilding Kurs kostenlos  http://t.co/pwldYXVE #google,NEUTRAL
"RT @DominicanDroids: Cuando 2 grandes se unen, #Samsung y #Google... Estas cosas son las que pasan... #GalaxyNexus",NEUTRAL
#Google ainda te ama apesar de tudo IUEHAIUAHEIUHAEIUH =P,NEUTRAL
me encanta sacarme dudas existenciales con respecto a la diferencia entre objetivamente y subjetivamente. GRACIAS #GOOGLE !,NEUTRAL
顔認識ロック解除失敗してる・・・デモで失敗しちゃっていいのか？ #google,NEUTRAL
ESA propaganda de #ICSNexus ya me aburrio q me dan ganas de decir q lo unico q aprecio de android es el browser q trae para abrir #Google,NEUTRAL
"RT @juank3946: #IceCreamSandwich presenta #AndroidBeam, una herramienta para transferir archivos con solo juntar 2 teléfonos #Android #G ...",NEUTRAL
Με συγχισες #google σιχτιρια! Για αυτο κ ποτε δν θα δεχτω να δουλεψω σε σενα που να χτυπιεσαι :Ρ,NEUTRAL
"interface a voir en réel pour juger, sinon ice cream sandwich est simplement monstrueux !! #nexusprime #google #ICS",NEUTRAL
RT @gattenist: サムスン、Googleと共同でGoogleリファレンス機「Galaxy Nexus」を正式発表、11月に世界各地で発売　http://t.co/zwSUFuez #androidjp #samsung #google #galaxynexus,NEUTRAL
"#Google When you perform texas hold em, do you have to use the 2 cards you are dealt? go through on?:... http://t.co/IR9F1IAb #wikileaks",NEUTRAL
#Google Sit and Go Center Method For Profitable Sit-N-Go’s on PokerStars: http://t.co/6PwI0rjZ -Co... http://t.co/JCqPi1hS #wikileaks,NEUTRAL
#Google Newest Texas Holdem Zynga Poker Hack Cheat Update 18 October 2011.flv: Download Hyperlink: ur... http://t.co/oEXPDnoT #wikileaks,NEUTRAL
#Google The Annie Duke Texas Hold-Em Poker Tournament to Gain Homeless Youth And Domestic Violence Vi... http://t.co/wSGk5WAj #wikileaks,NEUTRAL
#Google How to Play Texas Holdem Poker for Newbies : Texas Hold’em Poker: The River: Discover poker t... http://t.co/9E7WLKvG #wikileaks,NEUTRAL
iOS kan slänga sig i väggen. #ICS levererar! #Google,NEUTRAL
"So viel zum Thema Retina Display :D Respekt an #Google und #Samsung, Super Amoled HD in 1280x720 auf einem Phone ist krass :D #GalaxyNexus",NEUTRAL
"#Galaxy #Nexus líbí, i novinky v #ICS. Najít truhlu se zlaťáky, je můj :D Snad ještě nezapomenou na Nexus One. #Google",NEUTRAL
#Google Ab jetzt Live von der Google und Samsung Pressekonferenz zu Android 4.0 und dem Galaxy Nexus (NewGadgets... http://t.co/tLMxcv6L,NEUTRAL
"La presentazione di Ice Cream Sandwich è appena finita, la scimmia ha già cominciato a urlare, lo voglio! :D #Google #ICS #GalaxyNexus",NEUTRAL
"Hé bien c'était cool d'attendre pour voir la conférence :-), j'ai envie du #nexus #prime de #google mnt, et jouer avec #ICM #android 4.0",NEUTRAL
#Pregunta...Pro y Contra del evento de #Google?,NEUTRAL
楽しかった～　#android #google,NEUTRAL
"RT @joselopes_2001: Parabéns, #Google. Vocês humilharam o #iOS! #Android 4.0",NEUTRAL
"скромненько, быстренько без пафоса прошла презентация #google и #samsung #android",NEUTRAL
「益若つばさ」「塩麹」「マツコ富士」など、最新のGoogle急上昇ワードとそれに関連するAmazon商品はこちらでチェック！→ http://t.co/pjCyxd9J #google #amazon,NEUTRAL
Parabens #google gostei bastante do novo Android #android,NEUTRAL
RT @twandroid SDK dispo aujourd'hui #google #nexusprime,NEUTRAL
_('~')_ ありがとうございますっ！！Facebookページ「Google Appsっていいね！」も徐々にファンが増えてますっ！！嬉しいですっ！！ http://t.co/PBi9Hog8 #google #googleapps,NEUTRAL
Y termina el evento. #Android #Google #Samsung,NEUTRAL
#ThingsWeAllHate people who think they know it all! hello...your name isn't #Google,NEUTRAL
RT @twandroid: SDK dispo aujourd'hui #google #nexusprime,NEUTRAL
RT @twandroid Android Beam : partager du contenu entre devices Android via le NFC #google #nexusprime,NEUTRAL
GOGOGo desenvolvedores! developer.android.com  #icecreamsandwich #galaxynexus #google #samsung,NEUTRAL
RT @BeautyNda_Beast don’t waste your time on a guy that isn’t willing to waste his time on you #Google,NEUTRAL
RT @twandroid Messagerie vocale directement dans ICS #google #nexusprime,NEUTRAL
#ICS et #Google une communauté à votre service !,NEUTRAL
Il est dispo sur developer.android.com #google #nexusprime,NEUTRAL
Pqp! Icecream Sandwich tá muito foda! Hail #google #ICS #android 4.0,NEUTRAL
"Parabéns, #Google. Vocês humilharam o #iOS! #Android 4.0",NEUTRAL
SDK dispo aujourd'hui #google #nexusprime,NEUTRAL
#Android Beam 好像很厲害！#Google #ICS,NEUTRAL
Grave c'est même plus une demi-molle là! RT @g123k #kikitoutdur devant ICS #google #nexusprime,NEUTRAL
"@EgyDroid ""Android Beam هو نظام تبادل البيانات الخاص بأندرويد لتناقل البيانات عن طريق خاصية NFS"" very strong feature amazing #Google #Nexus",NEUTRAL
android beam スゲー　#google #android,NEUTRAL
"Android Beam: Compartilhamento de aplicativos, links, multimidia e contatos via NFC  #icecreamsandwich #galaxynexus #google #samsung",NEUTRAL
"RT @g123k: Google a pas innové avec un tamagochi, ils ont tout compris #google #nexusprime",NEUTRAL
RT @twandroid: Partage d'apps en NFC #google #nexusprime,NEUTRAL
Les annonces se suivent et sont toutes super pratiques #ics #android #google,NEUTRAL
Partage d'apps en NFC #google #nexusprime,NEUTRAL
Shoutout to our New Twitter Friends &  #WelcomeToTwitter! Thanks to everyone following @xrvolume - #myspace #wordpress #Google+,NEUTRAL
Alguien dejara de trabajar en #Samsung o #Google,NEUTRAL
Tipp: kostenlose SEO-Infos  http://t.co/1ayEKV6F #google,NEUTRAL
To gostando do Android 4.0  #google #android,NEUTRAL
le nfc intégré aussi dans #nexus #google #android '-',NEUTRAL
"Google a pas innové avec un tamagochi, ils ont tout compris #google #nexusprime",NEUTRAL
Android Beam: Compartilhamentovia NFC  #icecreamsandwich #galaxynexus #google #samsung,NEUTRAL
RT @twandroid: Android Beam : partager du contenu entre devices Android via le NFC #google #nexusprime,NEUTRAL
Android 4.0 endast för enheter med 720p-skärm? http://t.co/BqpiYl6W #android #google #ics,NEUTRAL
Android Beam : partager du contenu entre devices Android via le NFC #google #nexusprime,NEUTRAL
"Et de 3 #fails, mais au moins c'est du vrai direct #google #nexusprime",NEUTRAL
BUGOU asoeijoaijoriaejr #icecreamsandwich #galaxynexus #google #samsung,NEUTRAL
RT @Formateate: Tendremos nueva interfaz de #google #calendar,NEUTRAL
"viva #Microsoft o #google para e copiar a #apple e copia o #wp7 de tao bom que é. Incrivel como a interface metro esta ali,",NEUTRAL
RT @twandroid: Messagerie vocale directement dans ICS #google #nexusprime,NEUTRAL
joga meu nome no #google pra ver no que vai dar ;) ♪,NEUTRAL
Messagerie vocale directement dans ICS #google #nexusprime,NEUTRAL
Pas mieux \o/ RT @g123k: #kikitoutdur devant ICS #google #nexusprime,NEUTRAL
RT @twandroid: Possibilité de voir les mises à jour (un peu comme Sony Ericsson avec l'intégration Facebook) #google #nexusprime,NEUTRAL
"Παει κ η #google ! Αποθανε!? ""The server encountered an error and could not complete your request""",NEUTRAL
RT @g123k: #kikitoutdur devant ICS #google #nexusprime,NEUTRAL
#kikitoutdur devant ICS #google #nexusprime,NEUTRAL
发现 #google 特意的故意的不提 #facebook ，哈哈哈。,NEUTRAL
O android 4.0 Ice Cream Sandwich agenda de contato esta parecendo o windows phone 7 #google #android,NEUTRAL
"RT @twandroid Nouvelle application Contacts : les connections Linkedin, Twitter.. sont enfin intégrées ! #google #nexusprime",NEUTRAL
Possibilité de voir les mises à jour (un peu comme Sony Ericsson avec l'intégration Facebook) #google #nexusprime,NEUTRAL
サムスン、Googleと共同でGoogleリファレンス機「Galaxy Nexus」を正式発表、11月に世界各地で発売　http://t.co/zwSUFuez #androidjp #samsung #google #galaxynexus,NEUTRAL
"@nandokanarski PUTZ, que bela MERDA... #Google #Android #fail",NEUTRAL
"Chrome Experiment – WebGL Bookcase, biblioteca infinita de Google Books http://t.co/HrLLVlIK #Google #Chrome #GoogleChrome #Software",NEUTRAL
"RT @twandroid: Nouvelle application Contacts : les connections Linkedin, Twitter.. sont enfin intégrées ! #google #nexusprime",NEUTRAL
SO Hinweis: kostenlose SEO Videos  http://t.co/pwldYXVE #google,NEUTRAL
"Nouvelle application Contacts : les connections Linkedin, Twitter.. sont enfin intégrées ! #google #nexusprime",NEUTRAL
A diagramação das fotos está bem parecida com a do windows mango #icecreamsandwich #galaxynexus #google #samsung,NEUTRAL
O Ice Cream Sandwich praticamente dispensa apps de terceiros! #android #google Galaxy Nexus,NEUTRAL
#Google #Panda Où est parti le 30 % de trafic perdu?  http://t.co/QONIToAg,NEUTRAL
@VinnyMartiins colokei no #Google pra saber !,NEUTRAL
Excelente. Proximo cel? RT @Giuliano3G: Presentanción #Android 4.0 y Samsung Nexus Prime - http://t.co/8l9vzqgn #Google. (Se jodió #iOS5),NEUTRAL
"RT @twandroid: C'est quand même une conférence, où on n'attend pas 1h30 pour avoir une nouveauté.... #google #nexusprime",NEUTRAL
Android #ICS predice cuál será tu gasto de datos y te advierte o bloquea para que no gastes más dinero! #tecnologia #ciencia #google,NEUTRAL
RT @twandroid: Le panorama est très sympa et peut être coupé à tout moment #google #nexusprime,NEUTRAL
"C'est quand même une conférence, où on n'attend pas 1h30 pour avoir une nouveauté.... #google #nexusprime",NEUTRAL
直擊！【@Phone雜誌 / @微博通訊社 19日訊】谷歌+三星智能手機發布會http://t.co/SFBLWqjg @LK154: #Google 跟 #Samsung 正式發佈 #Galaxy #Nexus… 手機規格如下：http://t.co/MyIcSKXW #ICS,NEUTRAL
Panoramique implémenté :o #android #google #nexusprime &lt;3 j'ai envie du tel mnt,NEUTRAL
caramba a galera da #google mandou muito bem no novo #android novidades na app da camera estão d+ #soudev \o/ quero o novo Google Nexus :D,NEUTRAL
Sistema de fotos panorâmicas na camera do icecream sandwich #icecreamsandwich #galaxynexus #google #samsung,NEUTRAL
#google #motorola Motorola-Übernahme durch Google: Justizministerium fordert Informationen: Mitte August wurde b... http://t.co/C5nZWALj,NEUTRAL
Le panorama est très sympa et peut être coupé à tout moment #google #nexusprime,NEUTRAL
RT @twandroid: Panoramas sur ICS ! #google #nexusprime,NEUTRAL
RT @twandroid: Possibilité de taguer les personnes #google #nexusprime,NEUTRAL
Panoramas sur ICS ! #google #nexusprime,NEUTRAL
Possibilité de taguer les personnes #google #nexusprime,NEUTRAL
RT @twandroid: Nouveau layout pour la Galerie qui est en forme de magazine #google #nexusprime,NEUTRAL
RT @twandroid Prise de photo quasi instantannée #ouaaaaaaahhhhh #google #nexusprime,NEUTRAL
Nouveau layout pour la Galerie qui est en forme de magazine #google #nexusprime,NEUTRAL
"RT @twandroid: Editeur de photo maintenant : redimensionner, .... (ce qu'on avait déjà vu) #google #nexusprime",NEUTRAL
"Editeur de photo maintenant : redimensionner, .... (ce qu'on avait déjà vu) #google #nexusprime",NEUTRAL
Presentanción #Android 4.0 y Samsung Nexus Prime - http://t.co/Iy3VNaFF #Google. (Se jodió #iOS5),NEUTRAL
Muito rapida essa velocidade de captura de imagens da camera do Galaxy Nexus #icecreamsandwich #galaxynexus #google #samsung,NEUTRAL
RT @twandroid: Prise de photo quasi instantannée #ouaaaaaaahhhhh #google #nexusprime,NEUTRAL
Hinweis: kostenlose SEO-Infos  http://t.co/d3WrYCUT #google,NEUTRAL
Prise de photo quasi instantannée #ouaaaaaaahhhhh #google #nexusprime,NEUTRAL
Bien repensé l'app photo #nexusprime #google #android avec l'aperçu direct,NEUTRAL
Parisian Love: How to impress a French? http://t.co/Nh81Cbqf #google,NEUTRAL
Cool!! #google #win RT: @a1arte: Google y Samsung lanzan oficialmente el Galaxy Nexus con Android Ice Cream Sandwich http://t.co/kE0dFNQL,NEUTRAL
L'affichage de l'Intent Share est cool sur l'appareil photo : #google #nexusprime,NEUTRAL
Pagaliau oficialiai pristatytas Samsung Galaxy Nexus http://t.co/BHetRH4B #android_4 #galaxy #google,NEUTRAL
Meu Bom Jesus que velocidade de captura é essa ? #icecreamsandwich #galaxynexus #google #samsung,NEUTRAL
RT @twandroid: Possibilité de ne sélectionner qu'une période et savoir pour chaque app combien de data a été utilisé #google #nexusprime,NEUTRAL
Pô. Gostei do novo sistema de reconhecimento facial do Android. Tão forte que não liberou nem o dono do smartphone. #Google #ICS,NEUTRAL
Possibilité de ne sélectionner qu'une période et savoir pour chaque app combien de data a été utilisé #google #nexusprime,NEUTRAL
デフォでデータ通信制御？　#android #google,NEUTRAL
"RT @twandroid: Consommation data affichée dans les paramètres, avec même une approximation de la consommation future !#google #nexusprime",NEUTRAL
Data Usage: Nada mais de aplicativos para monitorar tráfego de Dados #icecreamsandwich #galaxynexus #google #samsung,NEUTRAL
RT @twandroid: Deux lignes sont affichées sur la première page de GMail pour chaque mail : un aperçu en quelque sorte #google #nexusprime,NEUTRAL
"Consommation data affichée dans les paramètres, avec même une approximation de la consommation future !#google #nexusprime",NEUTRAL
#1 #Google ranked funniest #FUNNY #tshirts on the net #Sushi #BarExam http://t.co/jSrVRFgK #lawschool #lawyers #SALE #humor #lawyers,NEUTRAL
#1 #Google ranked funniest #FUNNY #tshirts on the net #Sushi #BarExam http://t.co/fXJyOZeV #lawschool #lawyers #SALE #humor #lawyers,NEUTRAL
RT @twandroid: Nouvelle app Calendrier : plus épurée #google #nexusprime,NEUTRAL
Olha o tamanho desse CRÂNIO! xD #Google #Android,NEUTRAL
RT @twandroid: Intégration de la reconnaissance vocale #google #nexusprime,NEUTRAL
Très plaisante cette mise à jour d'Android ! En espérant que cela stimulera Apple à nous pondre du nouveau. #Google #icecreamsandwich,NEUTRAL
RT @twandroid: Le clavier semble avoir peu bougé depuis Gingerbread #google #nexusprime,NEUTRAL
Pinch to zoom sur le calendrier (comme sur Honeycomb) #google #nexusprime,NEUTRAL
RT @twandroid: La prise de captures d'écran est officialisée !!!!!! #google #nexusprime,NEUTRAL
RT @twandroid: Possibilité de mettre des contacts dans les dossiers ! #google #nexusprime,NEUTRAL
Tendremos nueva interfaz de #google #calendar,NEUTRAL
RT @twandroid: Widgets redimensionnables aussi #google #nexusprime,NEUTRAL
RT @twandroid: Widgets scrollables comme sur Honeycomb #google #nexusprime,NEUTRAL
RT @twandroid: Des boutons virtuels... #google #nexusprime,NEUTRAL
Nouvelle app Calendrier : plus épurée #google #nexusprime,NEUTRAL
RT @twandroid: Nouveau lockscreen (écran de déverrouillage) à la Honeycomb #google #nexusprime,NEUTRAL
RT @twandroid: Nouvelle police (font) pour android : Roboto #google #nexusprime http://t.co/NvBPe6fm,NEUTRAL
RT @twandroid: Le baromètre est inclus dans le Galaxy Nexus #google #nexusprime,NEUTRAL
Okay its officially a #sausagefest here @thursdays it really makes no sense based on the feedback from #google?? Moving on...,NEUTRAL
Deux lignes sont affichées sur la première page de GMail pour chaque mail : un aperçu en quelque sorte #google #nexusprime,NEUTRAL
The ARM Cortex-A9 Processors pdf ebook:  http://t.co/F8mSgjgF #google,NEUTRAL
Settlement with Multiple Plaintiffs: The Role of Insolvency pdf ebook:  http://t.co/YEl8Pq4O #google,NEUTRAL
Reconnaissance Faciale de ouf là ! :p #google #android,NEUTRAL
Le agregan face unlock: bloquear y desbloquear el telefono con tu rostro. ESTA DEMASIADO INTERESANTE LA CONFERENCIA DE #GOOGLE JUSTO AHORA.,NEUTRAL
"Ya tendremos browser con tabs, y nuestros bookmarks se sincronizarán con Chrome! #ics #google",NEUTRAL
vendo os significadosdos sonhos aki no #Google pqe meu livro eu emprestei enfiaram no cú pqe até hj nunca me devolveram =X,NEUTRAL
Ishi o #faceunlock do #icecreamsandwich #android não funcionou no seu lançamento #google,NEUTRAL
"RT @SE4mCom: المؤتمر الخاص بجوجل وسامسونج يبدأ خلال الدقائق القادمة 
http://t.co/WUF65DTr #SE4m #Google #SAMSUNG #follow_up http://t.co/ ...",NEUTRAL
"RT @twandroid: ""Request desktop site"" : fonction très sympa #google #nexusprime",NEUTRAL
RT @twandroid: Possibilité de sauvegarder pour visionner hors-ligne #google #nexusprime,NEUTRAL
きたーーーっ！！Galaxy Nexus！！！　http://t.co/7IgbD9U0 #android #galaxy #nexus #google,NEUTRAL
RT @twandroid Nouvelle gestion des onglets sur le navigateur #google #nexusprime,NEUTRAL
"""Request desktop site"" : fonction très sympa #google #nexusprime",NEUTRAL
Reconnaissance faciale poir debloquer ton phone :-)  #google #android,NEUTRAL
Nouvelle gestion des onglets sur le navigateur #google #nexusprime,NEUTRAL
RT @twandroid: Hugo Barra sur scène #google #nexusprime,NEUTRAL
A los interesados pueden seguir la presentación stream de #google y #samsung sobre lo nuevo de #android,NEUTRAL
Use Caution When Sharing on Social Networks http://t.co/SXNoBASn via @LarryMagid #youth #facebook #google+,NEUTRAL
Intégration de la reconnaissance vocale #google #nexusprime,NEUTRAL
RT @twandroid: Les notifications sont visibles depuis le lockscreen #google #nexusprime,NEUTRAL
RT @twandroid: Possibilité de supprimer les notifications en les swipant (comme sur Cyanogen) #google #nexusprime,NEUTRAL
En train de suivre la keynote Google - Ice Cream Sandwich.. #Google #icecreamsandwich,NEUTRAL
Deep Linking Plugin - Black... http://t.co/RnF3cNu8 #seo #search #google #hack #sem #it #business #web #marketing #online #yes #hot #winning,NEUTRAL
"#galaxy #nexus #android #google / экраааааан / -4,7'' / -super HD amoled / -1280x720  / -16:9 /  / камера / 5м... http://t.co/3cbUMlg3",NEUTRAL
RT @twandroid Le baromètre est inclus dans le Galaxy Nexus #google #nexusprime,NEUTRAL
Just participated in another #Microsoft #SQLServer certification test with #TSQL typing instead of multiple choices. Really cool.,POSITIVE
#Microsoft #Opens The Door To Two #Spanish #Entrepreneurs With #Medical #Project ! http://t.co/c97sNizT,POSITIVE
"#Buffalo, #Intel, #Microsoft, #IBM are the best pavilions at #SMAU",POSITIVE
Windows Phone 7.5 Mango Update Process Ahead of Schedule. http://t.co/p1hwo73x  #Microsoft #WindowsPhone #Mango,POSITIVE
WP7 is getting there: #Microsoft Claws Back to Smartphone Relevance: Rich Jaroslovsky - Bloomberg http://t.co/JIMML4RC via @BloombergNews,POSITIVE
On #Microsoft Excel making functions like it's my job #Productive,POSITIVE
RT @Logic2020: Why I love #Microsoft &gt; Microsoft hosting Kids TechFest to encourage careers in tech  http://t.co/fmzFWgYv #babygeeks  ...,POSITIVE
#Microsoft word works on my computer again! Yessss,POSITIVE
"In terms of unified communications giants, really surprised to see how underrated #Microsoft is",POSITIVE
#Microsoft dishing out free first-gen WP7 handsets at its stores http://t.co/cvfWMvmO,POSITIVE
"Will watch this one with interest! RT @RossMistry: #Microsoft Codename ""Data Explorer"" CTP Coming ... http://t.co/kvJSerCj via @scottyd99999",POSITIVE
Lunch today: 19.00  Eating it at #Microsoft while attending #VSLive?  Priceless.,POSITIVE
"Will watch this one with interest! RT @RossMistry: #Microsoft Codename ""Data Explorer"" CTP Coming Next Month  http://t.co/vpQOyXWa",POSITIVE
"""#Microsoft details Search improvements in Windows 8 Start Screen"" http://t.co/Agv49znJ",POSITIVE
Mango shows #Microsoft still has the taste for smartphone success http://t.co/AFm8VSMm  #wp7 #mango,POSITIVE
RT @bmann Awesome! @TommyLee is moving to #Vancouver as Dev Evangelist for #Microsoft - we finally get a local,POSITIVE
Awesome! @TommyLee is moving to #Vancouver as Dev Evangelist for #Microsoft - we finally get a local,POSITIVE
Microsoft Stores offer up free Windows Phone 7 devices #microsoft #microsoftstores: Microsoft's retail stores ar... http://t.co/r2RndN6Y,POSITIVE
Microsoft Stores offer up free Windows Phone 7 devices #microsoft #microsoftstores http://t.co/xoLRaueY #microsoft,POSITIVE
Microsoft Stores offer up free Windows Phone 7 devices #microsoft #microsoftstores http://t.co/F4HwAN6Q,POSITIVE
Microsoft Stores offer up free Windows Phone 7 devices #microsoft #microsoftstores http://t.co/7YvJMHnQ,POSITIVE
Microsoft Stores offer up free Windows Phone 7 devices #microsoft #microsoftstores http://t.co/hJ8qlOC9 #neowin,POSITIVE
Microsoft Stores offer up free Windows Phone 7 devices #microsoft #microsoftstores http://t.co/BpFKyd1O,POSITIVE
#Microsoft store here I come to spend my hard earned cash. #vslive,POSITIVE
If you didn't know - Free #Microsoft #HTML5 @Webcamps on West Coast MountainView Redmond Portland check them out  http://t.co/L86OWQRE,POSITIVE
Hey parents!Did you know about the free tools from #Microsoft that help keep your kids safe online?Live Family Safety http://t.co/5pk1et6r,POSITIVE
#Microsoft #Cloud Microsoft offers students free access to its technologies to improve employability: Dubbe... http://t.co/rGBHHUQP #TCN,POSITIVE
Awesome! #Microsoft  #holodeck bit.ly/qpGxle,POSITIVE
"""#Microsoft details Windows 8 search improvements"" - via @SlashGear http://t.co/JCawWRzQ",POSITIVE
Can't wait until I can visit the holodeck! Thanks for sharing. RT @karljuhlke Beam me up #Microsoft! Microsoft has... http://t.co/ZGbk3xnK,POSITIVE
"@SmartKeitai Yeah I saw it, @Google is taking seriously what #Microsoft has done with #Metro UI but yeah looks good Android 4.0",POSITIVE
Why I love #Microsoft &gt; Microsoft hosting Kids TechFest to encourage careers in tech  http://t.co/fmzFWgYv #babygeeks via @Techflash,POSITIVE
Microsoft explains new improvements in Windows 8 Start screen search: http://t.co/cxovk5WW #buildingwindows8 @buildwindows8 #tech #microsoft,POSITIVE
Microsoft explains new improvements in Windows 8 Start screen search: http://t.co/pq67GRra #buildingwindows8 @buildwindows8 #tech #microsoft,POSITIVE
enjoy  #Microsoft #Search Idea Could Let You Search Like Miley http://t.co/GWOkOCEg great,POSITIVE
"#Microsoft Bing is The New King of Search, Tipped #Google Search http://t.co/61OgLIKA",POSITIVE
#Microsoft #PowerPivot gives users the power to create compelling self-service #BI solutions. #infinitywebinar,POSITIVE
"The Future of #Information: Innovators from #Google, #Microsoft &#Twitter  Nov. 14-18  Info & registration at http://t.co/kJKZ77Zy #UMD",POSITIVE
"Another Gem from #Microsoft - Curate your personal history with  ""Project Greenwich"".  Available later this month. http://t.co/KgNrbVgp",POSITIVE
Beam me up #Microsoft! Microsoft has #holoDesk research project: http://t.co/KlMgkh5V,POSITIVE
Thanks to Steffen Krause #Microsoft for a great SQL Server Session @EuropeanSP.,POSITIVE
This is how charity works these days. http://t.co/839klkFH #billgates #philanthropy #microsoft,POSITIVE
Ballmer Thinks You Have To Be A Computer Scientist To Use Android http://t.co/VKV2TBcj #tech #microsoft (i agree to some extent),POSITIVE
"We have had a great time at #TechEdAfrica thanks to all the sponsors, delegates, #Microsoft and #mimecastsa.",POSITIVE
"Validated that #Microsoft #iSCSI target in Win Server 8 works fine with #VMware #vSphere5 / ESXi5, no errors - more: http://t.co/6qnLWFt7",POSITIVE
wow - #Microsoft tech turns your body into a touchscreen http://t.co/5hVBC5Bm via @PSFK,POSITIVE
Love the #Microsoft campus!  Love the feeling of the mixer building.  Thanks #vslive bringing the conference here!,POSITIVE
#microsoft #research shows #Holodesk. Awesome!!! The holodeck is one step closer! bit.ly/pCMJON #kinect /via @dvroegop,POSITIVE
"RT @ralphbin: #Microsoft Research shows #Holodesk - looks like science fiction, but is science fact http://t.co/w5OCrbpm  Cool but  no sound",POSITIVE
"#Microsoft Research shows #Holodesk - looks like science fiction, but is science fact http://t.co/vv6ltkYp",POSITIVE
Zune Music arrives in Canada! http://t.co/CJJ12v4I #microsoft #music #news,POSITIVE
#Kinect Makes Learning Playful with Help from #SesameStreet and #NationalGeographic #education #microsoft http://t.co/E5uhka8F,POSITIVE
Håper #microsoft lager ny releasepartyguide for #mango. #greatsuccess,POSITIVE
Hey parents! Did you know about the free tools from #Microsoft that help keep your kids safe online? Live Family Safety http://t.co/muuWbGPn,POSITIVE
“@sinanaral: Check out the new #Microsoft #faculty fellows here: http://t.co/2oeNsVG8 poised to change the world!” Go @jure !,POSITIVE
"Maybe #apple could use some of it's billions to do some good in the world?...oh wait, that's what #microsoft does.",POSITIVE
#Microsoft @ ISB... watching the new windows 8 in action...pretty impressive! Finally a contender to mac os.. Interesting battle in store,POSITIVE
#Microsoft tries to combine the #Xbox #WindowsPhone and #PC and all of them will share the same neat looking interface. http://t.co/J332zfpO,POSITIVE
Check out the new #Microsoft #faculty fellows here: http://t.co/GCicPEX4 poised to change the world!,POSITIVE
I became a #Citizenship #Member at @Microsoft ...Thanks #GOD :) #MSPEgypt #Microsoft,POSITIVE
Blog Post: Cool Tool : Microsoft Mouse Without Borders. http://t.co/uM860jFh #Tools #Utilities #microsoft,POSITIVE
"Forget Siri, there is still no beating speech commands on @windowsphone: http://t.co/19GAjSGi #wp7 #mango #tellme #microsoft #siri",POSITIVE
#Microsoft tests and proves #AppSense enterprise scalability! 78K users on one personalization DB - http://t.co/xtZMPSMT #enterprise,POSITIVE
"@RAD_Software Yes good points about #ERP but unfair assessment in saying ""#SAGE, #SAP and #Microsoft Dynamics, are not delivering""",POSITIVE
"Good dev opportunities at #Microsoft UX Tour, Helsinki Finland http://t.co/hCKJXz4K",POSITIVE
@edbott you have sugar-coated the FSF secure boot reaction. This is blatant anti-#Microsoft propaganda.,POSITIVE
V. impressed w/ Image Composite Editor from @MSFTresearch for creating panoramas from individual images. http://t.co/SO7W7spn Tx #Microsoft!,POSITIVE
RT @fran_mac_ I have been blown away by technological innovations.... #microsoft should do more #marketing!!,POSITIVE
I have been blown away by technological innovations.... #microsoft should do more #marketing!!,POSITIVE
RT @asherCFO: #Yahoo up 4 sale - again! Yrs back #Microsoft almost bought it & now glad it didn't. This could b deal of the year that do ...,POSITIVE
#Yahoo up 4 sale - again! Yrs back #Microsoft almost bought it & now glad it didn't. This could b deal of the year that dosent happen!,POSITIVE
#Microsoft presents #Omnitouch - http://t.co/ui0aD1FJ - Very impressive and futuristic technology!,POSITIVE
"Is #Google Down? http://t.co/wFrzKYsN via @Ejunkie Good for #Bing, #Microsoft ’s investments paying off",POSITIVE
"RT @bestpantsTen: http://t.co/P4m8xvaz #iPads less desired than #Windows tablets, says study #Apple #Microsoft #MS",POSITIVE
RT @DariuszPorowski: RT Me too! @rem8: On my way home from 1st day of #MTS11. Had great time with @alead @DariuszPorowski and others #mv ...,POSITIVE
#mango shows #microsoft still has the taste for smartphone success http://t.co/mAOQaplH,POSITIVE
#Microsoft details Search improvements in #Windows 8 Start Screen http://t.co/f6AztiaD,POSITIVE
one more picture of the services provided in the #cloud. I am in love with #Microsoft http://t.co/Q0QLeokZ,POSITIVE
Windows Runtime and .NET: Better Together http://t.co/z7BBJ1xU #dotnet #dev #WinRT #microsoft,POSITIVE
Nice talk by @renatmin #KenyaOpenDoor #microsoft #community,POSITIVE
OMG :) :) #Microsoft #Sharepoint is actually working!  Thanks to my excellent colleague William,POSITIVE
#windowsphone #wp7 #Microsoft really @google ? http://t.co/vI0htJRr  #icecreamsandwichfail innovation by imitation sad sad,POSITIVE
The more i use Office 2010 the more i fall in love it with. #honest #genius #microsoft,POSITIVE
"@guardiantech I love the ""And now it is looking to China:"" Apple funds sweatshops there while Gates funds a foundation #apple #microsoft",POSITIVE
That was a good one(commercial). #microsoft,POSITIVE
Welcome Skype to the #Microsoft family. We can do amazing things together. http://t.co/YKCHtu8h #welcomeskype,POSITIVE
&lt;3 u #microsoft!!!,POSITIVE
"Absolutely loving the ARC mouse, courtesy of the one and only @gregulator0. #inspired #microsoft",POSITIVE
Not a #Microsoft fan but this is cool. Video: Turn any surface into a #touchscreen http://t.co/yy1hNrbQ,POSITIVE
"Wow #android #ics, lots of uh uh uh uh talk going on... forsure not a #microsoft #mango launch were people have public speaking skills",POSITIVE
Jus updated my computer to Windows 7 .....I'm on thanks to #microsoft,POSITIVE
ICS #android is going to kill both Mango #wmp #microsoft and #rimm.  it already killed webOS and Nokia OS...,NEGATIVE
Only people with names beginning with 'A' are getting mail this week (a la #Microsoft),NEGATIVE
#Microsoft #Outlook #2011 for #Mac #sucks… #hate,NEGATIVE
#Microsoft freezes some #Xbox accounts after hack reports - http://t.co/w051BfS0  via @CanadaIT,NEGATIVE
#Update #Microsoft MS11-078 - Critical : Vulnerability in .NET Framework and Microsoft Silverlight Could Allow R... http://t.co/izO0WUNt,NEGATIVE
#Microsoft #Windows Media Centre GUI #Fail #MajorFail,NEGATIVE
How #Apple eclipsed #Microsoft. http://t.co/WU9bFI1h,NEGATIVE
"@theresamarosy haha k, thought everybody knew #Microsoft sucks.",NEGATIVE
"@theresamarosy bc #IE , like everything #Microsoft makes is junk and super prone to crashing.",NEGATIVE
"When #Microsoft ""violated U.S. antitrust laws""—leaving #Netscape out of business & #Novell wounded—it played ""dumb"". http://t.co/0WHHmAK4",NEGATIVE
#Microsoft Lync crash issue on #Mac OS X 10.7.2 [Fixed] - http://t.co/YZhCdgFP,NEGATIVE
#Microsoft Lync crash issue on #Mac OS X 10.7.2 [Fixed] - http://t.co/rzucFejc,NEGATIVE
#Microsoft Lync crash issue on #Mac OS X 10.7.2 [Fixed] - http://t.co/Gjiu2zz1,NEGATIVE
"RT @schestowitz: When #Microsoft broke the law it played ""victim"". Now it engages in racketeering, calls victims ""outlaws"" (""respect our ...",NEGATIVE
"#Nokia workers ask, is chief executive a #Microsoft mole? http://t.co/lWJP9GiU",NEGATIVE
RT @idtheftprotect: #Microsoft has frozen some #Xbox Live (XBL) accounts after online gamers report they have been hacked. http://t.co/M ...,NEGATIVE
"I gave a try to Windows 8 Dev. Preview and it was good but the UI is way too messy right now, waiting for the Beta #microsoft #windows8",NEGATIVE
Six PowerPoint Nightmares (and How to Fix Them) http://t.co/JsQ96NuQ #powerpoint #microsoft #presentations,NEGATIVE
How #Apple eclipsed #Microsoft http://t.co/1fH0dFGj from @guardian,NEGATIVE
This is kind of really creepy: Use your search engine the same way as @MileyCyrus would http://t.co/a050TG4L . . . #Microsoft,NEGATIVE
Great time to be a family? #Microsoft #advertising enrages me. Again. http://t.co/pYT7vKRP,NEGATIVE
"With #Windows 8, #Microsoft can't forget past antitrust issues http://t.co/z4jWLQVu",NEGATIVE
"#Microsoft is currently paying to produce #swpats propaganda to lobby politicians with -- to make racketeering seem ""acceptable""",NEGATIVE
There is nothing like sitting in the workshop all day talking to #microsoft and having to talk to them again tomorrow + waiting for parts.,NEGATIVE
RT @InformationWeek: Reader 'Tronman' compares #SteveBallmer to an albatross around #Microsoft's neck.  Do you agree?  Join the discu...,NEGATIVE
"When #Microsoft broke the law it played ""victim"". Now it engages in racketeering, calls victims ""outlaws"" (""respect our IP"").",NEGATIVE
I would be a lot happier if #Microsoft Word didn't freeze every 5 minutes.,NEGATIVE
"@Anas_Monaffal LOL , i do both .. and for sure #Microsoft #DotNet is perfect, simple o ay 7aja ;) .. but sorry I HATE WINDOWS PHONES :P",NEGATIVE
#Microsoft took 6 months to recruit Everson and 9 months to lose her to #Faceboook via Adweek http://t.co/l5mTm6Ig,NEGATIVE
Comp crash #Microsoft :/ Wouldn't get this with an iMac -__-,NEGATIVE
Reader 'Tronman' compares #SteveBallmer to an albatross around #Microsoft's neck.  Do you agree?  Join the discussion! http://t.co/Mn39R2vc,NEGATIVE
Reader 'Tronman' compares #SteveBallmer to an albatross around #Microsoft's neck.  Do you agree?  Join the discussion! http://t.co/2iJK0VB3,NEGATIVE
Reader 'Tronman' compares #SteveBallmer to an albatross around #Microsoft's neck.  Do you agree?  Join the discussion! http://t.co/DFFkvnSJ,NEGATIVE
#WindowsPhone7 would get a lot more blog and review love if #Microsoft provided a tool to grab screenshots. It's nearly impossible #wpt,NEGATIVE
"RT @Saptha: When u dine with a customer u shoukd never explain abt solutions unless he ask , M$ never lean the concept #microsoft #fail",NEGATIVE
I hate #Microsoft PowerPoint!,NEGATIVE
Is #Microsoft just another evil corporation? Beware when it comes to buying a #Windows8 PC http://t.co/QbgXXJMm,NEGATIVE
#skype is now part of stupid #microsoft it seems,NEGATIVE
#Skype is underwhelming: I use skype. It was recently bought by #Microsoft for  $8.5 billion. As such it has a v... http://t.co/Xli2bR42,NEGATIVE
Apple + Microsoft...The Difference: How #Apple Eclipsed #Microsoft @PSFK: http://t.co/Rmi8oSMi #brand #brands #marketing #innovation,NEGATIVE
"#Microsoft knows how to kick off an opening, but I don't quite see the #edge for Windows Phone or their tablets #iSorry http://t.co/9XDdXN1w",NEGATIVE
"RT @amarsanghera The fact that #Microsoft are using a #QRCode alongside one of their colour code shows the format is failing, opinions…",NEGATIVE
"If #Apple came out with gaming console (ala Xbox 360) that blew the current players out of water, #Microsoft and #Sony would be in trouble",NEGATIVE
"The fact that #Microsoft are using a #QRCode alongside one of their colour code shows the format is failing, opinions? http://t.co/BlhHGOpo",NEGATIVE
"If #Microsoft had more interoperability between their products (Xbox 360, Windows 7, Windows Phone 7, Zune) I'd be a Windows Phone user.",NEGATIVE
"#Microsoft - We put the ""backwards"" into backwards compatibility. #instantfollowback",NEGATIVE
"Is #Nokia chief executive a #Microsoft mole? http://t.co/jkOTcrMb
Stephen Elop accused of destroying Nokia so Microsoft can buy it cheap.",NEGATIVE
#Microsoft #Dynamics #NAV is a cesspit. Extreme consultingware. To be avoided...,NEGATIVE
Wow. Lots of negative comments about #windows8 on the @BuildWindows8 blog. I sure hope #Microsoft is listening #keepthedesktop,NEGATIVE
"When u dine with a customer u shoukd never explain abt solutions unless he ask , M$ never lean the concept #microsoft #fail",NEGATIVE
Distrust and angst amongst #Nokia employees against #Selop #Microsoft fixation. http://t.co/jkOTcrMb,NEGATIVE
I am quickly falling in love with #Apple #iCloud. Finally a web-based solution to wave my old #Microsoft Outlook bye-bye,NEGATIVE
"""Yeh behatreen samay hay parivar honeka"" says the #microsoft #ad in hindi. Preaching family values to indians? Get a local ad agency guys",NEGATIVE
"#BOFH excuse #447: According to #Microsoft, it's by design | #IFollowBack #Instantly",NEGATIVE
"I sware to go, #windows and #microsoft will be the death of me...I don't know why I keep giving windows (cont) http://t.co/3rkOchzr",NEGATIVE
RT @EA_Jorge: I'm on day 80-something of my Xbox LIVE acct being hacked. This is worse than PSN hack. Will I ever get it back? #Microsof ...,NEGATIVE
Thanks again #microsoft for wasting more of my time. Apple&gt;windows http://t.co/GNy9G07B,NEGATIVE
"Dear #Microsoft, I should only have to hit the Windows update button *once* when manually running updates, not 4 or 5 times. #sysadmin",NEGATIVE
"Totally unproductive day with no access to #Microsoft Excel or Word, aaargh! Will be working late tonight after hubby fixes. #fingerscrossed",NEGATIVE
RT @ManelFMartinez: How #Apple eclipsed #Microsoft http://t.co/IJ6XyDp3  #sun rise #in via @guardian,NEGATIVE
How #Apple eclipsed #Microsoft http://t.co/IJ6XyDp3  #sun rise #in via @guardian,NEGATIVE
I don't understand y @Google mail can work seamlessly in all browsers in all platforms and #Microsoft Exchg sucks n says you need IE6.,NEGATIVE
#Microsoft has frozen some #Xbox Live (XBL) accounts after online gamers report they have been hacked. http://t.co/MdQhb6x3,NEGATIVE
"@nicholi57 @yuvalz @MobileBurn lets's wait and see if it interests ppl, #MeeGo does... No one likes #Microsoft, we are just forced fed WPs",NEGATIVE
I'm on day 80-something of my Xbox LIVE acct being hacked. This is worse than PSN hack. Will I ever get it back? #Microsoft #Xbox #Fail,NEGATIVE
Interesting read - How #Apple eclipsed #Microsoft http://t.co/hFWpbMY6 via @guardian (cc: @elcheicon),NEGATIVE
"So let me get this straight, #microsoft makes windows phone, microsoft owns skype but there's no #skype app for windows phone.",NEGATIVE
#microsoft update is so slow  :(( http://t.co/37IGhGic,NEGATIVE
Fuck #microsoft i love them to death but that red ring and no free xboxlive is killing me. #Sony all day :-\,NEGATIVE
Fixing a pc that thinks it is 1601. I thought #Microsoft had the Y1.6K issue fixed already. #Techsupport,NEGATIVE
"http://t.co/PUJYV9c0 With friends like #Billgates and #steveballmet at #microsoft, who needs enemies ;-)",NEGATIVE
#Microsoft 's latest offering leaves me praying for the Blue Screen of Death. http://t.co/gTqdvfxo #advertising #OhNoNotAgain,NEGATIVE
I did the best of everyone who failed - Bill Gate #Microsoft,NEGATIVE
Which planet is he living on? #Microsoft #CEO #Fail #palmface http://t.co/3zcq60SF,NEGATIVE
"I've seen a couple of iPhone 4S's already, but still no Windows Phone 7's ... ever! #Microsoft not so hot.",NEGATIVE
#Microsoft licensing process is annoying !!!,NEGATIVE
"It baffles me that Steve Ballmer can be a CEO of a company, let alone a giant like #Microsoft - The guys a moron.",NEGATIVE
#Microsoft arrogance again - Ballmer says you need to be a computer scientist to use #Android http://t.co/6PHh3Jb6,NEGATIVE
#Microsoft arrogance again - Ballmer says you need to be a computer scientist to use #Android http://t.co/pltitgeI,NEGATIVE
"Is the sound of compliments that sound
more like obituaries #microsoft",NEGATIVE
#Nokia co-operation with #Microsoft listed as the 4th riskiest business move of the year: http://t.co/IYo86gVj,NEGATIVE
[WebProNews Finance] #Yahoo Revenue Drop Attributed to #Microsoft Deal http://t.co/EOrOSstX,NEGATIVE
"#microsoft still didn't managed access to #metro apps on ""older"" netbooks. #win8 #resolution",NEGATIVE
#Yahoo Revenue Drop Attributed to #Microsoft Deal http://t.co/yRcKQeIs,NEGATIVE
[WebProNews Finance] #Yahoo Revenue Drop Attributed to #Microsoft Deal http://t.co/ItdkLRry,NEGATIVE
Nokia employees still worried that Elop is a Microsoft mole http://t.co/n4Cpu3vj #microsoft #windows,NEGATIVE
I so wish that #SteveBallmer from #Microsoft would have to swallow his words about #Yahoo: http://t.co/XSJGIfop,NEGATIVE
just upgraded to win 8 on my pc only for it to tell me it failed to install and they dont know what happened thats #microsoft for you!,NEGATIVE
Really hate the #Microsoft #mcp site,NEGATIVE
Screened by RepRisk – #Microsoft will undergo trial for its alleged anti-competitive practices @Microsoft,NEGATIVE
"I have concluded, having used it since March, that Windows 7 Ultimate is a complete catastrophe. Mr Gates, you have lost the plot #Microsoft",NEGATIVE
How #Apple eclipsed #Microsoft http://t.co/dL9CRCZy,NEGATIVE
Oh how much do I loathe #microsoft??? An hour to 'configure updates' which it is then unable to do so another 20 mins 'reverting changes'...,NEGATIVE
"http://t.co/zBLtZ5MW German Federal #Trojan's got a BigBrother. #Gov spying on its people, #Microsoft's 32bit/64bit #Windows is target",NEGATIVE
"#Microsoft, #Adobe lose $13.5bn to piracy: Report http://t.co/x4yWfNSV",NEGATIVE
"#Microsoft, #Adobe lose $13.5bn to piracy: Report http://t.co/wXBC1UUw",NEGATIVE
"System.IO.File.Delete - You lie! You didn't delete my file, and you didn't throw an exception. WTF!? #microsoft #net",NEGATIVE
"Wilth #Accessibility mode on in #SharePoint 2010, it seems that #Workflows sometimes do not start automatically #SP2010 #Workflow #Microsoft",NEGATIVE
Internet Explorer 9 is the biggest pile of shit ever seriously #Microsoft #IE9,NEGATIVE
I have been seriously slacking with my #mandarin studies these past few months. Blame #Microsoft and #Cisco!! #StudyingWhilstMotivated,NEGATIVE
sledgehammer maybe! RT @SkandalasGP Office blues *drink?* RT @wuppy: #microsoft fail #notresponding for fcucks sake  http://t.co/lCXa9q8P,NEGATIVE
#skype is ruining the friendship with your aggressive #microsoft type selling. If i need something i'll ask. Thank you...,NEGATIVE
Office blues *drink?* RT @wuppy: #microsoft fail #notresponding for fcucks sake  http://t.co/VtYbqI91,NEGATIVE
@joannejacobs I'd like to criticise #Microsoft's Steve Ballmer face-to-face for all the pain & suffering their products cause. #justsaying,NEGATIVE
#microsoft fail #notresponding for fcucks sake  http://t.co/lCXa9q8P,NEGATIVE
How #apple eclipsed #microsoft http://t.co/4bWXJaDg by @charlesarthur #business @guardian,NEGATIVE
"RT @guardiantech: How #Apple eclipsed #Microsoft http://t.co/GK6YjTFY &lt;- Microsoft's future is in the corporate world, not consumer",NEGATIVE
"♻ @waynp:  Not the MS hate bit tho. &lt; Waddya mean? #microsoft sucks bonobo monkeys' asses... #Linux roolz. For the extremists, there's #BSD",NEGATIVE
"#Microsoft, #Adobe lose $13.5bn to piracy: Report - The Times of India http://t.co/5IbOBNrH",NEGATIVE
"#Skype often crashing: #microsoft, what are you doing?",NEGATIVE
"#Microsoft's #SteveBallmer attacks #Android phones ..... well #windows7mobile is gay, you metro! http://t.co/sQnE1iLb via @Telegraph",NEGATIVE
♻ @mariospr: Stand up for your freedom to install free software. Please sign up! http://t.co/YOOTfKTM #gnu #against #microsoft,NEGATIVE
#Microsoft just bought #Skype officially. So how's the future of #Skype on any other devices/operating systems? :(,NEGATIVE
#Google go went gone..server issues! first time since ages...now my faith in Tech. from #RIM to #Microsoft has been completely lifted,NEGATIVE
"RT @sander_koers: #Google Apps vs. #Microsoft #Office 365: ""it is clear that Google Apps should be the top choice"" http://t.co/OySZmjVi #in",NEGATIVE
Ouch!!! #Microsoft #Azure #fail http://t.co/LJpGVZJT,NEGATIVE
"#Google Apps vs. #Microsoft #Office 365: ""it is clear that Google Apps should be the top choice"" http://t.co/KDTD4zRe",NEGATIVE
#microsoft #SBS 2011 disabling third party software #updates via #gpo,NEGATIVE
How #Apple eclipsed #Microsoft http://t.co/KxboqsKj,NEGATIVE
"Unmindful Ballmer, collects half a billion, doesn't say thank you.  http://t.co/lwtpXejo #android #google #microsoft",NEGATIVE
#Apple eclipsed #Microsoft http://t.co/wEdPbcPx,NEGATIVE
http://t.co/5oK4XcOw Microsoft !! i hate you again !! #microsoft,NEGATIVE
"Open Letter: Steve Ballmer, Please Retire - Forbes - Please retweet! #MSFT needs a techie leader. http://t.co/E8uMRmro #microsoft #ballmer",NEGATIVE
@MatthewGPhy One Operating System to rule them all and in the darkness bind them.  #Microsoft,NEGATIVE
"I wonder if I tweet Bill Gates he'll fix my laptop... 

#Microsoft
#vista
#fml",NEGATIVE
RT @anup_pillai: How #Apple eclipsed #Microsoft | http://t.co/r6hNEtTu,NEGATIVE
"After I don't know how many years, you still can't copy a #microsoft #word document headings to #powerpoint. #justsaying",NEGATIVE
"#microsoft #careers site is giving errors for any thing i search!! #weird
http://t.co/vJ2JpKtM http://t.co/02dYONXz",NEGATIVE
"Installing .NET framework, this might take very many years. Come back when your unborn child is in college. #microsoft",NEGATIVE
Watching podcast of Steve Jobs & Bill Gates at 07 D5. Gates sucks at tech predictions! All talk #Apple #Microsoft,NEGATIVE
My#Dell comp on shitty #Microsoft vista blue screened i swear this is steve jobs ghost coming back to finish what he started#appledomination,NEGATIVE
#WTF #Microsoft #sbs2008 #rww only works in #IE. #browserwars,NEGATIVE
"My last day of #Microsoft #SharePoint training: 10175A/Microsoft SharePoint 2010, Application Development - http://t.co/pKMBGsNr",NEUTRAL
"Following dear #Microsoft CEO's logic, 550,000 #Android devices activated each day NEED to belong to computer scientists. I am enlightened!!",NEUTRAL
#EEDAR report: half of HD console owners buying #DLC http://t.co/5tO4bS31 #business #microsoft #pc #playstation,NEUTRAL
Congrats to #Microsoft's Monica Diaz for being part of @HispanicBizMag 100 Most Influential Hispanics! http://t.co/qj9QDBhA,NEUTRAL
Windows Phone Mango Update Released to 'Nearly Everyone' http://t.co/SX1NQJJ1 #microsoft #Technology,NEUTRAL
"RT @WinBetaDotOrg: Microsoft releases developer preview of ""Project Roslyn"" compiler http://t.co/lpb9n510 #Microsoft #beta",NEUTRAL
#Microsoft We support you. Retweet if u support us or want to.,NEUTRAL
@MSPartners can join: Small Business Specialist Community (SBCS) http://t.co/IlQPKEz0! #Microsoft #MPN,NEUTRAL
RT @SAPWorkSmarter: Tomorrow at #SAPTechEd Bangalore: #SAP & #Microsoft Building Apps for Both Worlds w #DuetEnterprise & #SAPGateway. h ...,NEUTRAL
"#Microsoft CEO Steve #Ballmer on Not Buying #Yahoo: “Sometimes, You’re Lucky” http://t.co/7TEtDPP9",NEUTRAL
"RT @KumarSachi: Another Gem from #Microsoft - Curate your personal history with  ""Project Greenwich"".  Available later this month. http: ...",NEUTRAL
"RT @NeowinFeed: Microsoft opens the spigot, Windows Phone Mango available to all #microsoft #windowsphone http://t.co/nwMbseVm #neowin",NEUTRAL
#microsoft @diggita Microsoft - Macro in Word 2007 (gerardopaolillo) http://t.co/O3M07opC,NEUTRAL
"#Microsoft CEO Steve Ballmer on Not Buying Yahoo: “Sometimes, You’re Lucky” &lt;http://t.co/rcml9XQR&gt;",NEUTRAL
#Microsoft: #Mango Now Available to Nearly Everyone - http://t.co/vQkJ84AC #windowsphone #wp7,NEUTRAL
"If #Microsoft earnings disappoint, blame consumer PC sales -  http://t.co/edXe0xBd via @cnet",NEUTRAL
Microsoft bitchslaps VMware in new paper - #Microsoft calls out #VMware for bogus benchmark numbers - http://t.co/dBsMa1Pb,NEUTRAL
Bill Gates to testify in Novel v. #Microsoft antitrust laws#UI t http://t.co/H0GscVZR,NEUTRAL
"If #Microsoft earnings disappoint, blame consumer PC sales http://t.co/xEKwTlUg",NEUTRAL
"RT @MSAnyWhere: Microsoft opens the spigot, Windows Phone Mango available to all #microsoft #windowsphone http://t.co/Fpv2yDof #microsoft",NEUTRAL
"Microsoft opens the spigot, Windows Phone Mango available to all #microsoft #windowsphone: Microsoft has said th... http://t.co/uEpATRzx",NEUTRAL
"Microsoft opens the spigot, Windows Phone Mango available to all #microsoft #windowsphone http://t.co/GbKV9pbQ #microsoft",NEUTRAL
"Microsoft opens the spigot, Windows Phone Mango available to all #microsoft #windowsphone http://t.co/S54leHKi",NEUTRAL
Should you upgrade to #Microsoft Office 2010. http://t.co/gYGuYr64 #tech #Office2010,NEUTRAL
"Microsoft opens the spigot, Windows Phone Mango available to all #microsoft #windowsphone http://t.co/vyNtU8xW",NEUTRAL
"Microsoft opens the spigot, Windows Phone Mango available to all #microsoft #windowsphone http://t.co/nwMbseVm #neowin",NEUTRAL
"Microsoft opens the spigot, Windows Phone Mango available to all #microsoft #windowsphone http://t.co/e4LLmmyg",NEUTRAL
#Microsoft #Cloud GSA Loses $2.5 Billion Cloud Contract Fight: Google recently dropped a case against the D... http://t.co/cObJRw66 #TCN,NEUTRAL
"""@MuraineR: #Microsoft launching the OmniTouch, how funny I though that was an @ALUEnterprise solution! #copyright http://t.co/k1kDqz04",NEUTRAL
"Love the template name #Microsoft... Everyone that does #SharePoint, go to your site's /_layouts/xsl/internal.xsl for a laugh.",NEUTRAL
"#Microsoft ’s new “great to be a family” #adverts begin to air, including #Office2010 #Windows7 and #WP7.
http://t.co/L5J2UEEQ
@winrumors",NEUTRAL
Club CALUMO was FUN!  See the vidio CALUMO Blog #Denali #Microsoft #SQLServer http://t.co/8THqSRBd via @calumo,NEUTRAL
Club CALUMO was FUN!  See the vidio CALUMO Blog #Denali #Microsoft #SQLServer http://t.co/Hfzf2cJe via @calumo,NEUTRAL
Tomorrow at #SAPTechEd Bangalore: #SAP & #Microsoft Building Apps for Both Worlds w #DuetEnterprise & #SAPGateway. http://t.co/te4NQmxN,NEUTRAL
TechNet Blogs- Technical Overview of #DuetEnterprise for #Microsoft #SharePoint and #SAP http://t.co/o9V1J49v,NEUTRAL
"#Microsoft researchers want to turn your hand into a touchscreen
http://t.co/HV2oi81b",NEUTRAL
http://t.co/hrkWT2VA #Microsoft #Opens The Door To Two #Spanish #Entrepreneurs With #Medical #Project,NEUTRAL
Just installed Windows 7 Ultimate Service Pack 1 with IE9. It looks like IE9 is trying to look like Chrome. #windows7 #ie9 #microsoft #ie8,NEUTRAL
"Gentle Ballmer meekly suggests the competition is doomed - #Microsoft is winning, winning, winning!: http://t.co/7ntP5MS1 via @thetecheye",NEUTRAL
sponsors and supporters at the #ascribeconference include #microsoft #ubisys #zetes #healthinformation #connectingforhealth #emis,NEUTRAL
Ballmer confirms Nokia phone debut; you can quote him on that - http://t.co/Oe9Imdob -  #microsoft  #SteveBallmer,NEUTRAL
"Microsoft releases developer preview of ""Project Roslyn"" compiler http://t.co/lpb9n510 #Microsoft #beta",NEUTRAL
"Microsoft releases developer preview of ""Project Roslyn"" compiler http://t.co/igGyeT9S #Microsoft #beta",NEUTRAL
I wish there was #Microsoft #PowerPoint for #iPad.,NEUTRAL
Watching this week's episode of Hawaii Five-O. Great use of Windows Phone 7 & SkyDrive. Oh yeah a Dell Inspiron Duo was there too #microsoft,NEUTRAL
@WSPSanDiego Kickoff tomorrow 10/20 at San Diego #Microsoft Store at 6:00pm @wspwest ping me w/questions #in,NEUTRAL
"On the blog we discuss #Microsoft embracing of #Apache #Hadoop for big data - 

http://t.co/q3YNLQck #opensource #bigdata #IT",NEUTRAL
#Microsoft Works Suite 2003 Review http://t.co/Yie1rSSz #windowsxphomesoftware #officesuites #family,NEUTRAL
Did a quick video call test between two diff. #Android tablets using #Skype & it worked great! #Microsoft hasn't broken it yet.,NEUTRAL
What was the best device in 90s ? #Apple #Sony #Samsung #Microsoft or other Companies..:),NEUTRAL
"Microsoft CEO Steve Ballmer Looks Ahead at Social, Mobile Plans | Adweek http://t.co/jEENZQDw #tech #apple #microsoft",NEUTRAL
#EvolutionOfIT #cloud event @BenchmarkLearn can any #microsoft or @MSLearning folks help create us a windows azure pass ex. BLAZURE ??,NEUTRAL
Creating #Pareto charts using #Microsoft #Excel http://t.co/OFXuNqhY,NEUTRAL
#microsoft #volume 1 #microsoft powerpoint #procedural syntax http://t.co/InQbcG68 GO! with Microsoft PowerPoint 2007 Volume 1,NEUTRAL
#Microsoft Pushing out #Mango to more Windows Phones http://t.co/xPIaZ8Xp #wp7 #orange #samsung #lg #optimus7 #htc #dell #msft,NEUTRAL
#Microsoft drops developer preview of its ‘Roslyn’ compiler http://t.co/XgUrXNPa #uncategorized,NEUTRAL
More Colorful Photos Of Nokia's First Windows Phone Just Leaked!! http://t.co/sU4l744v #nokia #wp7 #microsoft #windowsphone7,NEUTRAL
#Microsoft shows 'touch screen' for any surface http://t.co/X7Z87xzt,NEUTRAL
#Microsoft learning all day long-For FREE-SpecTECHular San Antonio. Register?uick. November 10 - http://t.co/GinBVlSK,NEUTRAL
#Microsoft learning all day long-For FREE-SpecTECHular San Antonio. Register?uick. November 10 - http://t.co/bVKP5Caq,NEUTRAL
"#SIGSource #Microsoft talent source program boasts a procure-to-pay model to manage temp workforce, concept works for VMS  #Beeline",NEUTRAL
@grumbledook still poor central management from Apple then? #microsoft,NEUTRAL
"RT @WinRumors: If you missed this earlier, Steve #Ballmer bashes #Android phones [video] http://t.co/NvD7MQVk #microsoft #windows",NEUTRAL
#Nokia 800 Renders Revealed http://t.co/K3txY6JZ #mobilenews #android #gingerbread #microsoft #nokia800 #nokian9,NEUTRAL
#Microsoft Boxes Up Two New Xbox 360 Holiday Bundles: With the holiday season just around the… http://t.co/cHyXxdI2,NEUTRAL
"RT @KentisG: Agree ! RT @MuraineR: #Microsoft launching the OmniTouch, how funny I though that was an @ALUEnterprise soluti… (cont) http ...",NEUTRAL
@JackDavidson95 ill be manager after a week! Yeh joint ownership of #microsoft ahhhhh,NEUTRAL
RT @Microsoft_EDU: Quality education is vital. Attend #Microsoft & #Desire2Learn session at #EDUCAUSE http://t.co/hlRxf2dF #EDU11,NEUTRAL
#Microsoft To Launch Its Own Version Of #Facebook Timeline Like Web Service Called Project #Greenwich  http://t.co/MmS14pDW,NEUTRAL
@lukerussell1 #iWantAnAutomaticPromotion and we'll be running #Microsoft before you know it.,NEUTRAL
#Microsoft drops developer preview of its ‘Roslyn’ compiler http://t.co/niSKSmL4,NEUTRAL
Creating #Pareto charts using #Microsoft #Excel http://t.co/B6rYS5gX,NEUTRAL
Developers: Let Microsoft Market Your App for Windows Phone http://t.co/QZUqhCxx #wp7 #wp7dev #windowsphone #Microsoft #Marketplace,NEUTRAL
@ScottShipman1 Glad to hear! Hey @Mckellip thank you for the  #Microsoft #Lync video participation #onthebigscreen :) @CoreBTS #CoreAppTech,NEUTRAL
RT @NeowinFeed: Microsoft Stores offer up free Windows Phone 7 devices #microsoft #microsoftstores http://t.co/hJ8qlOC9 #neowin,NEUTRAL
"Google Docs presentation makes PowerPoint weep, beg for mercy http://t.co/9rVHs6jk via @engadget #google #powerpoint #microsoft #haha",NEUTRAL
RT @Flipbooks #Microsoft Researchers Want to Turn Your Hand Into a Touchscreen http://t.co/NDpyFvpK rt @TferThomas #Technology #Tech,NEUTRAL
RT @Flipbooks: #Microsoft Researchers Want to Turn Your Hand Into a Touchscreen http://t.co/HIbjxHVD rt @TferThomas #Technology #Tech,NEUTRAL
#Microsoft Researchers Want to Turn Your Hand Into a Touchscreen http://t.co/HIbjxHVD rt @TferThomas #Technology #Tech,NEUTRAL
Nice comparison w #Microsoft :) RT @google: Watch the live stream of Vic Gundotra & Sergey Brin at #w2s http://t.co/vPxANJtz,NEUTRAL
.. downloading CTP3 of #Microsoft #SQL2012 to play around ...http://www.microsoft.com/sqlserver/en/us/default.aspx,NEUTRAL
"DPR Client: @EvolveTech partnering with #Microsoft on #Office 365 webinar Tuesday, Nov. 1, at 10 a.m. ET. Sign up! http://t.co/hnrzdFk5",NEUTRAL
Because you are what you search: Now everyone wants to customize search #Microsoft as well as #MCHammer #WiredDoo http://t.co/HlicKxPV,NEUTRAL
RT @techinciter: Suppose Microsoft Had Bought Siri? - Forbes http://t.co/ZRYNdhDi #apple #microsoft #siri #msft,NEUTRAL
Windows Phone firmware updates due next week to enable Internet Sharing http://t.co/yPF60YEe #microsoft #windows,NEUTRAL
"RT @MSFTDynamicsERP: Time to learn, inspire and innovate at the #Microsoft Dynamics #AX2012  EMEA Tech Conference http://t.co/bzX4UE6K # ...",NEUTRAL
@TheZeroOfTime #microsoft,NEUTRAL
1st public test release for the Roslyn project. http://t.co/0j9ly9Y8 giving APIs to the C# compiler (and visual basic but ..;). #microsoft,NEUTRAL
Updates: Windows Phone 7.5 now available more broadly http://t.co/miMgwgwo #microsoft,NEUTRAL
RT @SAP_MICROSOFT: Follow @whymicrosoft for insight on #Microsoft solutions which drive productivity for people and their organizations,NEUTRAL
#Microsoft builds a functioning 'holodesk' to interact with digital items - http://t.co/ougSB108 via @TheNextWeb,NEUTRAL
@nokia Is #Nokia going to release their new #WindowsPhone in Norway this year? #WP7 #Microsoft,NEUTRAL
"Ballmer On Not Buying Yahoo: 
http://t.co/ogoaKRBf 

#Microsoft #Yahoo #Skype #Xbox #Google #Bing #Ballmer http://t.co/LwUYs0uP",NEUTRAL
#Microsoft delivers #developer preview of Roslyn compiler as a service http://t.co/nM30ugQQ,NEUTRAL
RT @ScottRockHill: #MIcrosoft Launches Reseller RewardHub for Resllers http://t.co/scPUl9Yz,NEUTRAL
#GA-repost: RT @whymicrosoft Are you making the move from #GoogleApps to #Microsoft? &gt;&gt; #Metalogix can migrate y... http://t.co/z3Z3X9pA,NEUTRAL
RT @whymicrosoft Are you making the move from #GoogleApps to #Microsoft? &gt;&gt; #Metalogix can migrate you from #GoogleApps to #SharePoint,NEUTRAL
#Microsoft builds a functioning ‘holodesk’ to interact with digital items http://t.co/BgrZnNvs #uncategorized,NEUTRAL
#seguridadparatodos is using #Microsoft #Security #Essentials and you? (thx @msftsecresponse) - Our analysis [Spanish] http://t.co/hUt3FQyA,NEUTRAL
"RT @RossMistry: #Microsoft Codename ""Data Explorer"" CTP Coming Next Month  http://t.co/NkhuoM7U #SQLServer #SQL2012 #SQLAzure",NEUTRAL
Bill Gates jumps over chairs during interviews http://t.co/dmVtFsVg #BillGates #microsoft #parkour #cheatedabit,NEUTRAL
Minority Report-esque interface developed by #Microsoft Research and Carnegie Mellon University http://t.co/0yqEKDzg via @Digg,NEUTRAL
I can't c it as an important invention ... Siri is an incomparable alternative!  -- PocketTouch http://t.co/4DPIoyqT #MicroSoft #Siri,NEUTRAL
Get rid of that tangled mess behind your computer desk with this #Microsoft Wireless Mouse and Keyboard:  http://t.co/n4LewRAy,NEUTRAL
#Microsoft delivers developer preview of Roslyn compiler as a service http://t.co/5yup4iMK,NEUTRAL
RT @nedraallmond: @WSPSanDiego Kickoff tomorrow 10/20 at San Diego #Microsoft Store at 6:00pm @wspwest http://t.co/iuaa4yuE,NEUTRAL
RT @nedraallmond: @WSPSanDiego Kickoff tomorrow 10/20 at San Diego #Microsoft Store at 6:00pm @wspwest http://t.co/GP8tIRXN,NEUTRAL
non conductive #surface become #multitouch. #touch #gestures: #microsoft #windows 7 @ #nui #apps http://t.co/Ygpnusfv,NEUTRAL
@WesleyBackelant Indeed I survived #sqlpass #sqlkilt and a couple of vendor evenings :-)  I spared #sqlkaraoke my great voice :-) #microsoft,NEUTRAL
BUILD Windows #Samsung #Slate PC in US #Microsoft Store http://t.co/bm4NeNiT #msdn #bldwin,NEUTRAL
"CNET » #Microsoft #OmniTouch allows multitouch input on arbitrary, everyday surfaces (via @andretelles) » http://t.co/fEB4uIMr",NEUTRAL
Microsoft Roslyn CTP is finally out...Check it out http://t.co/cSTAnsLF #roslyn #visualstudio #compiler #csharp #net #microsoft,NEUTRAL
Vertical Solutions is giving away a #microsoft office pro pack at the #2011solutions conference! Stop by their booth for a chance to win!,NEUTRAL
"#Microsoft Pre-order Call of Duty: Modern Warfare 3 and get $20 off Xbox Live 12M Card, $10 bounce back co.. http://t.co/3ov35Z3R",NEUTRAL
Reporting in #Microsoft Dynamics #AX2012 http://t.co/Q4oClJfS,NEUTRAL
"#Microsoft Codename ""Data Explorer"" CTP Coming Next Month  http://t.co/NkhuoM7U #SQLServer #SQL2012 #SQLAzure",NEUTRAL
RT @aislyngreene: #Microsoft wants to transform your hand into a touchscreen: http://t.co/an3bmArc via @AddThis,NEUTRAL
http://t.co/gAPEyL5N #Harmonix #Microsoft,NEUTRAL
RT @techinciter: Suppose Microsoft Had Bought Siri? - Forbes http://t.co/S19qrDjU #apple #microsoft #siri,NEUTRAL
#Microsoft Hints at Windows Phone #Apps from Indian Publishers and Services http://t.co/VYA3ed6h #wp7 #windowsphone #msft,NEUTRAL
"RT @techinciter: Open Letter: Steve Ballmer, Please Retire - Forbes - Please retweet! #MSFT needs a techie leader. http://t.co/E8uMRmro  ...",NEUTRAL
When are they going to drop the charade and list Steve Ballmer as one of the producers of Hawaii Five-O? #productplacement #microsoft #ftl,NEUTRAL
"RT @dansaap: At the #VMworld party, looks good but I wonder who are the better dancers; #VMware or #Microsoft employees! ;-)",NEUTRAL
I'm nowhere near to be a scientst but thks to Steve Balmer 4 declarng me a scientst. Been using #Android frm last 3yrs. #Microsoft #Google,NEUTRAL
"That Huge AOL, Yahoo, And Microsoft Ad-Selling Deal Isn't Done Yet (AOL, MSFT, YHOO) http://t.co/Vj678HK3 #apple #microsoft",NEUTRAL
#microsoft announces SP3 for #office2007 and #sharepoint2007.,NEUTRAL
#Microsoft wants to transform your hand into a touchscreen: http://t.co/J8FgWWgS via @AddThis,NEUTRAL
@WSPSanDiego Kickoff tomorrow 10/20 at San Diego #Microsoft Store at 6:00pm @wspwest http://t.co/5FiP2vVg or ping me #in,NEUTRAL
Steve #Bullmer says it's hard for him to get excited about #android phones...even though #Microsoft makes loads of money off of their sales.,NEUTRAL
Suppose Microsoft Had Bought Siri? - Forbes http://t.co/HoJx73Hh #apple #microsoft #siri,NEUTRAL
Suppose Microsoft Had Bought Siri? - Forbes http://t.co/ZRYNdhDi #apple #microsoft #siri #msft,NEUTRAL
@WSPSanDiego Kickoff tomorrow 10/20 at San Diego #Microsoft Store at 6:00pm @wspwest http://t.co/5FiP2vVg or ping me,NEUTRAL
"#Microsoft to Slash its #Water Impact in Quincy, Washington - http://t.co/0R5LMHZj",NEUTRAL
"Good summary of planned updates to #Microsoft #Cloud services in Q4 - #SharePoint Online, #Office365, #CRM, #Azure. http://t.co/o35vv1wt",NEUTRAL
"Good summary of planned updates to #Microsoft #Cloud services in Q4 - #SharePoint Online, #Office365, #CRM, #Azure. http://t.co/3bL6rh5v",NEUTRAL
@VSLive What is up with #ATT at #Microsoft?  Full bars in one building and no service in another only 1000 or so feet away?  #vslive,NEUTRAL
#Microsoft researchers want to turn your hand into a touchscreen http://t.co/byYIcRpS,NEUTRAL
RT @sb_greenbiz: #Microsoft's supplier #sustainability movement & the effect it could have on #plastics companies http://t.co/m0otPgEm,NEUTRAL
Watch new technology under development of #Microsoft http://t.co/fQlhyAat,NEUTRAL
"#Microsoft #Cloud Microsoft, Infosys Partner to Bring Cloud to Enterprises: Speaking to CMSWire before the ... http://t.co/GV1edcvp #TCN",NEUTRAL
#Microsoft Eyes A New Approach to Social #Search http://t.co/lh6pRoAM,NEUTRAL
Microsoft wants to transform your hand into a touchscreen: http://t.co/Gwi35vtP @TechFlash #microsoft #omnitouch,NEUTRAL
Microsoft CEO Looks Ahead at Social and Mobile Plans http://t.co/KFwQ8r4T #Technology #Microsoft #Nokia,NEUTRAL
Ufff... after #Microsoft #MTS11 and #MVP meeting. Was great! #MVPBuzz,NEUTRAL
Handling Multi-touch and Mouse Input in All Browsers http://t.co/duK6ze2G #microsoft #ie,NEUTRAL
Not even the Durban rain can stop the part. Prime Circle rocking  #Microsoft #techedafrica,NEUTRAL
#Linux Licensing in Conflict with Secure Boot Support http://t.co/vAyDRedn #opensource #uefi #microsoft,NEUTRAL
#Microsoft CEO Looks Ahead at Social and Mobile Plans http://t.co/wYmFplCs #marketing,NEUTRAL
i see the #microsoft #lync 64-bit installer still tries to install to C:\Program Files (x86),NEUTRAL
"Listening to Doug Leland #Microsoft  big data guru. Social media impact huge not just data wise, but within tools to manage data #gartnerSYM",NEUTRAL
Follow @whymicrosoft for insight on #Microsoft solutions which drive productivity for people and their organizations,NEUTRAL
Doesn't #Microsoft Research's new touch technology resemble a lot the one developed by Pranav Mistry in ~2009? http://t.co/yZ9xGQGM,NEUTRAL
#Microsoft researchers want to turn your hand into a touchscreen: http://t.co/UoPSyLTO | #Institute #University #accuracy #applications,NEUTRAL
.@allie_hooker #Microsoft has the edge in its cloud integration across its different platforms. Tablets still definitely lag behind though.,NEUTRAL
#Microsoft Released Camera Codec Pack For Supporting RAW File  #Windows,NEUTRAL
RT @ObinnaOsobalu: How to resolve incorrect file associations in #Microsoft #Office2010 http://t.co/FgbcXyTP,NEUTRAL
"Undecided how i feel about new #microsoft #searchengine idea, but could be cool minus the whole celebrity impersonation http://t.co/BdfKJGkz",NEUTRAL
#apple #facebook @facebook  #microsoft hahahahaha http://t.co/XeNSzCjh,NEUTRAL
"RT @UMDNews: The Future of #Information: Innovators from #Google, #Microsoft &#Twitter  Nov. 14-18  Info & registration at http://t.co/k ...",NEUTRAL
@bitwizards I'm Chillin in #Microsoft Commons at #CIO Summit  http://t.co/kj890KmF,NEUTRAL
RT @drkhan: Are you going to #RSNA? Visit #Microsoft at booth 1411 http://t.co/wdHFz7hp #RSNA2011 #RSNA11 #radiology #Amalga #HealthVault,NEUTRAL
"At the #VMworld party, looks good but I wonder who are the better dancers; #VMware or #Microsoft employees! ;-)",NEUTRAL
@Brittjje #MICROSOFT,NEUTRAL
#Microsoft #Search Idea Could Let You Search Like Miley http://t.co/JoMucrMb,NEUTRAL
"#Microsoft bringing #touchscreens to walls, clothes, and more http://t.co/bmQf5wEx #tech",NEUTRAL
#HPVirtualSystem 4 #Microsoft is the latest solution from HP & Microsoft’s $250 million I2A initiative http://t.co/4VCIUZGL,NEUTRAL
How to install Windows 7 – What to do before start [Part 2]: http://t.co/vvaslUmA via @Pureinfotech #win7 #tech #software #backup #microsoft,NEUTRAL
"#Microsoft Excel Tips: How To Alternate the Color Between Rows #tips http://t.co/WJWREFjJ",NEUTRAL
#pardus SecureBoot'a Karşı Duruyoruz!: http://t.co/Uiwn6fgQ #fsf #secureboot #linux #microsoft,NEUTRAL
#Microsoft #Office: A #Shortcut To #Find Your #Microsoft #Office #Documents http://t.co/QojWxB50 via @ibad.info,NEUTRAL
Are you going to #RSNA? Visit #Microsoft at booth 1411 http://t.co/wdHFz7hp #RSNA2011 #RSNA11 #radiology #Amalga #HealthVault,NEUTRAL
Today's #bargain? Check #Microsoft Bluetooth Mobile Keyboard 6000 http://t.co/sXpNubdH  #tech #deals,NEUTRAL
"Agree ! RT @MuraineR: #Microsoft launching the OmniTouch, how funny I though that was an @ALUEnterprise soluti… (cont) http://t.co/xyWfXsDL",NEUTRAL
RT @E2EVC: #Microsoft #SCVMM #2012- Session by @virtualfat - all u need to know about the new 2012 version. #e2evc Register http://t.co/ ...,NEUTRAL
http://t.co/cBCEFILN - Many-To-Many Control for #Microsoft #LightSwitch,NEUTRAL
"MS Access: a database, reporting tool, programmable forms w/ VBA, part of MS Office #Microsoft should add web front end admin console/util",NEUTRAL
RT @thomasgoubin: RT @cmaneu: #stage #Toulouse #Microsoft #net #SuperBoîte #Win8 #geeks = http://t.co/kWfptH4P (Please RT ;),NEUTRAL
iCloud Control Panel for Windows: http://t.co/8nJ4VHNL #win7 #windows7 #apple #ipad #iphone #ipod #iphone4s #microsoft #icloud,NEUTRAL
#Microsoft opens a temp #Kinect / Windows Phone Store http://t.co/txnKgFzl #wp7 #windowsphone #xbox360 #wp75 #msft,NEUTRAL
Hanging out at #Microsoft Commons with @VinceMayfield,NEUTRAL
RT @AndroidTopNews: Steve Ballmer: Android is for computer science geeks http://t.co/o7vJl4Tl #News #android #google #microsoft #steve_b ...,NEUTRAL
Windows 8 on a #Tablet? Can #Microsoft put a bruise on the #ipad? - http://t.co/WGRMnyPi #productivity #office,NEUTRAL
Steve Ballmer: Android is for computer science geeks http://t.co/o7vJl4Tl #News #android #google #microsoft #steve_ballmer,NEUTRAL
@Rich021 Thank you my friend!  Much appreciated and keep up the great work!  I hope you clean house on #Microsoft #Rewards here! #Retail,NEUTRAL
Creating #Pareto charts using #Microsoft #Excel http://t.co/dXbKq8q8,NEUTRAL
Project Greenwich 2 be released by #Microsoft Research lets people curate their own personal history http://t.co/ocre5FwU,NEUTRAL
#Microsoft researchers want to turn your hand into a #touchscreen http://t.co/WJAB0tMQ via @arstechnica,NEUTRAL
Set up an environment where you get innovation. Share those expectations with your suppliers. #SIGSource #Microsoft,NEUTRAL
"RT @Surface: PC Podcast 39 (#GITEX, #Microsoft #Surface) | http://t.co/RsccE99M http://t.co/EyLVACYn
Hear the latest with @Surface from  ...",NEUTRAL
"PC Podcast 39 (#GITEX, #Microsoft #Surface) | http://t.co/RsccE99M http://t.co/EyLVACYn
Hear the latest with @Surface from GITEX in Dubai.",NEUTRAL
"#Microsoft's plan for bringing its #BI tools to iOS, Android, and Windows 8
devices
http://ww... Read more at http://t.co/bhhgh5QC",NEUTRAL
Join us Wednesday Nov. 2 for a webinar featuring #Microsoft #Lync deployments with #snom #UC. Register today at http://t.co/B1pr1kIX #VAR,NEUTRAL
"RT @jilldyche: Just saw my bud @EdMaguire of Credit Agricole Securities interviewed by @TylerMatheison  @CNBC, covering  #Microsoft. You ...",NEUTRAL
RT @infamarketplace: Tool  to allow users to apply #DataQuality rules directly from MS Excel. Learn more @infamarketplace. http://t.co/j ...,NEUTRAL
#Microsoft builds a functioning ‘holodesk’ to interact with digital items http://t.co/otvmQxJ2,NEUTRAL
"Just saw my bud @EdMaguire of Credit Agricole Securities interviewed by @TylerMatheison  @CNBC, covering  #Microsoft. You rocked it, Ed! #fb",NEUTRAL
RT @robakk: Start your private cloud fast with the new HP VirtualSystem for Microsoft http://t.co/XEzz42Z2 #HP #Microsoft #HyperV #Syste ...,NEUTRAL
RT @The_Victor2 HoloDesk: #Microsoft unveils technology that's one step closer to human/digital interaction. http://t.co/oP379ycF #hardware,NEUTRAL
Start your private cloud fast with the new HP VirtualSystem for Microsoft http://t.co/XEzz42Z2 #HP #Microsoft #HyperV #SystemCenter,NEUTRAL
RT @sharepoinTony: @hersheytech @kofax @collabware @avepoint @nintex engaged w &gt;40 customers #SharePoint ECM Summit at the #Microsoft ...,NEUTRAL
"RT @TheCloudNetwork: #Microsoft #Cloud Steve Ballmer At Web 2.0: Microsoft CEO Disses Android, iPhone: According to GeekWire, Ba... http ...",NEUTRAL
@hersheytech @kofax @collabware @avepoint @nintex engaged w &gt;40 customers #SharePoint ECM Summit at the #Microsoft Tech Center Irvine,NEUTRAL
RT @DaveBakerD2L: RT @goVHS: #Microsoft has just released a case study featuring @goVHS and @Desire2Learn. http://t.co/iG4Qm3Sn #goVHS #D2L,NEUTRAL
"New #HPVirtualSystem 4 #Microsoft enhances development, deployment & mgmnt of IT http://t.co/Q3cbxvKb",NEUTRAL
"By 4:30pm: For E-Commerce Times, Erika Morphy seeks experts re: #Microsoft ""Playful Learning"": pros/cons for kids: http://t.co/WPO9l63f",NEUTRAL
"Steve Ballmer At Web 2.0: #Microsoft CEO Disses Android, #iPhone http://t.co/JivkVbAh #sem #mobile",NEUTRAL
#Microsoft CEO on #Android: You Have to Be a #Computer #Scientist to Use It - huffington post http://t.co/7PDBvauM #tech #mobile,NEUTRAL
#microsoft,NEUTRAL
"With #Holodesk from #Microsoft research, you can manipulate 3-D, virtual images with your hands http://t.co/lTws9xvx",NEUTRAL
Spend $499 at a Microsoft Store and Get a Free Windows Phone http://t.co/1zRhXnVd #wp7 #wp7dev #windowsphone #Microsoft,NEUTRAL
RT @WinBetaDotOrg: Microsoft giving away free Windows Phones with a $499 purchase http://t.co/K2qYY9ex #Microsoft #Windows_Phone,NEUTRAL
What’s new in the #Microsoft world after #bldwin? Find out at #DevReach in Europe. Register at,NEUTRAL
RT @jblank23: #Microsoft Turns Your Body Into A Touchscreen @PSFK: http://t.co/GMT9sLfN via @AddThis,NEUTRAL
"#Microsoft, Steve Ballmer, speaks at Web 2.0 Summit in San Francisco: http://t.co/awtf2xJW #Bing #Android #Google #Apple #Amazon",NEUTRAL
#Microsoft Turns Your Body Into A Touchscreen @PSFK: http://t.co/GMT9sLfN via @AddThis,NEUTRAL
#Microsoft's Ballmer Swipes at #Google http://t.co/Ve3LMoTn,NEUTRAL
Microsoft giving away free Windows Phones with a $499 purchase http://t.co/K2qYY9ex #Microsoft #Windows_Phone,NEUTRAL
Microsoft giving away free Windows Phones with a $499 purchase http://t.co/GHPcGCpX #Microsoft #Windows_Phone,NEUTRAL
#SIGSource Dawn Evans interviewing #Microsoft's Tim McBride in SIG's Inside Source exec video series. In a new role in financial operations,NEUTRAL
"#Microsoft #Cloud Steve Ballmer At Web 2.0: Microsoft CEO Disses Android, iPhone: According to GeekWire, Ba... http://t.co/5L3vWLZJ #TCN",NEUTRAL
$4.5B #Nortel #IP Deal Still Under #DOJ Review: #Microsoft Exec (via @IPLaw360) http://t.co/DGIkwyoi #in,NEUTRAL
first steps to holographic user interfaces? http://t.co/XkavtOm9 #microsoft #research,NEUTRAL
New post: Touch Everywhere http://t.co/KKDup8v1 #microsoft #research #touch,NEUTRAL
Two Extremes of Touch Interaction #Microsoft #future #fb http://t.co/Di9QkGa5,NEUTRAL
@MSPartners can join: BizSpark http://t.co/YTyl8Wm0  or WebsiteSpark http://t.co/10AzXP9q! #Microsoft #MPN,NEUTRAL
Ballmer's vision for #Microsoft http://t.co/MWlPnWtM,NEUTRAL
RT @imason_inc: Search Governance in #SharePoint 2010 http://t.co/dPlbPQHO #microsoft,NEUTRAL
"CNET » #Microsoft #OmniTouch allows multitouch input on arbitrary, everyday surfaces » http://t.co/PbwdSTmb http://t.co/0D4xV6D3",NEUTRAL
RT @calvinnieh: Learn how to keep Microsoft #Exchange costs low today at 11am Pacific.  Win with #Microsoft and #NetApp Webcast @ http:/ ...,NEUTRAL
Search Governance in #SharePoint 2010 http://t.co/xtqv4DW5 #microsoft,NEUTRAL
RT @HersheyTech: @tomcastiglia and @sharepointony now presenting on #SharePoint upgrade planning at our #SharePoint ECM Summit at the #M ...,NEUTRAL
New #70-680 #Exam #Questions are available @techxams http://t.co/S0VxsRuU #Microsoft,NEUTRAL
#Microsoft applies for celebrity search #patent. #bing-o http://t.co/vaDvkMSk #HermanCain.co directs you to...#RonPaul http://t.co/8Qgp5J48,NEUTRAL
"RT @iphone4S_nerd: #Microsoft’s Ballmer: Android phones are boring, overcomplicated http://t.co/xyM8fxD0 via @BGR",NEUTRAL
Nokia to reveal multiple Windows Phone devices next http://t.co/0CIUtecX #mobile #nokia #microsoft,NEUTRAL
#Microsoft headquarters tomorrow! #Blogalicious @beblogalicious,NEUTRAL
"Microsoft's CEO, Steve Ballmer critics the user friendliness of Android. #Android #Google #Microsoft #WP7 http://t.co/rbEv95eE",NEUTRAL
Learn how to keep Microsoft #Exchange costs low today at 11am Pacific.  Win with #Microsoft and #NetApp Webcast @ http://t.co/3NJAayMp,NEUTRAL
"#Microsoft launching the OmniTouch, how funny I though that was an @ALUEnterprise solution! #copyright http://t.co/5ExkV0L7 via @l_evenement",NEUTRAL
Check out this great Blog w/ Tips from #YouSendIt - what 2 Consider When Migrating 2 #Microsoft Exchange 2010 http://t.co/jw1UbODI @YSI,NEUTRAL
Check out this great Blog w/ Tips from #YouSendIt - what 2 Consider When Migrating 2 #Microsoft Exchange 2010 http://t.co/eeF3780B @YSI,NEUTRAL
Survivable Branch Appliances & Basic Hybrid Gateways for #Microsoft #Lync and Office Communications Server http://t.co/MqUojAAf #Audiocodes,NEUTRAL
Why do Linux fanatics want to make Windows 8 less secure? http://t.co/OGkaYZO7 #linux #microsoft,NEUTRAL
Microsoft applies for celebrity search patent #microsoft #bing: Microsoft has applied for a new patent that take... http://t.co/4qoQqDCY,NEUTRAL
Microsoft applies for celebrity search patent #microsoft #bing http://t.co/5KfqKfgo #microsoft,NEUTRAL
Microsoft applies for celebrity search patent #microsoft #bing http://t.co/WABa8K9B,NEUTRAL
RT @TechZader: Microsoft applies for celebrity search patent #microsoft #bing http://t.co/5LbarN3n,NEUTRAL
Microsoft applies for celebrity search patent #microsoft #bing http://t.co/7kAorRKZ,NEUTRAL
Microsoft applies for celebrity search patent #microsoft #bing http://t.co/mfgQuZKU #neowin,NEUTRAL
Microsoft applies for celebrity search patent #microsoft #bing http://t.co/5LbarN3n,NEUTRAL
Securing #Microsoft Exchange 2010 with #SSL Certificate http://t.co/DAwnAbvX #Exchange2010 #ITSecurity,NEUTRAL
Need info - #Microsoft #CRM - then check this out - http://t.co/seRMv1o7,NEUTRAL
"Not sure how I feel about the Black Keys playing at the U-Village Microsoft store. Guess they *are* getting paid, that's good. #Microsoft",NEUTRAL
"http://t.co/J3p3KYHf
#Apple #Google #Microsoft #Blackberry #Nokia #HTC #Samsung #Motorola #WindowsPhone7 #iPhone #Android #Droid #Tablets",NEUTRAL
will be at the London #Microsoft Partner Business Briefing tomorrow - see some of you there :),NEUTRAL
Microsoft turns your body into a touchscreen http://t.co/8LbJuq4y #Microsoft,NEUTRAL
@DaniWeb MS business intelligence development studio. Where u create SSRS reports and SSIS packages. Wonderful world of #microsoft :),NEUTRAL
Microsoft turns your body into a touchscreen http://t.co/j1T6kHgP #Microsoft,NEUTRAL
Microsoft turns your body into a touchscreen http://t.co/YE0NZy82 #Microsoft,NEUTRAL
"Join Brainware in ORLANDO 11/2-discuss financial best practices, automation tech w/speakers from #disney and #microsoft http://t.co/gLYzOXMc",NEUTRAL
Did you know there is a #Microsoft Learning facebook page where you can find deals and course info #MCTSummitNA,NEUTRAL
Tool  to allow users to apply #DataQuality rules directly from MS Excel. Learn more @infamarketplace. http://t.co/jkZqrnO6 #Excel #Microsoft,NEUTRAL
@tomcastiglia and @sharepointony now presenting on #SharePoint upgrade planning at our #SharePoint ECM Summit at the #Microsoft Tech Center,NEUTRAL
#Microsoft are patenting applying personas of celebrities to #Bing results http://t.co/JBmsaU6O,NEUTRAL
Check out this Interesting Blog on Tips from #YouSendIt 4 wht 2 Consider When Migrating 2 #Microsoft Exchange 2010 http://t.co/yLF30h0h,NEUTRAL
"RT @sholliman: #SIGSource #Microsoft's Tami Reller says get on the bus and if you don't want to be on the bus, get off the road.",NEUTRAL
Learn how you can now upload SRS reports to #Microsoft CRM 2011 Online. #CRM2011  http://t.co/RrcF9W2V,NEUTRAL
"#SIGSource #Microsoft's Tami Reller says get on the bus and if you don't want to be on the bus, get off the road.",NEUTRAL
Yahoo! Just received welcome letter to join #TFS Preview. Thanks #Microsoft,NEUTRAL
Does anyone out there have some good online training or tips on using InforPath 2010 to build forms with rules?  #Microsoft #SharePoint,NEUTRAL
Check out our newly revamped Testimonials page for more information on how #Microsoft #Dynamics #CRM can work fo... http://t.co/nnvy8NP2,NEUTRAL
Print Ads Dead ? Not with #Microsoft #TAG on your ad learn more here - http://t.co/vfZRTkaa,NEUTRAL
#Microsoft Is Getting More Serious About Daily (#Bing) #Deals http://t.co/yt8AW0gK,NEUTRAL
Nokia 800 “Searay” Windows Phone press shots leak http://t.co/HwZzIEKk #microsoft #windows,NEUTRAL
A Child’s-Eye View Of #Microsoft’s #Kinect For Kids: http://t.co/xW1ACTtj | #solutions #Kasper,NEUTRAL
Microsoft CEO Steve Ballmer confirms Nokia Windows Phone devices due next week http://t.co/rDTzumtZ #Microsoft #Nokia,NEUTRAL
#microsoft 1st ever global ad campaign:great full circle focus on integrated product connectivity and global relevance http://t.co/ZCevlB1a,NEUTRAL
#Breakfast at #Microsoft with #PMs in SF 10/25: http://t.co/JXpUVecS,NEUTRAL
Check out our newly revamped Testimonials page for more information on how #Microsoft #Dynamics #CRM can work for you!  http://t.co/hmT51bdf,NEUTRAL
#HTC Arrive #Windows Phone (#Sprint) Review http://t.co/CdkPyjZV #windowsphone7 #xboxlive #mobile #cdma #microsoft,NEUTRAL
What to Consider When Migrating to #Microsoft Exchange 2010: http://t.co/jmyt6myL #yousendit booth 624 #gartnersym,NEUTRAL
RT @NeowinFeed: Steve Ballmer slams Android #microsoft #steveballmer http://t.co/GQqyQbaG #neowin,NEUTRAL
#Microsoft Explains and Refines the #Windows 8 Start Screen - http://t.co/IIlXENKI #ux #ixd,NEUTRAL
Steve Ballmer slams Android #microsoft #steveballmer: Microsoft CEO Steve Ballmer was highly critical of Google'... http://t.co/dgNBSbuJ,NEUTRAL
Steve Ballmer slams Android #microsoft #steveballmer http://t.co/iYTWIZzv #microsoft,NEUTRAL
Steve Ballmer slams Android #microsoft #steveballmer http://t.co/fD1m8vN1,NEUTRAL
Steve Ballmer slams Android #microsoft #steveballmer http://t.co/rVTTHD7P,NEUTRAL
Steve Ballmer slams Android #microsoft #steveballmer http://t.co/GQqyQbaG #neowin,NEUTRAL
Check out our podacst regarding Sugar's Edge In Tems Of Database Structure http://t.co/Qv4DAw7A #Microsoft CRM,NEUTRAL
Steve Ballmer slams Android #microsoft #steveballmer http://t.co/wfSSexks,NEUTRAL
#Microsoft Stores offering a free Windows Phone with a $499 purchase http://t.co/nfpvegDK #wp7 #windowsphone #wp75 #mango #msft,NEUTRAL
The Great Tech War Of 2012 : http://t.co/RbEvrtfz #Tech #Mobile #2012 #Wireless #Apple #Google #Microsoft,NEUTRAL
New #snom Webinar Nov. 2: Accelerate #Microsoft #Lync Deployments with snom #UC. Register here http://t.co/FYyIIMIX #VARs #phones,NEUTRAL
#Europe Approves #Microsoft Takeover of #Skype -http://mrkt.ms/r9CGEO #UK #London,NEUTRAL
"Isn't this a little too much?
http://t.co/ILWPs3f9 #xbox #microsoft #technology",NEUTRAL
"@allyfish87 leaning that way for battery. Have #Microsoft xbox, media pc and zune so would a Droid fit better? #idk thanks tho :)",NEUTRAL
RT @Microsoft_EDU: Quality #education is vital. Attend #Microsoft & #Desire2Learn session at #EDUCAUSE http://t.co/Gym6pUUx #EDU11,NEUTRAL
#Microsoft should follow suit with #Bing and #Windows Live http://t.co/9s0f4SNn,NEUTRAL
Esse prof acha que ninguém sabe mexer no #microsoft word,NEUTRAL
#TonyBates on #Microsoft Acquisition of #Skype via Microsoft - http://t.co/GtoJxLhH,NEUTRAL
Check this video out -- Steve Ballmer: We were lucky not to buy Yahoo! ALALUYA http://t.co/V9rmRAUh #microsoft #yahoo #SteveBallmer,NEUTRAL
Ballmer says you need to be a computer scientist to use Android http://t.co/TlKWhOsd #android #android #microsoft,NEUTRAL
Geek Fact for October 19th - 1998: U.S. Department of Justice antitrust case against #Microsoft began. #geekfact,NEUTRAL
A Child’s-Eye View Of #Microsoft’s #Kinect For #Kids http://t.co/mnamu0xF,NEUTRAL
A Child’s-Eye View Of #Microsoft’s #Kinect For #Kids http://t.co/nzhbzzW3 via @TechCrunch,NEUTRAL
Nokia 800 aka Nokia Searay renders http://t.co/NwI63GhB #wp7 #nokia #microsoft #mango,NEUTRAL
As mainly a #Microsoft #business user is it OK to like #IBM #ibmconnections ?,NEUTRAL
"RT @FierceWireless: #Microsoft's Ballmer promises #Nokia Windows phones next week, slams #Android.  http://t.co/OH8Btu2e #WP7 #Window...",NEUTRAL
"#Microsoft’s Ballmer: Android phones are boring, overcomplicated http://t.co/xyM8fxD0 via @BGR",NEUTRAL
"@gsmarena_com Talk, talk, talk... release the phone already, before they are completely obsolete #Nokia #Microsoft",NEUTRAL
"#Microsoft's Ballmer promises #Nokia Windows phones next week, slams #Android.  http://t.co/5DOmls5e #WP7 #WindowsPhone",NEUTRAL
#Microsoft is working with local Thai partner to show how to apply a location-based IT system to address flood crisis (Bangkok Post),NEUTRAL
"""Metro (design language)"" http://t.co/r7RdW1PH Microsoft took inspiration from King County Metro! #microsoft #metro #windows8 #bus",NEUTRAL
"Microsoft's Ballmer Trashes Android, Touts Skype http://t.co/VkFnwmTJ #microsoft #skype #android",NEUTRAL
"RT @gkumaran: #EMC White paper on Automated Perf Optimization for #Microsoft Applications with EMC #VMAX, FAST VP and #HyperV #SCVMM htt ...",NEUTRAL
"The NEW #Microsoft Action Pack gives @MSPartners access to software, development tools, training and market visibility!",NEUTRAL
RT @PacktEnterprise: Book Published! #Microsoft #SharePoint 2010 Power User Cookbook: http://t.co/A8ZqMpYP @spmentor http://t.co/v0mO0VkQ,NEUTRAL
"VIDEO: #Microsoft CEO Steve Ballmer talks at #Web2.0Summit about #Yahoo, Bing, and more.  http://t.co/YEAXVP1V",NEUTRAL
Microsoft's Steve Ballmer attacks Android phones http://t.co/bkgep6zm #Android #Microsoft #SteveBallmer #Google,NEUTRAL
Blessing in disguise. Ballmer feels lucky #Microsoft didn't buy #Yahoo in 2008 http://t.co/2Acd5GOz #business,NEUTRAL
Are you an digital expert? Or an online amateur? - http://t.co/oizGNXGT #Microsoft,NEUTRAL
A Web service developed by #Microsoft Research lets people curate their own personal history | http://t.co/TYAdzHQx,NEUTRAL
@Cyruss1989 @wpcentral I think they're referring to the obvious  partnership between #Microsoft and #Nokia aka #Bing and #Navteq.,NEUTRAL
"RT @SymonPerriman: Sign up for online #Microsoft #HyperV #Virtualization 70-659 training on Nov. 2. It is $99, has a $150 exam voucher!  ...",NEUTRAL
#Ballmer: We're Lucky #Microsoft Didn't Buy #Yahoo: http://t.co/oHbevXdP | #CEO #John #Steve #Web #acquisition #comment #conference,NEUTRAL
"""You don't have to be a computer scientist to use a Windows Phone,"" said #Microsoft 's #SteveBallmer, ""but you do to use an Android phone.""",NEUTRAL
RT @Startpack_en: Guys from #Microsoft tell #Startpack developers about how to integrates with #SystemCenter via web services. http://t. ...,NEUTRAL
"Sign up for online #Microsoft #HyperV #Virtualization 70-659 training on Nov. 2. It is $99, has a $150 exam voucher! 
http://t.co/zcHV6TaC",NEUTRAL
Guys from #Microsoft tell #Startpack developers about how to integrates with #SystemCenter via web services. http://t.co/yziwv1wd,NEUTRAL
"#Microsoft quarterly earnings out tomorrow, here's what to expect: http://t.co/YpTCBeON",NEUTRAL
#Windows8 #Microsoft please implement a UAC prompt when a non elevated process drops on elevated process instead of failing silently.,NEUTRAL
#Microsoft #Cloud Microsoft launches Virtual Academy in Kenya: Microsoft East and Southern Africa launched ... http://t.co/GllUQiTJ #TCN,NEUTRAL
#MICROSOFT MULTIMEDIA STRAVINSKY : THE RITE OF SPRING (CD-ROM) [VERSION 1.0] Review: MICROSOFT MULTIMEDIA STRAVI... http://t.co/iX4FEcM2,NEUTRAL
#Microsoft Service Pack installer want's my notebook to be plugged in. Why? Plugged it in to start installation and plugged it out. Worked.,NEUTRAL
"#Microsoft's Ballmer Trashes Android, Touts Skype
 http://t.co/96BMOxv4",NEUTRAL
RT @TheStreet: Ballmer: #Microsoft Beating #Google in the Cloud - http://t.co/rfiaNud0 via @gigaom,NEUTRAL
"Listening to this, how much do #Microsoft miss Bill Gates? http://t.co/H4OuzdOk He is a genius, as was Jobs. Bill saw it, but Steve made it.",NEUTRAL
White Paper: EMC Automated Performance Optimization for #Microsoft Applications http://t.co/aIK3EjWT #EMC #powerlink credential needed,NEUTRAL
Ballmer: #Microsoft Beating #Google in the Cloud - http://t.co/rfiaNud0 via @gigaom,NEUTRAL
High Tech Director of Business Development *selling consulting services* #Oracle #Microsoft #SAP #SanFrancisco #jobs http://t.co/OWf25yJB,NEUTRAL
"What the world needs is an ""IT/Programmers"" channel/web feed 24 hours a day - tune in to watch people coding/discussing IT #Microsoft",NEUTRAL
#Microsoft HOY What’s Next Stream: Windows PC http://t.co/2MQ0I0Cm ➨ @MicrosoftLatam,NEUTRAL
MindTree Introduces 'mPromo' Trade Promotion Solution on #Microsoft #Azure for the Consumer Packaged Goods industry. http://t.co/H1A3V7zv,NEUTRAL
@markcullum1 - Because it's #microsoft.....,NEUTRAL
#Microsoft's First Global Multi-Product Holiday Campaign  http://t.co/6nUFdiBN,NEUTRAL
Take time to sign this and also please pass it on. Thank You : http://t.co/euW1RSnb R.I.P Jeremey Latiola. #steve jobs #microsoft,NEUTRAL
First time a technology company is in the running for marketer of the year. Vote David: http://t.co/xT2SWSxg #Microsoft @getitdone,NEUTRAL
RT @KnowYourMobile Steve Ballmer says new Windows Phones will launch at Nokia World event | http://t.co/uQghSamj #WP7 #microsoft,NEUTRAL
Dear #Microsoft - seize the moment - focus on developing Windows7 phones for enterprise solutions. Succeed where #RIM is failing.,NEUTRAL
#Infosys kicks off its #cloud drive with #Microsoft partnership,NEUTRAL
"#Microsoft CEO Steve Ballmer on Not Buying Yahoo: “Sometimes, You’re Lucky” » http://t.co/pxHqdSav",NEUTRAL
RT @MobileTechWorld: Jet Car Stunts Xbox Live game for Windows Phone released http://t.co/O3hYxBxh #wp7 #xbox #microsoft,NEUTRAL
"Ballmer On Not Buying Yahoo: 
http://t.co/ypM4GXf9 

#Microsoft #Yahoo #Skype #Xbox #Google #Bing #Ballmer",NEUTRAL
"#Google ##Mobile Boss Andy Rubin on #Apple, #Microsoft and #Tablets http://t.co/rSnSG5nt #techgadgets #android",NEUTRAL
You are welcome to join our LIVE free webinar right now. It's about #Citrix monitoring through #Microsoft #SCOM: http://t.co/Sr7pIP9B,NEUTRAL
#Occupy #Microsoft nyc! windows phone camp,NEUTRAL
"RT @mashable: #Microsoft CEO Steve Ballmer on Not Buying #Yahoo: ""Sometimes, You're Lucky"" - http://t.co/afWazWOy",NEUTRAL
RT @TechEd_NA: Join #Microsoft Experts in 1 hr for a live technical chat on #WindowsPhone #Mango Live Tiles http://t.co/YPzLTs50 #wpdev  ...,NEUTRAL
Join #Microsoft Experts in 1 hr for a live technical chat on #WindowsPhone #Mango Live Tiles http://t.co/YPzLTs50 #wpdev #wp7 #msteched,NEUTRAL
Microsoft's Kinect brings 'playful learning' to the Xbox 360 http://t.co/AoOj8CaI #microsoft #kinect #xbox #socialmedia,NEUTRAL
Skype and Microsoft Team Up - A match made in heaven? - http://t.co/lsFTp8RL #microsoft #skype # videoconferencing #socialmedia,NEUTRAL
#itasum11 - Gadgeteer http://t.co/ecWX3Ajl - The New Way to make inspire and stimulate learning #edugeek #kinext #microsoft,NEUTRAL
Book Published! #Microsoft #SharePoint 2010 Power User Cookbook: http://t.co/A8ZqMpYP @spmentor http://t.co/v0mO0VkQ,NEUTRAL
Gartner BI 2011: Microsoft and Oracle! http://t.co/ujN5j8dW #Gartner #BI # Oracle #Microsoft,NEUTRAL
"#Microsoft Zune - Digital player - HDD 30 GB - WMA, AAC, #MP3 - video playback - display: 3… http://t.co/qgzHlLpv",NEUTRAL
"Early cloud #Microsoft partners will be rewarded w/ a Cloud Accelerate badge, & additional internal use rights! http://t.co/pjkyf0gf",NEUTRAL
RT @Newsweek: The 30 Greenest Tech Companies in the World http://t.co/0xzsUR0K #GreenRankings #IBM #Intel #Cisco #Microsoft #Apple #Goog ...,NEUTRAL
FreeSoftwareFoundation publicly warns of danger of implementing #Microsoft #Restrictedboot w/o #UEFI http://t.co/NASQbmaT #anonymous #USDOR,NEUTRAL
New #snom Webinar Nov. 2: Accelerate #Microsoft #Lync Deployments with snom #UC. Register here http://t.co/B1pr1kIX #VARs #phones,NEUTRAL
Why Ice Cream Sandwich Might Make Things Worse - '#Google needs to look to #Microsoft as an example' http://t.co/7UXWvH6h via @pcmag,NEUTRAL
TODAY! Come along to #Microsoft Office & #ECDL Open Evening at #Pitman #Training #Cheltenham from 4pm to 7.30pm - http://t.co/fBoej2vd,NEUTRAL
MS Outlook Quick Access Toolbar - How to customize - http://t.co/VzkEdZaC #tips #microsoft,NEUTRAL
Beware phone #scam calls pretending to be #Microsoft who claim your machine has a #virus - http://t.co/5F2p4XcB,NEUTRAL
"#EMC White paper on Automated Perf Optimization for #Microsoft Applications with EMC #VMAX, FAST VP and #HyperV #SCVMM http://t.co/kAHnFla7",NEUTRAL
The Cloud Offers the Ultimate Music Choice &lt;http://t.co/wd05MHPU&gt; #Microsoft #Emp #CloudComputing,NEUTRAL
Exciting news: #Microsoft Names @Metalogix a Managed Partner in the High Potential ISV Group http://t.co/rHkqYXo2 #sharepoint,NEUTRAL
New innotive IT program coming to #Dubai featuring @comptia and #Microsoft qualifications http://t.co/a6fLlkgE RT please,NEUTRAL
CE-Oh no he didn't: Steve Ballmer lays into Android http://t.co/uTmHyIFD #microsoft #ballmer #android,NEUTRAL
RT @cmaneu: #stage #Toulouse #Microsoft #net #SuperBoîte #Win8 #geeks = http://t.co/7UHSLQII (Please RT ;),NEUTRAL
Read how SunGard #IntelliMatch achieved 53% ^ in performance (50 mill transactions in &lt;25 mins) #Intel #HP #Microsoft http://t.co/2i1k64wx,NEUTRAL
#Microsoft #Cloud windows+server - RT @WesleyBackelant: Announcing the Microsoft ...: WindowsAzure : @Wesle... http://t.co/NaPViOT8 #TCN,NEUTRAL
"#Microsoft #Cloud Oracle, Windows Garner Different Views over Multitenant Cloud ...: Microsoft's cloud appr... http://t.co/lVzJNRPs #TCN",NEUTRAL
#Microsoft #Cloud Getting Started with Microsoft's Windows Azure Cloud: The Lay of ...: Good tools integrat... http://t.co/2luPCfho #TCN,NEUTRAL
How to use search folders to organise your emails in #Microsoft #Outlook - http://t.co/NuMm5N3U,NEUTRAL
RT @MobileTechWorld: Jet Car Stunts Xbox Live game for Windows Phone released http://t.co/csUC7hVH #wp7 #xbox #microsoft,NEUTRAL
Jet Car Stunts Xbox Live game for Windows Phone released http://t.co/O3hYxBxh #wp7 #xbox #microsoft,NEUTRAL
#stage #Toulouse #Microsoft #net #SuperBoîte #Win8 #geeks = http://t.co/7UHSLQII (Please RT ;),NEUTRAL
#Silver &#GOLD #Apple tumbles no matter how many sold #Microsoft buys them 4 a nice price so get in there show #justsayin #Droid rules inend,NEUTRAL
#Microsoft shows 'touch screen' for any surface http://t.co/sNaPW5tl,NEUTRAL
#Microsoft Community Blogs The 7/365 Review - The Cloud's Impact on Business http://t.co/gPB2MjFW,NEUTRAL
@nand_krish007 #Microsoft arrogance again - Ballmer says you need to be a computer scientist to use #Android http://t.co/pltitgeI,NEUTRAL
I gave @RyannosaurusRex +K about Microsoft Windows on @klout http://t.co/Y33v8wVr #klout #microsoft #windows,NEUTRAL
#Microsoft's Steve Ballmer attacks #Android phones: http://t.co/x2YmWESs,NEUTRAL
See how you can save 40% on dozens of #Microsoft #certification practice exams http://t.co/KojQrE1q via @EricLigman,NEUTRAL
RT @elearnnet: #microsoft #edu Microsoft's Kinect brings 'playful learning' to the Xbox 360 - The Guardian http://t.co/MW22MJOG,NEUTRAL
Changing the past and organizing the future with #Microsoft http://t.co/bYYFhtpZ,NEUTRAL
RT @HealthVault: Learn how to create and use your emergency profile on #Microsoft #HealthVault - #PHR #healthit - Step by step #Docs htt ...,NEUTRAL
#microsoft #edu Microsoft's Kinect brings 'playful learning' to the Xbox 360 - The Guardian http://t.co/MW22MJOG,NEUTRAL
#microsoft #edu UD School Board seats up for grabs - Delaware County Daily Times http://t.co/YCXCo5kK,NEUTRAL
#OmniTouch Projector (which is supported by #Microsoft ) Turns Anything Into a Touchscreen http://t.co/9yt5Y9Ab aracılığıyla @geekosystem,NEUTRAL
"2 hours south of Richmond, VA --&gt; #Microsoft Builds Two-Headed Data Center in Feds’ Backyard http://t.co/aWwVVoDR #cloud #tech",NEUTRAL
"#SteveBallmer just called me a ""Computer Scientist"" :) http://t.co/u1zmU9Ih #Microsoft #Android",NEUTRAL
RT @AppSense: “@Simon_townsend: #Microsoft tests and proves #AppSense enterprise scalability! 78K users on one personalization DB - http ...,NEUTRAL
RT @AppSenseTechie: #Microsoft tests and proves #AppSense enterprise scalability! 78K users on one personalization DB - http://t.co/fCXdU7mA,NEUTRAL
Can you add multiple queues to the workspace in MS CRM Online 2011? ..and how? #microsoft #crm #queues #customerservice,NEUTRAL
"Infosys, has tied up with Microsoft to provide cloud-based offerings to clients... http://t.co/zwqwpdQ4 #cloud #infosys #microsoft #technews",NEUTRAL
#Microsoft details #Windows8's new Start Screen Search http://t.co/Z6X5rE5q,NEUTRAL
"#Google #Mobile Boss Andy Rubin on #Apple, #Microsoft and Tablets, Live at AsiaD - Ina Fried - #Mobile - AllThingsD http://t.co/S0jkqPwn",NEUTRAL
"RT @MichaelKroker: Steve Ballmer: #Nokia to reveal multiple #Windows Phone devices next week, #Microsoft may make their own - http://t.c ...",NEUTRAL
"Steve Ballmer: #Nokia to reveal multiple #Windows Phone devices next week, #Microsoft may make their own - http://t.co/KnmpXSW0",NEUTRAL
“@Simon_townsend: #Microsoft tests and proves #AppSense enterprise scalability! 78K users on one personalization DB - http://t.co/gyGE5SCa”,NEUTRAL
“@AppSenseTechie: #Microsoft tests and proves #AppSense enterprise scalability! 78K users on one personalization DB - http://t.co/jXhFHPTJ”,NEUTRAL
#Microsoft's Ballmer: We're Building Windows Server 8 Around Cloud - well I guess thats makes sense!,NEUTRAL
RT @Simon_Townsend: #Microsoft tests and proves #AppSense enterprise scalability! 78K users on one personalization DB - http://t.co/LwFLXASL,NEUTRAL
New #microsoft #WindowsLiveBook V2 Mobile Video + #GraphicsWorkstation http://t.co/LcUvLvAd,NEUTRAL
"Apple’ cash balance = $75.9 billion, surpassing the total operating balance of the U.S. government  #rich #apple #google #microsoft  #money",NEUTRAL
"Learned a new word ""BLOB"" regarding to #Microsoft #SharePoint moving .docs from the database to a fileserver. #vmworld #VMworld2011",NEUTRAL
"hmm, that should have read 'the milky white film of busyness' :D #vs2010 #microsoft",NEUTRAL
RT @technabob: Using a #Touchscreen Through Your Pocket Made Possible by #Microsoft #PocketTouch: Have you… http://t.co/PJpFeyTF,NEUTRAL
“@Simon_townsend: #Microsoft tests and proves #AppSense enterprise scalability! 78K users on one personalization DB - http://t.co/xtZMPSMT”,NEUTRAL
#Microsoft tests and proves #AppSense enterprise scalability! 78K users on one personalization DB - http://t.co/fCXdU7mA,NEUTRAL
#Microsoft tests and proves #AppSense enterprise scalability! 78K users on one personalization DB - http://t.co/LwFLXASL,NEUTRAL
does anyone else get the 'milky white film of business' with Visual Studio? #vs2010 #microsoft,NEUTRAL
Using a #Touchscreen Through Your Pocket Made Possible by #Microsoft #PocketTouch: Have you… http://t.co/PJpFeyTF,NEUTRAL
"After years of failures, #Microsoft is finally making money in the handheld market -- but not in the way you’d think",NEUTRAL
#Microsoft #Dynamics GP soon to offer 64-bit Hyper-V images only : http://t.co/82CFFcHZ,NEUTRAL
"Annie: has just had a look at our downloaded #Windows8 op sys.  Where #AppleMacs go, #Microsoft follows!!",NEUTRAL
"Seeking a Manager of IT for Immediate Hire in Sterling, VA! Send resumes to julia.snik@rht.com for consideration! #dcjobs #cisco #microsoft",NEUTRAL
Ballmer: We’re beating Google in the cloud http://t.co/YFAmguRF #ballmer #google #microsoft #cloud,NEUTRAL
Good luck to #CPG team RT @MindTree_PR: #MindTree Introduces mPromo #TradePromotion Solution on #Microsoft #Azure http://t.co/aTNnITtt  #CGT,NEUTRAL
#MindTree Introduces mPromo #TradePromotion Solution on #Microsoft #Azure http://t.co/LkjHqrnR #CPG #CGT,NEUTRAL
Open Virtualization Format adopted by #VMware #Microsoft and #Citrix. How come no mention for open source leader #RedHat? #vmworld #SEC1802,NEUTRAL
Database sizing #Microsoft #SharePoint 2010 #VMware #VMworld http://t.co/ZcdTjyrp,NEUTRAL
RT @VentureBeat: #Ballmer: “We’ve picked our play” in #social with #Skype deal http://t.co/03IHBOgj #microsoft #xbox #in,NEUTRAL
#JaccuseDZ RT @zeggar-@amaboura the entreprise version of #Microsoft #office365 is not available yet in #Algeria... http://t.co/BuWiL76A,NEUTRAL
M10135 Microsoft Course. RRP £1640 + VAT. Our Price = £1148 + VAT http://t.co/vOTLSnfX #ittraining #microsoft,NEUTRAL
CEO Steve Ballmer says that #Microsoft dodged a bullet when it failed to acquire #Yahoo! in 2008 http://t.co/nlCxoCUz,NEUTRAL
Technology 4 StartUp Britain Week: Attracting Customers With SEO and PPC http://t.co/o7tHRXPr #microsoft,NEUTRAL
@amaboura the entreprise version of #Microsoft #office365 is not available yet in #Algeria i guess,NEUTRAL
#Microsoft Takes a Shot at the #Wii in Their Newest #DanceCentral 2 Ad [Video] http://t.co/A8tlwr3o #Kinect #games,NEUTRAL
"@WonderLaura, Please cld u send me steps on how to add a custom .master files through SPD 2010. i just downloaded some files from #Microsoft",NEUTRAL
#VisualStudio 11 Developer Preview Training Kit released: start learning - http://t.co/d6meZBZv #Microsoft,NEUTRAL
#Microsoft news: #SQLServer licensing will be different from december2011 | #Office365 and #Azure will be available in #Algeria in 2013,NEUTRAL
How to oranise and sort your emails with the categories feature in #Microsoft #Outlook - http://t.co/NSpqbzFZ,NEUTRAL
#Microsoft Announces New “Playful Learning” Titles - Wired News : http://t.co/nN8oietT #av,NEUTRAL
Ballmer Feels Lucky Microsoft Didn't Buy Yahoo in 2008 http://t.co/MK8pv0TN #gdapps #ballmer #microsoft #yahoo,NEUTRAL
@cloudnewsindia The War of #Email #Cloud Computing: #Google vs. #Microsoft http://t.co/zu9pSwSG,NEUTRAL
#Microsoft chief admits lucky escape from buying Yahoo! http://t.co/xOqL8Wqh,NEUTRAL
#Microsoft's Kinect brings 'playful learning' to the Xbox 360 http://t.co/1KAi853k,NEUTRAL
"#HEUTE - #Microsoft #Office #2010 Home & Student Product Key Card [1 User] - statt 149€ nur 89,99€ - http://t.co/3QXy2Zo4",NEUTRAL
"RT @mattimooz: I'm at #microsoft and been served #cake for lunch, ok not just cake but its definitely involved. You live a good life @bennuk",NEUTRAL
"@MrRobinson ""hard for"" balms ""to get excited over Android phones"" because #Microsoft isn't collecting enough royalties yet. #isaidit",NEUTRAL
“@GeeCloud: Congratulations to Softline Pastel (@SageGroupZA) for winning #ISV of the Year at #Microsoft #partnersummit” @SoftlinePastel,NEUTRAL
"#HEUTE - #Microsoft #Office #2010 Home & Student Product Key Card [1 User] - statt 149€ nur 89,99€ - http://t.co/YLlITFAt",NEUTRAL
#Microsoft #Cloud Getting Physical with Virtual Servers: Q. Is it important that Windows Server and Microso... http://t.co/n8ky79pQ #TCN,NEUTRAL
"Build once, scale to many: #Microsoft allows creators to extend experiences to multiple touchpoints like xBox, Windows Mobile. #ULforthewin",NEUTRAL
@cloudnewsindia New Version of #Cloud InTune is Available: Posted on #Windows 7 News...#Microsoft has just..http://bit.ly/pY0hlZ,NEUTRAL
@cloudnewsindia New Version of #Cloud InTune is Available: Posted on #Windows 7 News...#Microsoft has just released..http://bit.ly/pY0hlZ,NEUTRAL
#Ballmer On Not Buying #Yahoo: “Sometimes You’re Lucky” via @techcrunch http://t.co/MrjkOXnO #Microsoft,NEUTRAL
Microsoft's Steve Ballmer attacks Android phones http://t.co/ExByurKL #windows #android #microsoft #google,NEUTRAL
#Microsoft Windows Server 2008 R2 Enterprise OEM #preisvergleich http://t.co/0jWsfMQn Bewertung softline24 #test #Microsoft,NEUTRAL
#Microsoft announces official SQL Server driver for #Linux - http://t.co/lgTx40UM #SqlServer,NEUTRAL
There is a chance? #Microsoft and #Mobile http://t.co/p4ChgGwg,NEUTRAL
"#Job #ICT System Administrator Windows: GSI Consultants, Zug http://t.co/96Vi7GIu #Microsoft #IT",NEUTRAL
Steve Ballmer: Bunch of new Nokia Windows Phones coming next week http://t.co/8F2FVygU via @esphoneblog #wp7 #nokia #microsoft,NEUTRAL
RT @qmatteoq: Leaving for #smau : I'll be at the #Microsoft stand as a trainer for the #wpdev labs. Meet me there!,NEUTRAL
#microsoft ‘People-Centric’ Windows Phone 7.5 Update Released http://t.co/oImNAkVf,NEUTRAL
Microsoft Stores giving away free Windows Phone devices with $499 spend #microsoft #wp7 #free #msftstore http://t.co/QbYUm2Ce,NEUTRAL
Leaving for #smau : I'll be at the #Microsoft stand as a trainer for the #wpdev labs. Meet me there!,NEUTRAL
Just walked in the door of the #Microsoft #kenyaopendoor conference...,NEUTRAL
A New Landscape for Retail Banking: New report from #Efma with #Microsoft http://t.co/2XNz3F9C,NEUTRAL
Windows 7 Roadmap = #Windows #8 Roadmap: M3 final 6.1.6801 (7) and 6.2.8102 (8). #Beta at #CES? :O #Microsoft,NEUTRAL
Microsoft Stores giving away free Windows Phone devices with $499 spend http://t.co/YEVwfL4N #microsoft #windows,NEUTRAL
Big Data and the Cloud - More Hype or a Real Workload? http://t.co/WA0bP7Mx #azure #hpc #microsoft,NEUTRAL
#Microsoft acquisition of #Skype has closed. http://t.co/Vbr0CPKr Will it be integrated this with #technology like #Exchange and #Outlook?,NEUTRAL
Novidade #Microsoft: RT @Cibereconomia: This New Microsoft Technology Turns Anything Into A Touchscreen (MSFT) http://t.co/yqh20Z0u,NEUTRAL
"#Infosys, #Microsoft team up to offer #cloud #services - http://t.co/9dEVf9Tz",NEUTRAL
#Microsoft India Webcast LIVE on Cloud Management with System Center App Controller Codename “Concero” http://t.co/TSYXWdKh  #Cloud,NEUTRAL
#Microsoft's Steve Ballmer attacks #Android phones http://t.co/cuoW78du,NEUTRAL
Microsoft Excel: How To Alternate the Color Between Rows - http://t.co/x7TZk9sG #microsoft,NEUTRAL
RT @guardiantech: #Microsoft Kinect brings 'playful learning' to the Xbox 360 http://t.co/ys79quRD #Gaming,NEUTRAL
#OmniTouch #Microsoft  http://t.co/qwk0YUrH via @youtube,NEUTRAL
Get #Microsoft #http://t.co/TMUrucvW certified now!! http://t.co/3Qr7XoCy,NEUTRAL
Early cloud #Microsoft partners can qualify for Microsoft Cloud Accelerate! http://t.co/pjkyf0gf,NEUTRAL
RT @MahimaKurra: @CloudNewsIndia #Microsoft Announces #Open Source based #Cloud Service http://t.co/MtK3XZ2l,NEUTRAL
"Great, now #Skype is a part of #Microsoft stack http://t.co/vZfUv9OI.",NEUTRAL
"#Microsoft CEO #Steve_Ballmer on Not Buying #Yahoo: “Sometimes, You’re Lucky” http://t.co/YgISO7xt",NEUTRAL
"#Microsoft CEO #Steve_Ballmer on Not Buying #Yahoo: “Sometimes, You’re Lucky” http://t.co/D0u2o9nZ",NEUTRAL
#Microsoft idea: Search the Internet like a celebrity (Todd Bishop/GeekWire) http://t.co/WhROX8KA,NEUTRAL
► #Job #IT #Projekt #Management #Microsoft  | Projekt für Freelancer: Programm Manager (m/w) in Berlin » http://t.co/MO4jtpTL,NEUTRAL
thinking thinking thinking thinking #dotnet #asp #microsoft,NEUTRAL
Creating #Pareto charts using #Microsoft #Excel http://t.co/B59lPyCS,NEUTRAL
#Microsoft Changes The Yet Known# Design of #Windows Eight http://t.co/EGa3wrr4,NEUTRAL
#Google sets alternative to #Microsoft http://t.co/EqAzzbcz,NEUTRAL
Watch short video on #Microsoft #Lync End User Adoption. A practical solution for users http://t.co/Qpk5DHEn #ITPro #UCOMS #OCS #WhyMSFT,NEUTRAL
"#HEUTE - #Microsoft #Office #2010 Home & Student Product Key Card [1 User] - statt 149€ nur 89,99€ - http://t.co/tdMFe0nI",NEUTRAL
Funny #BillGates #Aprons w/Google #1 ranked #LTCartoon “Got #Microsoft“? http://t.co/CStd8cPM #humor #foodie #microsoft,NEUTRAL
Funny #BillGates #Aprons w/Google #1 ranked #LTCartoon “Got #Microsoft“? http://t.co/DRvKSVF6 #humor #foodie #microsoft,NEUTRAL
#Kinect Makes Learning Playful with Help from Sesame Street and National Geographic http://t.co/xQXP2uWx Genius idea ;) #Microsoft,NEUTRAL
"Windows Phone Tango and Apollo rumors suggest new screen specs
#microsoft #wp7",NEUTRAL
"Steve Ballmer, #Microsoft's chief executive believes that #Google's #Android mobile phones for being too complicated. What do you...",NEUTRAL
#Kinect -projector makes all surfaces touchscreen #ar #touch #microsoft #xbox360 #gaming #games  http://t.co/67CMvCki,NEUTRAL
"Ballmer On Not Buying Yahoo: “Sometimes You’re Lucky”: Speaking today at Web 2.0, #Microsoft… http://t.co/KOt83DxF",NEUTRAL
"This coming from a guy who is #Microsoft PC, Mug, pen, everything RT @GiuseppePietta: @1Ngare both fail phones.windows phone 7 to the rescue",NEUTRAL
Steve Ballmer people need to be computer scientists to figure out how to use #Android phones | @Telegraph http://t.co/B5X0SDgp #Microsoft,NEUTRAL
Windows Phone Tango and Apollo rumors suggest new screen specs http://t.co/8X30jQAH #microsoft #windows,NEUTRAL
#Microsoft to Require yearly #Sustainability Reporting by Vendors http://t.co/71Rm0QOT via @CaelusGreenRoom #CSR #GMIC,NEUTRAL
CLOUD NEWS - Infosys boosts its cloud solution with Microsoft partnership - http://t.co/RNHzqjGR - @Infosys #cloud #microsoft #azure,NEUTRAL
"#Microsoft discontinued product named #ENSEMBLE STUDIOS on October 14, 2011. Review and comment: http://t.co/eJ8a2Msm",NEUTRAL
"#Microsoft #Cloud Windows Intune: Microsoft Offers Cloud Partners New Incentive ...: ... calendar year, whi... http://t.co/ufI0YlL7 #TCN",NEUTRAL
#Microsoft #SCVMM #2012- Session by @virtualfat - all u need to know about the new 2012 version. #e2evc Register http://t.co/eZBtVm9Z,NEUTRAL
This New Microsoft Technology Turns Anything Into A Touchscreen (MSFT) http://t.co/Qcih8fjg #apple #microsoft,NEUTRAL
... and we were just told what a #microsoft minute is: it is 95 sconds + 1 second which is from 1 to 10 minutes. :),NEUTRAL
#Microsoft and #Nokia Announce suite of ‘Microsoft Apps’ for Nokia’s Symbian Belle Platform http://t.co/c1YryIFh #WP7 #WP75,NEUTRAL
"SeNews : Ballmer: 70% Of The Time, Google & Bing Are The Same, So Try Bing! #Microsoft #Bing : http://t.co/6RmJ9Bgn",NEUTRAL
SeNews : Microsoft extends revenue guarantees to Yahoo #Yahoo #Microsoft : http://t.co/bR3MHHVg,NEUTRAL
SeNews : Ballmer on not buying Yahoo: 'Sometimes you're lucky' #Microsoft #Yahoo : http://t.co/E0kvSTj4,NEUTRAL
"RT @InternetBH: #Microsoft shows 'touch screen' for any surface

http://t.co/rT9g3pUH",NEUTRAL
"Financial Services track at partner summit, 9 people in the room. And yet FS is such a lucrative channel #Microsoft #PartnerSummit",NEUTRAL
Find & give information about software bugs & help improve #Microsoft products. Apply to become a #Beta Tester http://t.co/OSWEfixz #ITPro,NEUTRAL
#Teamfollowback -Microsoft expands Windows Phone Marketplace to India #microsoft #windowsphone #india,NEUTRAL
Check this video out -- Sesame Street and Nat Geo TV coming to Kinect http://t.co/iw7kjQ81 #xbox #kinect #microsoft,NEUTRAL
Cerulean is the most advanced ERP cloud for hosted dynamics #microsoft #dynamics - http://t.co/4J53yJwd,NEUTRAL
RT @Pocketlint: Ballmer on Nokia: Really looking forward to bunch of new devices next week http://t.co/xjUwssZs #wp7 #nokia #Microsoft,NEUTRAL
#Microsoft announces two new Xbox 360 holiday bundles http://t.co/GgLwTSlT,NEUTRAL
"Omni Touch Screen System: going beyond the ""touch screens"" http://t.co/aROkfnOS  #Featured #Tech&amp;Gadgets #Microsoft #Omnitouch",NEUTRAL
"Rumor: New screen sizes, specs coming to Windows Phones #windowsphone #microsoft http://t.co/kHTDQSHo",NEUTRAL
#Teamfollowback #Microsoft investigating Windows Phone Mango Zune freezing problems,NEUTRAL
Check this video out -- OmniTouch - Demo Video #Microsoft demonstrates touch screen for any surface http://t.co/NL9E08Q7,NEUTRAL
OmniTouch from #Microsoft makes every surface a #Touchscreen | #gadgets http://t.co/sSUrPnve,NEUTRAL
"we are authorized test center PJ, Selangor, for IT #exams (#Cisco #CCNA, #Microsoft #MCSE, Red Hat #RHCE, etc.) http://t.co/16LPfctH",NEUTRAL
ToWhat technological extensivity #Microsoft willProvide the #CloudComputing ? Thanks #MS for Bein aPart ofMy generation http://t.co/bsnbAhBp,NEUTRAL
#Microsoft anuncia SQL Server ODBC Driver para Linux! http://t.co/kDbNjYyB  #MS #Linux #Opensource #SQL #Softwarelibre,NEUTRAL
#Teamfollowback Microsoft Q1 2012 earnings results due on Thursday #microsoft,NEUTRAL
Congratulations to Softline Pastel (@SageGroupZA) for winning #ISV of the Year at #Microsoft #partnersummit,NEUTRAL
Vincent Mugambi #Microsoft takes us through #WP app,NEUTRAL
#Microsoft #Cloud Infosys kicks off its cloud drive with Microsoft partnership: Infosys has accelerated its... http://t.co/utU4mwjK #TCN,NEUTRAL
#Microsoft #Wireless #Keyboard 3000 Review http://t.co/C4GOy04V #wirelesskeyboardandmouse #mousecombos,NEUTRAL
#Free Genuine Copy #Microsoft #Windows 8 Pre-Beta #OS: I don’t know how long it’s been out… http://t.co/EY8GOIrk,NEUTRAL
http://t.co/VgMYdlDS found article on  http://t.co/UAWHbOLz  Fake #Microsoft scammers lure users into #granting remote access to PCs,NEUTRAL
"Omni Touch Screen System: going beyond the ""touch screens"" http://t.co/SH2fCwuS  #Featured #Tech&amp;Gadgets #Microsoft #Omnitouch",NEUTRAL
Pinball FX2 offers free 'Paranormal' table starting next Wednesday http://t.co/vYXqUbJg #microsoft #pinball_fx_2,NEUTRAL
"RT @NeowinFeed: Rumor: New screen sizes, specs coming to Windows Phones #windowsphone #microsoft http://t.co/Ja9sEesh #neowin",NEUTRAL
RT @TCMagazine: Microsoft talks about the Start menu search in Windows 8 http://t.co/P8Go0gkS #microsoft #search #start #windows8,NEUTRAL
"Rumor: New screen sizes, specs coming to Windows Phones #windowsphone #microsoft http://t.co/Ja9sEesh #neowin",NEUTRAL
RT @kalezo: we strongly recommend students that are following us to sign up for the #imaginecup 2012 contest! http://t.co/ytn5OHym #micr ...,NEUTRAL
we strongly recommend students that are following us to sign up for the #imaginecup 2012 contest! http://t.co/ytn5OHym #microsoft,NEUTRAL
#Microsoft's Steve Ballmer attacks #Android phones - #Telegraph http://t.co/EvkkeA8l via @Telegraph,NEUTRAL
"Rumor: New screen sizes, specs coming to Windows Phones #windowsphone #microsoft: A rumor has surfaced that sugg... http://t.co/wHDrAQO4",NEUTRAL
"Rumor: New screen sizes, specs coming to Windows Phones #windowsphone #microsoft http://t.co/gOQgJvvb #microsoft",NEUTRAL
RT @FierceCIO: What happens to #Skype now that it is officially #Microsoft's? http://t.co/9FzSH0RY $MSFT,NEUTRAL
Any #Microsoft trainers in Oxfordshire who offer free training to local charities? Unfortunately out of my catchment area @Makethatlink,NEUTRAL
If you missed it : #Microsoft working on ‘PocketTouch’ device input through clothing http://t.co/eqz4HkNk,NEUTRAL
Windows Phone Tango and Apollo to have new screen resolutions? http://t.co/KJwugoM3 #WP7 #Microsoft,NEUTRAL
"wasn't impressed with the #iPhone4S and now not impressed with the #GalaxyNexus, so let's see what #Nokia - #Microsoft have to offer...",NEUTRAL
RT @rinconindia: #OpenText #Alchemy Client programs are now compatible with #Microsoft #Office #2007.,NEUTRAL
"#Microsoft CEO Steve Ballmer on Not Buying #Yahoo : “Sometimes, You’re Lucky” http://t.co/WMCXWysh",NEUTRAL
#Microsoft excludes tablets from its holiday advertising push http://t.co/kPslZjFC,NEUTRAL
"The debate is, am I allowed to use my BB pen at #Microsoft?",NEUTRAL
been using #microsoft @office for years? well here are some tips to be more efficient that even you might not know! http://t.co/HnXvwypp,NEUTRAL
#Microsoft #LifeCam NX-3000 #Webcam (Gray) Review http://t.co/zJMHBPH7 #nx3000 #laptopwebcam #notebooks #laptop,NEUTRAL
The Scribble SharePoint Blog: SharePoint 2013 Workflows. Maybe Microsoft can buy Nintex? #Microsoft #SharePoint #SP210 #Workflow #Nintex,NEUTRAL
"@siobhancoda is your anti virus isn't just a 90 day trial, could leave you exposed in the near future #free #microsoft #antivirus #software",NEUTRAL
"Steve Ballmer Says ""Luck"" Kept Microsoft From Buying Yahoo In 2008 http://t.co/9sDNmC0Y #Microsoft #Yahoo",NEUTRAL
"Microsoft CEO says company got ""lucky"" when Yahoo deal fell apart #microsoft #steveballmer: Microsoft CEO Steve ... http://t.co/Zyetras0",NEUTRAL
"Microsoft CEO says company got ""lucky"" when Yahoo deal fell apart #microsoft #steveballmer http://t.co/8fxt1ef8 #microsoft",NEUTRAL
"Microsoft CEO says company got ""lucky"" when Yahoo deal fell apart #microsoft #steveballmer http://t.co/qGxn8d2l",NEUTRAL
"Now I that i know god exists, realisation dawns on me that, he hates me
#Microsoft #ICPC",NEUTRAL
#Microsoft excludes #tablets from its holiday advertising push http://t.co/QlArpUaT,NEUTRAL
#microsoft says #android is too complex.  Interesting - from a user angle contrast #windows with #macos for a comparison.http://goo.gl/Wu3Zm,NEUTRAL
#Intervate wins content management partner of the year 2011. #Microsoft #techedafrica,NEUTRAL
#Intervate wins the portals and collaboration partner of the year 2011 #Microsoft #techedafrica,NEUTRAL
#Microsoft's Steve Ballmer attacks #Android phones (Telegraph) - http://t.co/9wbIy1Er,NEUTRAL
RT @marcfletcher: #Intervate wins the portals and collaboration partner of the year 2011 #Microsoft #techedafrica,NEUTRAL
RT @InternetBH: Microsoft finalises Skype deal - IT Business - News & Features - http://t.co/F9b14RY3: http://t.co/275l0zay #skype #Micr ...,NEUTRAL
"RT @NeowinFeed: Microsoft CEO says company got ""lucky"" when Yahoo deal fell apart #microsoft #steveballmer http://t.co/l5uNInSW #neowin",NEUTRAL
Microsoft talks about the Start menu search in Windows 8 http://t.co/P8Go0gkS #microsoft #search #start #windows8,NEUTRAL
"Microsoft CEO says company got ""lucky"" when Yahoo deal fell apart #microsoft #steveballmer http://t.co/l5uNInSW #neowin",NEUTRAL
RT @sanjeevgadre: #Ballmer says that #Microsoft dodged a bullet when it failed to acquire #Yahoo in 2008 | Wish 1 of my ex-employers was ...,NEUTRAL
#Ballmer says that #Microsoft dodged a bullet when it failed to acquire #Yahoo in 2008 | Wish 1 of my ex-employers was lucky like that 2,NEUTRAL
"Ballmer Feels Lucky Microsoft Didn't Buy Yahoo in 2008, http://t.co/mPZoilRs #microsoft",NEUTRAL
#HP VirtualSystem for #Microsoft is the latest solution from HP & Microsoft. http://t.co/w8IXiboT #hpci,NEUTRAL
#Microsoft employees reveal they’re working on next-generation #Xbox  http://t.co/XE7RL7a8,NEUTRAL
RT @ShawnWildermuth: OMFG: http://t.co/Rit4WJq3 #gates #ballmer #nightAtTheRoxbury #microsoft,NEUTRAL
@mdhughes I have the strangest feeling we've done this exact thing before. #arial #microsoft,NEUTRAL
"Microsoft #Cloud Services, ...federal government appears to have resulted in a decision favoring #Microsoft http://t.co/bz0uabpP",NEUTRAL
Any surface touch http://t.co/ymNtCIKG #Microsoft #Technology,NEUTRAL
#microsoft #3Q (or 1Q12) #conferencecall 10/20/11 http://t.co/zm9Dye63,NEUTRAL
Free Microsoft adCenter Credits http://t.co/OBUxExci #webhostingcoupon #adcenter #credits #free #microsoft,NEUTRAL
RT @SQLServer: #Microsoft made many announcements at #SQLPass Summit. Read the blog post for a recap: http://t.co/KSgglnDC #sqlserver #s ...,NEUTRAL
#Microsoft excludes tablets from its holiday advertising #push: Fresh details of Microsoft’s… http://t.co/SXFPd9Xj,NEUTRAL
Hm... Can't decide if I should like it or not... #Microsoft #OmniTouch  http://t.co/k074N0z2,NEUTRAL
Amazing that at #microsoft #TechEdAfrica everyone is running iOS phones !,NEUTRAL
RT @WesleyBackelant: Marketeer of the Year @ http://t.co/O07MOLI4 Please support @davidmerzel #microsoft,NEUTRAL
#Microsoft extends revenue guarantees to Yahoo: Yahoo disclosed today that Microsoft extended… http://t.co/NWLalDdd,NEUTRAL
Ballmer On Not Buying #Yahoo: “Sometimes You’re Lucky” http://t.co/7ButjnVO &gt; most interesting part = nascent #Microsoft cloud leadership,NEUTRAL
New Microsoft Security Essentials v2.1 Released with updated Antimalware Engine http://t.co/2etgYjEZ #Microsoft #SecurityEssentials #Windows,NEUTRAL
#MIcrosoft Launches Reseller RewardHub for Resllers http://t.co/scPUl9Yz,NEUTRAL
RT @Maven_Infosoft: #Patent Wars: #Google vs. #Samsung vs. #Apple vs. #Motorola vs. #Microsoft vs. #Oracle -  http://t.co/PjxURwrp,NEUTRAL
Cyclone II 1.0.2 http://t.co/n6LR23KJ #c++ #microsoft #music,NEUTRAL
"Zero-day exploits are low in number, but pose big threat, experts say: http://t.co/Tk7i6fw4 #Microsoft #ITsecurity",NEUTRAL
"Coursey, Forbes - Open Letter: *Steve Ballmer, Please Retire*; http://t.co/1uYbXD0Q #OpenLetter #SteveBallmer #Microsoft",NEUTRAL
#Patent Wars: #Google vs. #Samsung vs. #Apple vs. #Motorola vs. #Microsoft vs. #Oracle -  http://t.co/PjxURwrp,NEUTRAL
"#Microsoft #Cloud Microsoft - Capture the Cloud: ... through the Rookie, Veteran, and All-Star tiers provid... http://t.co/tnxYUxvA #TCN",NEUTRAL
#Microsoft Natural #Ergonomic #Keyboard 4000 Review http://t.co/blz7dtsy,NEUTRAL
@ParadoxicalMike yes... our is under lock and key... we are guarded by the mighty #Microsoft.... unlike #google with it's androids,NEUTRAL
"The way you can understand
all of the social media
is as the creation of
a new kind of public space.  #MICROSOFT",NEUTRAL
Should #Microsoft and #Google design their software for mobile devices with two screens?,NEUTRAL
RT @neon_ness: Yahoo Profit Drops 26 Per Cent! http://t.co/Jd3X8SGM #yahoo #microsoft,NEUTRAL
"Save ink by printing certain areas of your doc. Highlight the text, click Print, under Page Range tick ‘Selection’. #microsoft #word #office",NEUTRAL
"@bsteelooper: I vouched for you in #programmer, #microsoft engineer, and #ethical hacker on Connect.Me http://t.co/HIJqPBso",NEUTRAL
Microsoft adCenter Promo Code – Free $25 credit http://t.co/XwC7xvK8 #webhostingcoupon #adcenter #code #credit #free #microsoft #promo,NEUTRAL
Yahoo Profit Drops 26 Per Cent! http://t.co/7AdG1Hss #yahoo #microsoft,NEUTRAL
Yahoo Profit Drops 26 Per Cent! http://t.co/Jd3X8SGM #yahoo #microsoft,NEUTRAL
Testing Windows 8 Developer Preview #microsoft,NEUTRAL
U-Village store fits Microsoft consumer strategy http://t.co/OyGo65p1 #microsoft #Technology,NEUTRAL
Microsoft Announces Interactive TV For Children’s Games & Story Books #Xbox #Microsoft #family #fb http://t.co/BOCzCmbg,NEUTRAL
Microsoft CEO on not http://t.co/veCmSAHQ #Buying #Lucky #Microsoft,NEUTRAL
#Reviora can host #Microsoft #Dynamics #SL #MSDYNERP - http://t.co/WFoopX1Y,NEUTRAL
New post: Microsoft Windows 7 Home Premium http://t.co/FkruCQIs #Home #Microsoft #Premium,NEUTRAL
CEO Ballmer's (non)answer on whether Microsoft will build its own Windows Phone #Ballmer #Microsoft #fb http://t.co/9GuMpF8V,NEUTRAL
"Congrats to the 5 big #winners of the ""Get certified-Get happy"" #Sweepstakes!  EZ log-in&gt;Contests&gt;Winners:  http://t.co/396AtoHF #Microsoft",NEUTRAL
RT @HPC_Guru: LINQ to #HPC: #Microsoft closes in on delivering its own #Hadoop competitor http://t.co/rsRmJPob #dryad #BigData via @mary ...,NEUTRAL
"228MB for what is basically a glorified chat client.  Oh, Microsoft.  #lync #microsoft http://t.co/oktrAysu",NEUTRAL
"#Job #ICT System Engineer (m/w): planova human capital ag, Luzern http://t.co/2PJo4Dqr #Microsoft #IT",NEUTRAL
#Apple vs #Microsoft: Two Opposite Approaches to Building an OS http://t.co/ZAMoDZ9O #Windows8 #OSX #iOS5,NEUTRAL
RT @bcopher: Anyone know where I can get a free trial of #microsoft #frontpage for #mac?,NEUTRAL
#microsoft makes every surface a touch screen http://t.co/n2GC2gK4 #touch #gesture,NEUTRAL
"#Microsoft CEO Steve Ballmer on Not #Buying #Yahoo: “Sometimes, You’re Lucky” http://t.co/uyDNZ4r0 #mcommerce #business",NEUTRAL
RT @Pocketlint: Ballmer on Nokia: Really looking forward to bunch of new devices next week #nokia #microsoft #wp7 http://t.co/vOH8VM8A,NEUTRAL
"#Microsoft CEO Steve Ballmer on Not Buying #Yahoo: “Sometimes, You’re Lucky” http://t.co/RI8HUaLD #uncategorized",NEUTRAL
#Microsoft Office v. X for Mac [Old Version] Review: Computer Software Plus  Education Computer Software Sales http://t.co/4GdWlnNM,NEUTRAL
Night at the Roxbury with Gates and Ballmer  http://t.co/RSZAL40S #funny #video #gates #ballmer #microsoft,NEUTRAL
"Mashable! - Microsoft CEO Steve Ballmer on Not Buying Yahoo: “Sometimes, You’re ...  #yahoo #microsoft #ballmer http://t.co/tWIzjGBR",NEUTRAL
"Everything Can Be A Digital Surface Now, Courtesy Microsoft, Carnegie Mellon http://t.co/6S7pKbjI #microsoft #carnegiemellon",NEUTRAL
@ShawnWildermuth  #gates #ballmer #nightAtTheRoxbury #microsoft That is so wild!,NEUTRAL
Everything Can Be A Digital ... http://t.co/fG0wfyWl #microsoft #carnegiemellon,NEUTRAL
RT @GP_Jman852: Hello New Followers! Reminder: 1000 followers = a 4000 #Microsoft point #Giveaway! #Xbox360 #XBL #XBLA #MW3 #COD RETWEET!,NEUTRAL
"Ballmer mocks Android, promises a “bunch of new” Nokia Windows Phones next week [video] http://t.co/euPPhD1w #microsoft #windows",NEUTRAL
"#HPVirtualSystem for #Microsoft, latest from the $250 million I2A initiative #HPCI #cloudcomputing http://t.co/yx1R3WsX",NEUTRAL
#Microsoft shows 'touch screen' for any surface | Nanotech - The Circuits Blog - CNET News http://t.co/qwhoCf5T via @cnet,NEUTRAL
ZappTek iPDA v4.5.1 http://t.co/JBs0dUyq #ipad #microsoft #mp4,NEUTRAL
Saints Row: The Third and doughnuts for dinner http://t.co/tZm4fD4w #microsoft #pc,NEUTRAL
RT @slashdotjp: http://t.co/zK1dtFiS #マイクロソフト #microsoft Microsoft、Skype の買収を完了,NEUTRAL
#Noti #Bolivia :  #Microsoft lanza sitio oficial de #Skype http://t.co/V1WeJ6z6,NEUTRAL
#Noticias : #Microsoft lanza sitio oficial de #Skype http://t.co/v5fAsqId,NEUTRAL
#Microsoft lanza sitio oficial de #Skype http://t.co/arqlW58x desde #Bolivia,NEUTRAL
RT @BarbieGeek: #Wordperfect #Windows_95 #Microsoft Bill Gates llamado a declarar por un antiguo caso de monopolio contra Microsoft http ...,NEUTRAL
Fico impressionado como qualquer software #microsoft fode com meu #Mac,NEUTRAL
RT @codebit_org: Halo: Combat Evolved Anniversary #Microsoft explica cómo funcionarán el remake de #Halo y #Kinect http://t.co/moc3ofex,NEUTRAL
malisimo el intento de google maps de #microsoft,NEUTRAL
"http://t.co/h1IH7FN6 مايكروسوفت تقوم بتطوير تقنية تمكنك من استخدام يدك كهاتف

#Technology #Microsoft #NeW",NEUTRAL
Halo: Combat Evolved Anniversary #Microsoft explica cómo funcionarán el remake de #Halo y #Kinect http://t.co/moc3ofex,NEUTRAL
Los #DRM están construidos en el corazón de #Windows 7 » http://t.co/mBnHIHEk #microsoft #monopolio,NEUTRAL
#OmniTouch! me ha encantado #mobile #tactil #microsoft,NEUTRAL
"Сижу смотрю ""Живую сталь"", и тут внезапно... я вижу рекламу #microsoft http://t.co/vRfOSqtB",NEUTRAL
"@juanda95 Así como creen que las computadoras solo ""funcionan"" con #Microsoft #Windows » http://t.co/6JQOz2C0",NEUTRAL
Cracking the Code: Using QR Codes to Engage Your Customers on Their Smartphones #smb #smallbiz http://t.co/IL1u0v8v #microsoft,NEUTRAL
Prototipo #Microsoft que convierte cualquier superficie en táctil.. asombroso... http://t.co/MltAwZA0,NEUTRAL
"#Microsoft, war lang still um dich: Unified Extensible Firmware Interface #UEFI http://t.co/AdGfbm1V",NEUTRAL
Pelado con la tecnologia iria a pegarle una piña a #BillGates. Odio a #Microsoft.,NEUTRAL
Analistas preven un buen inicio de año fiscal para #Microsoft - ABC.es : http://t.co/f5StriT6,NEUTRAL
"rilasciata la CTP di Roslyn, l'API ""compiler as a service"" per C# e VB http://t.co/EfGDBBUW #microsoft #roslyn #ctp",NEUTRAL
Vous me demandiez comment obtenir une #certification #Virtualisation Serveur #Microsoft ? Si vous avez des questions - http://t.co/fC5LFiCL,NEUTRAL
Saints Row: The Third and doughnuts for dinner http://t.co/TYP67KqF #microsoft #pc #playstation #ps3,NEUTRAL
Equipo altamente #certificado por #Cisco y #Microsoft,NEUTRAL
"RT @e2na: مايكروسوفت غيرت العالم أكثر من أبل | عالم التقنية http://t.co/VXcV9cPQ
الإنصاف في هذا المقال جميل :)
#Microsoft #Apple",NEUTRAL
"""Il colpo di genio è stato iTunes non l'iPod in sé"". Quello che #Google e #Samsung non possono capire, tanto meno #Microsoft #sapevatelo",NEUTRAL
#microsoft inizia a creare un ponte tra il digitale e la fisica. Incredibile. http://t.co/9yZ1vU5f,NEUTRAL
"#Job #ICT IT-Supporter/-in 50%: Universität Zürich, Zürich http://t.co/IzFSsjgo #Microsoft #IT",NEUTRAL
Microsoft Security Essentialの定義ファイルがアップデートしました：1.115.131.0 &gt; http://t.co/8K7uMmFZ #Microsoft,NEUTRAL
"TypeBuilder be gone, Roslyn CTP is here! Creating types without TypeBuilder! http://t.co/cilZFP9B #Roslyn #Microsoft",NEUTRAL
#Microsoft: Una pantalla táctil al alcance de tu mano. http://t.co/kUAfBenM,NEUTRAL
Die #Apple Story heute Abend in #DOK auf #SF1 war ziemlich beeindruckend R.I.P. #Stevejobs - doch wo wäre Apple heute ohne #Microsoft ?,NEUTRAL
#sipcom supporting #arkadin at #ipexpo showing the advantages of #hosted #lync2010 for #enterprises #ucoms #MSFTnews #Microsoft #ucexpo #in,NEUTRAL
[HighTech] Microsoft PocketTouch - Multitouch Através de Tecido http://t.co/eLqI5VAB #touch #pockettouch #microsoft,NEUTRAL
#Skype devient officiellement une division de #Microsoft,NEUTRAL
#Microsoft Please check out or site and join please. http://t.co/dRR4oq1Z we need more ppl maybe u can help,NEUTRAL
"Qué poco me gusta el botón ""Me Gusta"" http://t.co/TDZ8z1uu #web #microsoft #tecnologia #web",NEUTRAL
"MAGIX ##Web Designer, edición visual de páginas Web http://t.co/ycafF43r #microsoft #tecnologia",NEUTRAL
"Dropbox, el servicio de almacenamiento en la nube, por las nubes http://t.co/QJ73xjlE #web #microsoft #tecnologia",NEUTRAL
RT @raZcacielo: #Bill_Gates llamado a declarar por un antiguo caso de monopolio contra #Microsoft http://t.co/DZ9ZqCgX,NEUTRAL
Ford edge! Muy bonito 38k pero el sync ke usa es #microsoft para los cells! usara windows update? #panama http://t.co/HEJ5W0YK,NEUTRAL
Bill Gates llamado a declarar por un antiguo caso de... http://t.co/JReEpHNr #Wordperfect #Windows_95 #Microsoft #Novell #Bill_Gates,NEUTRAL
Bill Gates llamado a declarar por un antiguo caso de... http://t.co/wFrUi1nN #Wordperfect #Windows_95 #Microsoft #Novell #Bill_Gates,NEUTRAL
#Wordperfect #Windows_95 #Microsoft Bill Gates llamado a declarar por un antiguo caso de monopolio contra Microsoft http://t.co/dyOyrkYD,NEUTRAL
#Bill_Gates llamado a declarar por un antiguo caso de monopolio contra #Microsoft http://t.co/DZ9ZqCgX,NEUTRAL
#Bill_Gates llamado a declarar por un antiguo caso de monopolio contra #Microsoft http://t.co/JVPtsfzz,NEUTRAL
Nu har #Microsoft öppnat #Mango-kranen helt! http://t.co/0ZbZlMwo via @windowsblog,NEUTRAL
"#Termine am 20. Oktober ++ #ADVA, #Nokia und #Microsoft öffnen ihre Bücher http://t.co/aoZoNUKf",NEUTRAL
@LorPan87 non per nulla l'ha comprato la #microsoft...,NEUTRAL
#Microsoft CEO Steve Ballmer  anatusi Android!!!! aiii http://t.co/vO9mf1g5,NEUTRAL
#Microsoft lanza sitio oficial de #Skype http://t.co/QVrWRIyd,NEUTRAL
#Microsoft lanza sitio oficial de #Skype http://t.co/DdKFEWQb visto en #Bolivia,NEUTRAL
#Microsoft lanza sitio oficial de #Skype http://t.co/zL951yca,NEUTRAL
Feliz por mi nombramiento #Microsoft Student Partner Nicaragua :D a trabajar por el desarrollo tecnológico de nuestra patria Nicaragua #fb,NEUTRAL
#Microsoft lanza sitio oficial de #Skype http://t.co/FZeM9Na4,NEUTRAL
#Microsoft lanza sitio oficial de #Skype http://t.co/sd1XqwSp,NEUTRAL
#Techno :  #Microsoft lanza sitio oficial de #Skype http://t.co/ynJoTWPI,NEUTRAL
#Tecnologias : #Microsoft lanza sitio oficial de #Skype http://t.co/5Xmgk7Ul,NEUTRAL
#Microsoft lanza sitio oficial de #Skype http://t.co/1WDCJldZ,NEUTRAL
#Microsoft lanza sitio oficial de #Skype http://t.co/SioUrqUi desde #Tegnologia,NEUTRAL
#Microsoft lanza sitio oficial de #Skype http://t.co/pl3kPDla,NEUTRAL
#Microsoft lanza sitio oficial de #Skype http://t.co/07OjctNj,NEUTRAL
#Microsoft lanza sitio oficial de #Skype http://t.co/Ra22ZJb7 desde #Tegnologia,NEUTRAL
#Tecnologias : #Microsoft lanza sitio oficial de #Skype http://t.co/3WNfMQNw,NEUTRAL
#Microsoft lanza sitio oficial de #Skype http://t.co/fWDALlIe,NEUTRAL
#Techno :  #Microsoft lanza sitio oficial de #Skype http://t.co/oQ2JbPS3,NEUTRAL
#Microsoft lanza sitio oficial de #Skype http://t.co/c3kGqpyR #JeryTecnologias #tecnología,NEUTRAL
RT @ShariPaul_Kofax: @tomcastiglia Great job today! Engaging presentations from @HersheyTech #Kofax and @Collabware  at the #Microsoft T ...,NEUTRAL
#Microsoft Infografía: 340 millones de PC usan un explorador obsoleto y están en riesgo http://t.co/0ScN623o ➨ @MicrosoftLatam,NEUTRAL
#TaskCentre XML Webservice Tool LinkedIn discussion. http://t.co/3GWw2CXU #SAPB1 #SalesLogix #Microsoft,NEUTRAL
Zou #microsoft vrij van rancune zijn? Hier de reactie op de populaire Androidtel. http://t.co/TeTN3ULl,NEUTRAL
@tomcastiglia Great job today! Engaging presentations from @HersheyTech #Kofax and @Collabware  at the #Microsoft Tech Center  in Irvine.,NEUTRAL
"#microsoft Steve Ballmer, CEO da Microsoft, critica usabilidade do Android http://t.co/OzC9ncs1 #windows #tecnologia",NEUTRAL
Weer een klant geholpen met een Microsoft Lync implementatie  voor 110 gebruikers #lync #ocs #microsoft,NEUTRAL
Lets play a game http://t.co/3qNIv3Nx #ie #microsoft #useragent #yourbrowsermatters @radiotux @webstandardat @heiseonline @ChrisZwitschert,NEUTRAL
"http://t.co/ONI0JX8B
#Appleagagné #Apple  versus #microsoft",NEUTRAL
"RT @packard_bell: #SteveBallmer, CEO de #Microsoft, dice que se necesita ser un cientifico para manejar #Android  http://t.co/W03j7hTA",NEUTRAL
Regístrate para asistir este 8 de noviembre al lanzamiento de #Microsoft Dynamics AX 2012 http://t.co/txHEoInE,NEUTRAL
"#SteveBallmer, CEO de #Microsoft, dice que se necesita ser un cientifico para manejar #Android  http://t.co/W03j7hTA",NEUTRAL
#Microsoft ¿Eres uno de los millones de usuarios en r#iesgo de sufrir un ataque de #malware de... http://t.co/eJkelj3l ➨ @MicrosoftLatam,NEUTRAL
Tem acompanhando o #MSPTechDay ?Então não perca no próx sáb 22/10 na sede da #Microsoft palestra sobre #WP7 Inscreva-se http://t.co/zNpyaD5F,NEUTRAL
RT @jtrezza: ¿Recuerdan que #Apple había comprado el dominio html5 .com? http://t.co/qb0pix09 pues ahora es de #Microsoft :O ¿Qué se tra ...,NEUTRAL
@slecluyse In iedere lesplaats komen er @bluescreens  #Microsoft,NEUTRAL
¿Recuerdan que #Apple había comprado el dominio html5 .com? http://t.co/qb0pix09 pues ahora es de #Microsoft :O ¿Qué se traen estos?,NEUTRAL
"RT @Brittjje: Morgen maak ik bekend wie een WindowsPhone7.5 krijgt, is ook de laatste dag dat je live mijn telefoon ziet detelefoonvanbr ...",NEUTRAL
@akirareiko ¿Viste que ya html5.com no es de #Apple sino de #Microsoft?,NEUTRAL
Ben ik de enige met serieuze bedenkingen? #Howest wordt proefschool (konijn) voor #Microsoft Office 365 http://t.co/s2GGPb0G,NEUTRAL
XBLA in Brief: Bejeweled 3 http://t.co/HLVuTyCa #bejeweled_3 #microsoft,NEUTRAL
RT @SociosMicrosoft: Director de #Microsoft admite que fue afortunado el escape de la compra de Yahoo! http://t.co/ZX3dLElI,NEUTRAL
#Microsoft adquiere #Skype por un monto $8500 millones - http://t.co/jZr2WTCE,NEUTRAL
RT @MichelEnLaRed: #linux / #ubuntu - #Windows / #microsoft » http://t.co/TteunwMj !!Que gran diferencia!! -/,NEUTRAL
realmente indispensável nos dias de hoje os serviços corporativos oferecidos pelo #SKYPE. #Fato #TI #Microsoft,NEUTRAL
Google adds default end-to-end encryption to search http://t.co/VdhjkydN via @regvulture. Ik zeg: goed bezig! Jammer dat #microsoft achter,NEUTRAL
#linux / #ubuntu - #Windows / #microsoft » http://t.co/TteunwMj !!Que gran diferencia!! -/,NEUTRAL
"Ich glaube, ich habe mich gut auf die Prüfung morgen vorbereitet. #Microsoft #MCITP #HyperV",NEUTRAL
@uniquegens я мечтаю однажды такое сказать про #Microsoft,NEUTRAL
"Warum steht bei @anked eigentlich ""ehemalige #Microsoft Managerin"" und nicht ""Zukünftige #Piraten Stadträtin""? #AnneWill",NEUTRAL
"Steve Ballmer, CEO van #Microsoft haalt uit naar #Android. Ach, hij moet toch wat, niemand koopt zijn #phone7... http://t.co/mPpEi6ul",NEUTRAL
"Vous rappelez vous l'époque du "" Gros Méchant #Microsoft ""? http://t.co/7bSGGCO0",NEUTRAL
Un pa$o más y @3devBC será el primer #Microsoft Partner Gold en Application Lifecycle Management #ALM del país :) #WIN,NEUTRAL
"#Microsoft Engineer (VM Ware), 19/10/2011, #Vacatures, #Carrière.
http://t.co/Jct2ahOe

 
Bedrijfsprofiel: Microsoft Engineer 
 
Microsoft",NEUTRAL
"#Tecnologia #Technology: La visión de #Microsoft Research sobre el control táctil de dispositivos
http://t.co/ZXwmaTxn",NEUTRAL
"Steve Ballmer haalt uit naar #Android: http://t.co/jZWofwYc
  #Microsoft haalt uit omdat zelf falen op mobiele markt?",NEUTRAL
#Home #Depot Gives #DIY Shoppers More Tools to Get the Job Done http://t.co/K4zeZSin #Distribution #VMI #homedepot #Microsoft #WindowsPhone,NEUTRAL
RT @DonChambitas: Busco más Desarrolladores C# con experiencia también en #Testing para proyecto en #Microsoft http://t.co/tNWl0OYu #net ...,NEUTRAL
RT @DonChambitas: Busco más Desarrolladores C# con experiencia también en #Testing para proyecto en #Microsoft http://t.co/IHKhqUQ8 #net ...,NEUTRAL
Busco más Desarrolladores C# con experiencia también en #Testing para proyecto en #Microsoft http://t.co/IHKhqUQ8 #net #RRHH #empleo,NEUTRAL
#yahoo #microsoft #Noticias Steve Ballmer da gracias al cielo porque Microsoft no compró Yahoo en 2008 http://t.co/j7hKabZB,NEUTRAL
Director de #Microsoft admite que fue afortunado el escape de la compra de Yahoo! http://t.co/ZX3dLElI,NEUTRAL
RT: RT @EvelineHorbach: Terug van evaluatie learning circles bij #microsoft onder bezielend leiderschap van… http://t.co/apo4UNhb,NEUTRAL
Quieres un buen antivirus para tu Compu? Aquí esta la solución: http://t.co/lNmMiWaZ Antivirus de #Microsoft,NEUTRAL
Temas más candentes de la semana pasada #BuzzworthyEnEspañol » http://t.co/Yn34NGed #Microsoft #BlackBerry #Skype #Starbucks,NEUTRAL
RT @kenbellezen: Vers 1e +grde accessibilité o dernier outil #IT. C la new orientation stratégique ke prend #Microsoft #Maroc http://t.c ...,NEUTRAL
RT @diegocambiaso: #Microsoft en el futuro: Kinect y su tecnología avanzada http://t.co/kjiGyuFr,NEUTRAL
"Microsoft - Hardware, XBOX Produkte, Spiele und Software http://t.co/qWaNQyCF Profitieren Sie von den zahlreichen Vorte #Hardware #Microsoft",NEUTRAL
"Vers 1e +grde accessibilité o dernier outil #IT. C la new orientation stratégique ke prend #Microsoft #Maroc http://t.co/C864evTj 
#twittoma",NEUTRAL
RT @JohanBlok: #Smartsite prijsmodel voor #Microsoft #Azure cloud afgerond. Volgende week eerste site live in the cloud?,NEUTRAL
"قال الرئيس التنفيذي لشركة #Microsoft ستيف بالمر اليوم في مؤتمر Web 2.0 ان اجهزة الأندرويد اجهزه ممله واضاف 
=
#Android_ar #Tech_ar",NEUTRAL
#Microsoft en el futuro: Kinect y su tecnología avanzada http://t.co/kjiGyuFr,NEUTRAL
"Bonsoir à toutes & Tous, voici le liien vers la rubrique #Microsoft du Paper d'aujourd'hui : Des Trucs Impressionnant : http://t.co/qHoFOxzD",NEUTRAL
"RT @marcoagnoli: Domani a #SMAU con #Microsoft si parla di HTML5, #Kinect SDK, #WebMatrix, Private #Cloud e ci sono i lab su #Azure, htt ...",NEUTRAL
"Ahora entiendo porque #microsoft te pide estar conectado a la luz con ServicePack, con lo que se tardan no hay batería que los aguante",NEUTRAL
RT @robertodesign: #SMAU Milano & #I9 domani un posto in prima fila!Vi aspetto 11:30 area sessioni tecniche #Microsoft stay tunef!,NEUTRAL
"#Microsoft åtnjuter ju, trots allt, fortfarande en liten gnutta respekt i branschen. Så varför är Steve Ballmer kvar?",NEUTRAL
RT @ZiOu333: Et Sony se fait encore pirater !! C'est la fête du slip chez eux. Faudrai peut-être acheter un pare-feu ?! #Sony Vive #Micr ...,NEUTRAL
http://t.co/sb8geEVB ağzına sıçmaya geliyoruz #apple ve #microsoft,NEUTRAL
"Necesito editar un archivo y no puedo, solución #Microsoft, no lo edites que estupides",NEUTRAL
"Steve Balmer a beau être complètement barge, il a parfois des discours qui font mouche. Ici, sur le #Cloud : http://t.co/AHM1vZUg #Microsoft",NEUTRAL
Conector de redes sociales de #Microsoft #Outlook  http://t.co/BPgPq45t,NEUTRAL
RT @ZekiBildirici: #pardus SecureBoot'a Karşı Duruyoruz!: http://t.co/Uiwn6fgQ #fsf #secureboot #linux #microsoft,NEUTRAL
RT @EvelineHorbach: Terug van evaluatie learning circles bij #microsoft onder bezielend leiderschap van @saskianijs. Veel geleerd van de ...,NEUTRAL
"@mcastanedac ya quítale esa mugrera de #Microsoft OS. Vamos a dejarla limpia y andando, aprovecha el nuevo #Ubuntu que jala hasta en cels :)",NEUTRAL
"@LucindaDouglas Ja mooi he Lucinda, dat doet #Microsoft goed. Blijk van #waardering en daarmee #verwachtingovertreffen",NEUTRAL
"En full capacitación de soportes en #Microsoft Advertising, muy entretenida!!!",NEUTRAL
#Microsoft entdeckt den Verbraucher | @TechFieber | Smart Tech News. Hot Gadgets. http://t.co/CrQ86Fvu,NEUTRAL
#ALG Iniciamos formación #Microsoft M-6292.  Éxitos a los participantes! El conocimiento crece cuando se comparte.  www.alg.net.ve,NEUTRAL
#ALG Culminando formación en #Microsoft M-2778 y en #IndicadoresDeGestión.  Gracias a nuestros clientes por su preferencia. www.alg.net.ve,NEUTRAL
"RT @RoodProjecten: Leuk, ik ontving net een mooi boeket bloemen thuis van #Microsoft, als dank voor mijn bijdrage en waardevolle input.  ...",NEUTRAL
"Leuk, ik ontving net een mooi boeket bloemen thuis van #Microsoft, als dank voor mijn bijdrage en waardevolle input. #CareToShareKnowledge",NEUTRAL
#Microsoft verlängert Umsatzgarantien für Suchpartner #Yahoo - ZDNet.de : http://t.co/H3dseq5h,NEUTRAL
"""@TwitGrap: #BREKEND: #Microsoft en #Linux nu beiden in de aanbieding! http://t.co/7sRtk4gy""",NEUTRAL
Une seconde démo pour Sonic Generations !: Bien que Sonic Generations ne soit plus très loin... http://t.co/to7a2Eih #Microsoft #Xbox360,NEUTRAL
"Этому багу в #Word уже более 8 лет! Как не стыдно, #Microsoft? http://t.co/hIgyYAvY",NEUTRAL
"@Brittjje Als je met deze foon ook de hyvesspelletjes kunt, wil ik wel een winnaar zijn. #brit #microsoft",NEUTRAL
RT“@JohanBlok: #Smartsite prijsmodel voor #Microsoft #Azure cloud afgerond. Volgende week eerste site live in the cloud?” #in,NEUTRAL
"Rādās,ka #Android ir gājis #Microsoft pēdās,veicot nelielu līkumu caur pakaļu.",NEUTRAL
"Morgen maak ik bekend wie een WindowsPhone7.5 krijgt, is ook de laatste dag dat je live mijn telefoon ziet detelefoonvanbritt.nl #MICROSOFT",NEUTRAL
"EIndelijk, #Google Ice Cream Sandwich. Goodbye #Microsoft and #Apple!",NEUTRAL
RT @pimpjuicewow: 2pi ou pèdi onè ak respè ou so ou pap janm jwn li ankor kelkeswa app ou genyen an #Mac #Android e #Microsoft c menm ja ...,NEUTRAL
RT @cmaneu: #stage #Toulouse #Microsoft #net #SuperBoîte #Win8 #geeks = http://t.co/kWfptH4P (Please RT ;),NEUTRAL
Terug van evaluatie learning circles bij #microsoft onder bezielend leiderschap van @saskianijs. Veel geleerd van deze co-creatie!,NEUTRAL
#Microsoft #OmniTouch: Convirtiendo cualquier superficie en una “pantalla táctil” http://t.co/7FvZ0IIq,NEUTRAL
2pi ou pèdi onè ak respè ou so ou pap janm jwn li ankor kelkeswa app ou genyen an #Mac #Android e #Microsoft c menm jan ak Vijinite'w #manzè,NEUTRAL
http://t.co/JVidt6U4 #Free #Software #Foundation (#FSF) #startet eine #Kampagne gegen die #Funktion #Windows8 #SecureBoot (#UEFI) #Microsoft,NEUTRAL
La visión de #Microsoft Research sobre el control táctil de dispositivos. http://t.co/zjlsx90P,NEUTRAL
#cuentaLaLeyenda que #microsoft llego a servir. Ah no! Eso nunca llego a ocurrir.,NEUTRAL
#Smartsite prijsmodel voor #Microsoft #Azure cloud afgerond. Volgende week eerste site live in the cloud?,NEUTRAL
"Domani a #SMAU con #Microsoft si parla di HTML5, #Kinect SDK, #WebMatrix, Private #Cloud e ci sono i lab su #Azure, http://t.co/Et5Lw9uF",NEUTRAL
#Microsoft expande su plataforma de datos con #SQLServer2012. Los clientes tendrás más flexibilidad y escalabilidad. http://t.co/kNRjOflf,NEUTRAL
Web 2.0 Summit: Ballmer habló sobre Windows Phone y sus competidores http://t.co/dCOh8vfp #eventos #microsoft,NEUTRAL
"RT @ihaberplus: Dijitalde 4 ödül Türkiye'nin!                                   #microsoft #bug #yahoo 
http://t.co/xwm15RVQ",NEUTRAL
"epic! #microsoft ich dachte echt, das kann doch nur fake sein! ^^ http://t.co/T4vXmNO7",NEUTRAL
RT @KbWorks: @gjdijkman gefelicteerd #microsoft #bizspark,NEUTRAL
"viss jau būtu baigi labi,taču #Microsoft Bing bar mūs kārtējo reizi ir apdalījis :(",NEUTRAL
"Licentie vraag over #VMware #citrix 
#Microsoft #TrendMicro #Symantec #quest #Oracle #mcafee #desktopvirtualisatie #AppSense 
Ea @DataplusNL",NEUTRAL
RT @martijnkoster: Zeer leerzame dag vandaag #redhat en #microsoft. Morgenvroeg naar #tallgrass voor de nieuwste technieken op glasvezel ...,NEUTRAL
Zeer leerzame dag vandaag #redhat en #microsoft. Morgenvroeg naar #tallgrass voor de nieuwste technieken op glasvezel gebied. #,NEUTRAL
RT @GrantThorntonNL: #grantthornton geeft gouden tips #verkoop #onderneming. Ook workshops #philips #nobel #rabobank #microsoft #port4gr ...,NEUTRAL
Excelente articulo! RT @teresitacc: Interesting read - How #Apple eclipsed #Microsoft http://t.co/RhNU1VaR via @guardian (cc: @elcheicon),NEUTRAL
RT @marcoagnoli: Belle le magliette che diamo a #SMAU in #Microsoft http://t.co/mU5iHlQi,NEUTRAL
According to a writer at @ExtremeTech #microsoft invented squared corners. Time for lawsuits! #moron,NEUTRAL
#SMAU Milano & #I9 domani un posto in prima fila!Vi aspetto 11:30 area sessioni tecniche #Microsoft stay tunef!,NEUTRAL
RT @Jadishmedia: La última campaña de Microsoft es una “sopa boba” que vende todo y nada a la vez http://t.co/xOmLCEgl #marketing #microsoft,NEUTRAL
#microsoft Microsoft cria sensor touchscreen através da roupa http://t.co/c4mop8OD #windows #tecnologia,NEUTRAL
"RT “@microsoftfrance: Cette année encore, #Microsoft remporte le prix du meilleur Service Client 2012 http://t.co/fMRd5g3s”",NEUTRAL
Ballmer- #Microsoft fue afortunado de no haber adquirido Yahoo en 2008 previo al colapso financiero de aquel momento http://t.co/9yDSNrbx,NEUTRAL
"(High-tech)- Demain sur LNT: ""#Microsoft s'implique dans le développement socioéconomique"" par @Joumany #twitoma #IT #blogoma",NEUTRAL
"RT @AslanMarine: Vous voulez la une de LNT ? La nouvelle tribune de demain 20/10/11: #intikhabates, #PJD, #PPS, #MoroccoMall , #Boeing , ...",NEUTRAL
La última campaña de Microsoft es una “sopa boba” que vende todo y nada a la vez http://t.co/xOmLCEgl #marketing #microsoft,NEUTRAL
#Microsoft :88%di noi utilizza servizi #cloud senza saperlo. Rivelata release di #WindowsPhone e aggiornamenti #Hotmail http://t.co/vgUbrZYN,NEUTRAL
: #Microsoft renovará el Administrador de Tareas en #Windows8 http://t.co/6UhMnWdG vía @tuexperto,NEUTRAL
"http://t.co/EMS9iU2E &lt;-- en je moet nog technischer zijn om Windows stabiel te krijgen, Pikkie Balmer! #microsoft #dommemensen",NEUTRAL
На сайте #microsoft по ссылке http://t.co/C0MlLa07  вместо Facebook написано Facewbook,NEUTRAL
#microsoft @diggita Microsoft - Bill Gates in tribunale: sotto accusa Windows 95 (isarenas) http://t.co/nXDd3dCZ,NEUTRAL
"Vous voulez la une de LNT ? La nouvelle tribune de demain 20/10/11: #intikhabates, #PJD, #PPS, #MoroccoMall , #Boeing , #Microsoft...",NEUTRAL
RT @codebit_org: #Microsoft convierte en táctil a cualquier superficie [ #VIDEO ] http://t.co/mKNOVBUS,NEUTRAL
#Microsoft convierte en táctil a cualquier superficie [ #VIDEO ] http://t.co/mKNOVBUS,NEUTRAL
Una porquería las páginas web hechas en .asp y pensar que muchas paginas del gobierno trabajan sobre esta tecnologia de #Microsoft,NEUTRAL
#Microsoft détaille la recherche au sein du Start Screen http://t.co/ZaElukM1,NEUTRAL
@joffrey c'est vrai que le message est pas très clair dans cette pub #Microsoft,NEUTRAL
"#Microsoft #Werk Citrix-Microsoft Specialist - NB-Den Bosch, Zoek je een technisch uitdagende, high profile, groeipo... http://t.co/TsGcOIHX",NEUTRAL
"#Microsoft #Werk Sharepoint specialist, Groningen - Het gaat om het verder uitbouwen van een portal en om SharePoint... http://t.co/Ytq1Kv5d",NEUTRAL
#Microsoft's #Ballmer touts #Bing; analysts still wary about its future - http://t.co/jvQWzHkd &lt;- siehe mein Blog dazu: http://t.co/pLwVE1Iy,NEUTRAL
Uff mucha expectación con el Plan Nacional :-): Qué prioridades tenemos como Pais? Plan Nacional: http://t.co/rumOPWl0 #microsoft,NEUTRAL
Nueva tecnología táctil emula funcionalidad del monitor #Microsoft #Kinect http://t.co/QUAK6947,NEUTRAL
Belle le magliette che diamo a #SMAU in #Microsoft http://t.co/mU5iHlQi,NEUTRAL
@webespacio: CEO de #Microsoft: somos afortunados de no haber comprado Yahoo http://t.co/KFyLbmpJ #noticias,NEUTRAL
"Bij #Microsoft zijn ze echt niet goed snik, ik was blij dat mijn mobiel gejat werd omdat er windows op zat..  #jaloezie http://t.co/fd0THHCv",NEUTRAL
"#Polska #Apple #Torrent #Mac
Free Download!!!
#Microsoft Office 2011 Mac PL

http://t.co/t2iC4z3F",NEUTRAL
#Microsoft ofrece un sistema de #codificación #MicrosoftTag http://t.co/jojh48Lg,NEUTRAL
RT @ricklennie: Un vistazo a Windows Server 8 http://t.co/BmcJLgDV #Microsoft,NEUTRAL
Un vistazo a Windows Server 8 http://t.co/BmcJLgDV #Microsoft,NEUTRAL
Un vistazo a Windows Server 8 http://t.co/Q0D7dJdN #Microsoft,NEUTRAL
Objetivo de las PC con #Windows de #Microsoft para estas vacaciones: “home honchos” y “media moderates” http://t.co/C1Nm8mHU,NEUTRAL
#Microsoft y Yahoo extienden su garantía de anuncios hasta el 2013 http://t.co/xAKls4gC,NEUTRAL
RT @dmolim: #Microsoft превратит любую поверхность в тачскрин http://t.co/vkXG7AZ5,NEUTRAL
RT @dmolim: #Microsoft расследует проблемы пропажи клавиатуры в #Windows #Phone #Mango http://t.co/1JqdUCjr,NEUTRAL
RT @CNNEE: #Skype ya es parte de #Microsoft http://t.co/f54UXNwi,NEUTRAL
RT @juank3946: Nueva #Consola #Xbox en curso: #LinkedIn http://t.co/VUzmZEzv #Microsoft #Xbox360 #Xbox720 #Twitter via @ZthaeDigital,NEUTRAL
Sogeti y #Microsoft crearán un centro de desarrollo de soluciones basadas en Azure: http://t.co/PHH2WmM1 via @AddThis,NEUTRAL
Hawaii Five.0 kijken. Ruim gesponsord door #microsoft 'I will upload this on skydrive' 'I just found that on #skydrive' #productplacement,NEUTRAL
Nueva #actualización de #Windows Intune http://t.co/2jPOvRpJ #microsoft #distribuciondeprogramasonline,NEUTRAL
#Microsoft convierte cualquier cosa en tactil! Mira el video! ... - http://t.co/SAeLwlBJ,NEUTRAL
Ha ha #rotfl #SteveBallmer haalt uit naar #android http://t.co/RQk2AnSM achterhoede gevecht v #microsoft,NEUTRAL
"Steve Ballmer: ""Android är komplicerat. WP7 är lätt"" http://t.co/6Kn1Ocgg #ios #microsoft #wp7",NEUTRAL
#Oferta #Empleo Product Manager de Soluciones #IT http://t.co/xfZicBqO #trabajo #marketing #microsoft,NEUTRAL
CES 2012 Keynotes erneut mit erstklassiger Besetzung (http://t.co/0R0ULAPk) #ces #Daimler #Microsoft,NEUTRAL
Tja steve als het te #moeilijk voor je wordt kun je maar beter stoppen #microsoft #fail #enjekomttelaatmetjetoestel http://t.co/0IBnA2aV,NEUTRAL
"Únase el Martes 8 de Noviembre, a las 11:00 am EST al evento de lanzamiento de #Microsoft #Dynamics #AX2012 para latinoamérica",NEUTRAL
No pierdan la oportunidad de registrarse al evento gratuito de Lanzamiento de #Microsoft #Dynamics #AX2012 regístrese: http://t.co/G2SNZEvE,NEUTRAL
#Microsoft lanza #OmniTouch - http://t.co/UkxNzpyQ,NEUTRAL
@diegofrancesco Grazie Diego! Contattaci pure quando vuoi per qualsiasi informazione sul mondo #Microsoft.  ^AC,NEUTRAL
RT @SociosMicrosoft: #Microsoft anuncia nuevos títulos de “juegos educativos” http://t.co/etbab2UJ,NEUTRAL
Alguien puede explicarme si #Android tiene un rayo de esperanza con algun otro smartphone o tablet frente a #Microsoft,NEUTRAL
#Microsoft anuncia nuevos títulos de “juegos educativos” http://t.co/etbab2UJ,NEUTRAL
#Facebook facts: algunos de lis primeros usuarios corporativos incluía a #Microsoft y #Mac.,NEUTRAL
RT @Institut2F: RT @newsgrape_de: 3 Tricks für mehr Kontrolle über #Microsoft #Windows 7 -http://j.mp/mSOETz #hack,NEUTRAL
Kat in het nauw #Microsoft #WindowsPhone :  flink afgeven op  je concurrent #Android  http://t.co/tcDtTnIu,NEUTRAL
Mi sueño dorado es que #Microsoft se vea envuelto en un quiebre absoluto en sus productos y servicios,NEUTRAL
"#Microsoft fulminate de este planeta!, como puede hacer eso a Android y a todos los desarrolladores y usuarios?",NEUTRAL
"RT @windowsespana: Lo último y lo mejor de Windows 7, todo en un único lugar. http://t.co/RqnhMFaA #windows7 #microsoft",NEUTRAL
"Lo último y lo mejor de Windows 7, todo en un único lugar. http://t.co/RqnhMFaA #windows7 #microsoft",NEUTRAL
#Microsoft #Research y la Universidad #Carnegie #Mellon desarrollan  #OmniTouch basado en #Kinect http://t.co/y2QzUjM7 #fb,NEUTRAL
"Directivos de #Google, #Microsoft o #IBM reflexionarán sobre cómo vender más utilizando las nuevas tecnologías http://t.co/5ogXhe52",NEUTRAL
Wyszukuj jak Anja Rubik (albo Colin Farrell) z #Microsoft http://t.co/1KHSfK8k,NEUTRAL
RT @newsgrape_de: 3 Tricks für mehr Kontrolle über #Microsoft #Windows 7 -http://j.mp/mSOETz #hack,NEUTRAL
Google резко раскритиковала дизайн Microsoft и Apple http://t.co/jUi4nYzG #google #microsoft #apple,NEUTRAL
RT @EurekaStartups Un teclado táctil sobre cualquier superficie &gt; http://t.co/EakkXn0O #Microsoft #Tecnología,NEUTRAL
3 Tricks für mehr Kontrolle über #Microsoft #Windows 7 -http://j.mp/mSOETz #hack,NEUTRAL
Spotify lanza aplicación para BlackBerry http://t.co/Sgsy2bw0 #web #microsoft #tecnologia #web,NEUTRAL
"Démo, création d'un cluster par @GaelDuhamel #VAD #Microsoft #VisualStudio #DataMining http://t.co/M5eqlqUA",NEUTRAL
"RT @Startpack_ru: Ребята из #Microsoft рассказывают разработчикам #Стартпак, как можно интегрироваться с #SystemCenter через веб-сервисы ...",NEUTRAL
#microsoft Grupo Confidence troca software livre por plataforma Microsoft http://t.co/DqCG83WJ #windows #tecnologia,NEUTRAL
Mi piace! Su Twitter è presente il servizio clienti di #Microsoft ! @MicrosoftAiuta,NEUTRAL
"Ребята из #Microsoft рассказывают разработчикам #Стартпак, как можно интегрироваться с #SystemCenter через веб-сервисы. http://t.co/ZwDHUK2W",NEUTRAL
RT @IEMPO: En el Curso BMT en #microsoft #mexico ... Para trabajar el modelo de negocios de @Axentit en la Nube,NEUTRAL
En el Curso BMT en #microsoft #mexico ... Para trabajar el modelo de negocios de @Axentit en la Nube,NEUTRAL
"Ooh for fuck's sake!! RT @gernijkamp Ah, Steve Ballmer..! Altijd goed voor een fijn lachmomentje: htl.li/72ad7 #microsoft #iphone",NEUTRAL
Hoe is het zover kunnen komen: #microsoft stuurt mij nieuwsbrieven waar outlook van vastloopt ^o) #newsletters,NEUTRAL
"#Polska #Apple #Torrent #Mac


Free Download!!!

#Microsoft Office 2011 Mac PL

http://t.co/t2iC4z3F",NEUTRAL
"booooa tarde, sai da aula da #microsoft e agora to aqui na @Escola_Saga ; D",NEUTRAL
"Microsoft Technology Summit 2011: Rusza druga edycja programu „Twoja firma, Twoja szansa na sukces”: ... http://t.co/8veo83D9 #microsoft",NEUTRAL
http://t.co/7xjMqMv8 Dat het een lompe boer is : Dat wisten we al. Dat ie het echt niet snapt weten we nu ook. #fail #balmer #microsoft,NEUTRAL
RT @JoelCardozo: #Microsoft en el futuro: #Kinect y su tecnología avanzada http://t.co/JOVFeZRl,NEUTRAL
RT @ZonaBinaria: #Nokia mostrará varios teléfonos con Windows Phone la semana que viene http://t.co/qsLf5isx #noticias #microsoft,NEUTRAL
"#Polska #Apple #Torrent #Mac

Free Download!!!

#Microsoft Office 2011 Mac PL

http://t.co/t2iC4z3F",NEUTRAL
#Microsoft #Werk Senior IT Infrastructure Specialist Microsoft / Senior Systeembeheerder regio Amsterdam http://t.co/1erIcOhS,NEUTRAL
#Facebook prepara una aplicación para controlar el consumo de energía http://t.co/ritcdsD2 #Google y #Microsoft dejaron proyectos similares.,NEUTRAL
"Un nouvel accord signé entre Quanta Computer et #Microsoft
 http://t.co/BHFJAtaT",NEUTRAL
"RT @GroenewegBV: Steve Ballmer haalt uit naar #Android http://t.co/LlIxBzeV #nuandroid Dan ben ik ook een nerd, ja daaaaag, slecht zeg v ...",NEUTRAL
"nette Führung durch die neuen Microsoft Österreich Büros gehabt; Danke an Cornelia König #dasneuearbeiten, #microsoft",NEUTRAL
"Steve Ballmer haalt uit naar #Android http://t.co/LlIxBzeV #nuandroid Dan ben ik ook een nerd, ja daaaaag, slecht zeg van #microsoft",NEUTRAL
Steve (#Microsoft) haalt uit naar #Android http://t.co/nqMvktse,NEUTRAL
"http://t.co/Ir6Ld23I ""Microsoft-Chef Ballmer lästert über Android"" #microsoft #yumad #derstandard",NEUTRAL
RT @alligatore: #microsoft intervista #vivido sul #cloud http://t.co/ky65puA2,NEUTRAL
"RT @zvitaly: Антивирус #Microsoft Security Essentials удаляет из системы браузер #Google #Chrome, считая его трояном PWS Win32/Zbot: htt ...",NEUTRAL
"Cachando que @markrussinovich, aparte de ser un maestro #geek, también escribe novelas http://t.co/OcTuUYlo #microsoft",NEUTRAL
"Ah, Steve Ballmer..! Altijd goed voor een fijn lachmomentje: http://t.co/zD14Sy6e #microsoft #iphone #mango #android #ios #apple #google",NEUTRAL
Grattis #microsoft ! Jag måste alltså ta bort Helvetica om jag ska köra IE9 och/eller Outlook?,NEUTRAL
Steve Ballmer (CEO #Microsoft) heeft flink uitgehaald naar besturingssysteem #Android van #Google. Het zou te ingewikkeld en te vrij zijn,NEUTRAL
Microsoft: “Şanslıyız ki Yahoo’yu satın almadık” - Bilgi Çağı http://t.co/0gAQ1FpQ aracılığıyla @bilgicagi #Microsoft #SteveBallmer #Yahoo,NEUTRAL
RT @lyonpat25: @iguanahosting ganamos Socios Hoster del año en Enlance 2012! Ganando Juntos! #Microsoft Felicitaciones :),NEUTRAL
#Microsoft превратит любую поверхность в тачскрин http://t.co/vkXG7AZ5,NEUTRAL
"Spot-Premiere: Microsoft feiert die Produktfamilie / Erste Arbeit von Crispin, Porter & Bogusky: Micr... http://t.co/KKUAWLc7 #microsoft",NEUTRAL
Microsoft Security Essentialの定義ファイルがアップデートしました：1.115.102.0 &gt; http://t.co/QuqPibic #Microsoft,NEUTRAL
Dr. Ogalinski - El Proyecto #OmniTouch de #Microsoft: todo el mundo es un touchscreen http://t.co/qzt26Gj8,NEUTRAL
"videohovory na facebooku jsou skvělé. #Microsoft by mohl integrovat tuto funkci do další aktualizace #windowsphone, pak to bude geniální",NEUTRAL
estoy agradecido con #Dios y con #Microsoft por la oportunidad que me han dado de ser parte del grupo selecto de los #msp! Gracias Señor!!!!,NEUTRAL
"Una video intervista con la #Microsoft per ""il protagonista dell'innovazione sei tu"" :-) http://t.co/hIgNHuTR",NEUTRAL
Vos mises à jour ne s'installent pas! Posez vos questions sur #Microsoft Windows Update sur le site de support ici: http://t.co/tazYoDb8 ^IT,NEUTRAL
"RT @mhumpolec: Povidani s #Microsoft o #Azure. V Evrope uz je data centrum i v Amsterodamu, chysta se v Nemecku a Rusku. V kazdem pres 2 ...",NEUTRAL
#Microsoft desarrolla una pantalla táctil proyectada sobre cualquier superficie http://t.co/3IrWp4ct vía @iHerreros,NEUTRAL
Blog Kroker's Look @ IT: Der #Apple-Schock im PC-Markt - mit unerwartetem Potenzial für #Microsoft --&gt; http://t.co/29vCUgQz,NEUTRAL
"OmniTouch, el nuevo invento de #Microsoft permitirá usar un teclado en cualquier superficie.  http://t.co/Rf9moB8q",NEUTRAL
#Tecnología #Bill_Gates testificará en el #juicio por #monopolio entre #Microsoft y #Novell http://t.co/o1WGjYTO ➨ @theINQ,NEUTRAL
Steve Ballmer deelt flinke sneer uit naar Android. #beginvaneenstijd? #microsoft #ballmer #android http://t.co/Q3aVgQhn,NEUTRAL
"http://t.co/Qewndku6  #Nokia workers ask,is CEO Stephen Elop a #Microsoft mole??",NEUTRAL
Natuuuuuuurlijk vraagt een #microsoft product om tig onnodige handmatig handelingen #fail - http://t.co/ijnZkFVJ,NEUTRAL
"Minori investimenti e maggiore efficienza con le Soluzioni #Cloud #Microsoft - Brescia, 9 novembre --&gt; http://t.co/6gq6frlk",NEUTRAL
"RT @MicrosoftAiuta: #Microsoft vi aspetta a #SMAU dal 19 al 21 ottobre http://t.co/lDhDVeWx, venite a trovarci! Siamo al Pad. 4 Stand A23",NEUTRAL
"RT @microsoftfrance: Cette année encore, #Microsoft remporte le prix du meilleur Service Client 2012 http://t.co/vWHpxkVP",NEUTRAL
"Cette année encore, #Microsoft remporte le prix du meilleur Service Client 2012 http://t.co/vWHpxkVP",NEUTRAL
"Schaue mir #WMI #Performance Counters auf #Deutsch an, und kriege #Schmerzen… ICH WILL #SCHMERZENSGELD VON #MICROSOFT!!! #fail",NEUTRAL
#Job #ICT Verkaufspezialist von Infrastrukturlösungen an Geschäftskunden (w/m): Microsoft Schweiz... http://t.co/admV6cNg #Microsoft #IT,NEUTRAL
ESTUDIO: #Microsoft vende más pese a alto precio http://t.co/FnFP1JWU,NEUTRAL
"Two Extremes of Touch Interaction - 	
#Microsoft Research http://t.co/nqM3qF7p // #OmniTouch 可攜式多點觸控系統",NEUTRAL
#microsoft intervista #vivido sul #cloud http://t.co/ky65puA2,NEUTRAL
@iguanahosting ganamos Socios Hoster del año en Enlance 2012! Ganando Juntos! #Microsoft Felicitaciones :),NEUTRAL
#OmniTouch von #Microsoft verwandelt beliebige Flächen in Touchscreens,NEUTRAL
"סטיב באלמר מבטיח לנו ""כמה"" מכשירי חלונות פון בשבוע הבא http://t.co/GHBZfbX3‏ ‏ #Nokia ‎#microsoft #windowsphone",NEUTRAL
Steve Ballmer haalt uit naar #Android http://t.co/Zzp06KpZ Ironisch als je bedenkt dat #Microsoft goed aan Android verdient...,NEUTRAL
Programa de Estágio Microsoft - Inscrava-se ou Indique para um amigo: http://t.co/r1aVtYOf #estágio #Microsoft,NEUTRAL
"#Microsoft, Geleceğin Teknolojisini Araştırıyor! http://t.co/J45Gm98h #haberleryorumlar #arayüz #kamera",NEUTRAL
#Reflex Online is nu ook beschikbaar op #Microsoft Marketplace. Meer hierover op ons blog: http://t.co/OZkelPhS,NEUTRAL
RT @NielsMoelard: En daar gaan we weer: *pakt vergrootglas erbij* zoeken naar die leuke nieuwe collega! http://t.co/jy7fBeID #vacature # ...,NEUTRAL
#Microsoft  hat den Prototyp ihres OmniTouch vorgestellt. Dieser macht fast jede Oberfläche zum Touchscreen. http://t.co/5370kR8v,NEUTRAL
RT @wissekomm: #Veeam Software presenteert nworks Management Pack 5.7 voor #Microsoft System Center http://t.co/Xm9fvcPd,NEUTRAL
En daar gaan we weer: *pakt vergrootglas erbij* zoeken naar die leuke nieuwe collega! http://t.co/jy7fBeID #vacature #microsoft,NEUTRAL
¿Piensas lanzar tu propio emprendimiento? #Microsoft te acerca los mejores recursos tecnológicos. http://t.co/EBswmyUi #SoloPensamosenTI,NEUTRAL
Nuove #funzioni e qualche «aggiustamento»: #Microsoft rilancia su Hotmail: Microsoft continua… http://t.co/JafjT8UB,NEUTRAL
#Microsoft Research cumple 20 años. Una historia de importantes innovaciones tecnológicas. ¡Vamos por más! http://t.co/NWSTmMgC,NEUTRAL
"В #Microsoft придумали, как превратить любую поверхность в сенсорный экран http://t.co/fBROz6Mf",NEUTRAL
RT @StevenBouquet: BREKEND: #Microsoft en #Linux nu beiden in de aanbieding!  http://t.co/oyeqR80p,NEUTRAL
RT @IMPULSONEGOCIOS: #Microsoft convierte en táctil a cualquier superficie [VIDEO] http://t.co/RsXmVUxL,NEUTRAL
Estou com tanta dó do windows phone... CHUPA ESSA #microsoft http://t.co/jkGFN9rr trem lindo de deus!!!! android 4.0,NEUTRAL
Ahaaa! Ich hab mein Problemkind gefunden: KB2553065 ist der Übeltäter. #microsoft #office #update,NEUTRAL
"#Microsoft - Lanzara nueva tecnologia #Omnitouch que usa #Kinect: Si la tendencia son las pantallas touch o ""Mul... http://t.co/A4aSHlF6",NEUTRAL
#Microsoft convierte en táctil a cualquier superficie [VIDEO] http://t.co/RsXmVUxL,NEUTRAL
BREKEND: #Microsoft en #Linux nu beiden in de aanbieding!  http://t.co/oyeqR80p,NEUTRAL
"Hört einen #Vortrag von Leslie Lampert, einem #Microsoft Guru",NEUTRAL
Microsoft CIO Leadership Circle ganz im Zeichen des neuen Arbeitens: Wien (pts021/19.10.2011/15:05) -... http://t.co/n5HN2jJp #microsoft,NEUTRAL
"@dryab Да, потому что только наш рынок любит #Microsoft ))",NEUTRAL
http://t.co/VgMYdlDS found article on  Heise.de  #Microsoft kündigt #offiziellen SQL Server Treiber für Linux #an,NEUTRAL
Wauw.. Enorm inspirerende dag gehad op het #Microsoft kantoor over #socialmedia en #erp. Dank aan @JudithEva!,NEUTRAL
MS社の「そろそろXPやめて」にネット住民「は？」 http://t.co/YGmidiiw #Microsoft #WindowsXP,NEUTRAL
Nuevo #Microsoft #PocketTouch (para usar el telefono sin sacarlo del bolsillo)  http://t.co/0LdAVDnj,NEUTRAL
"#Microsoft'un desteklediği #OmniTouch Projector, tüm yüzeyleri dokunmatik ekrana dönüştürüyor http://t.co/9yt5Y9Ab aracılığıyla @geekosystem",NEUTRAL
"Zie ik net dat ik volgende week samen met twitterloze Karsten naar een #prospect in #Ridderkerk ga om te praten over, #Microsoft #licenties.",NEUTRAL
obrigado #cpfl obrigado #microsoft obrigado #totvs #hellonearth,NEUTRAL
5 meses con una #Xbox y ya me ha corrompido el perfil 6 veces. Así como va a cambiar mi impresión de #Microsoft?,NEUTRAL
"Casa de herrero, cuchillo de palo!!!  http://t.co/xxtfy71a #DCE2005 #Microsoft &lt;= Como NO manejar errores!!! Link: http://t.co/89Cr2txm",NEUTRAL
"7 minutes to go!!
http://t.co/VqueOskE #ebaymobile
#ebay #office #mac #apple #microsoft #office",NEUTRAL
"#dmo #it #cloud #Cloud_Computing #Google #Microsoft Ballmer, è il software as a service la vera sfida del momento:... http://t.co/vZICdHFW",NEUTRAL
RT @AvanadeSpain: RT @MuyCanal: MuyCanal: Avanade y Ferranti Computer ofrecen un #ERP basado en #Microsoft Dynamics  http://t.co/Maghjzc ...,NEUTRAL
IT-Concern enige #Microsoft dienstverlener in Gorinchem met 1 Gold & 3 Silver statussen #pinpoint  http://t.co/rIPJRmZS. Dat zegt genoeg!,NEUTRAL
IT-Concern enige #Microsoft dienstverlener in Gorinchem met 1 Gold & 3 Silver statussen #pinpoint  http://t.co/ugzVJmmr. Dat zegt genoeg!,NEUTRAL
Kinect Sports 2 : Nos premières impressions http://t.co/lFXtQIVR #kinect #microsoft,NEUTRAL
#Microsoft расследует проблемы пропажи клавиатуры в #Windows #Phone #Mango http://t.co/1JqdUCjr,NEUTRAL
Estava ali na #MICROSOFT tomando um cafezinho :D,NEUTRAL
"RT @WindowsFrance: Avec OmniTouch, faites de n'importe quelle surface un écran tactile http://t.co/kBP15kTt #Microsoft #OmniTouch",NEUTRAL
No sé que sería de mi sin Skype RT @GrupoTrevenque: #Skype ya es oficialmente parte de #Microsoft ¿Utilizas es… (cont) http://t.co/nhJxMcfJ,NEUTRAL
Wow!RT @fmlopez48 #Microsoft trabaja en tecnología con la que cualquier superficie podrá ser usada como pantalla táctil http://t.co/1qbeGAI5,NEUTRAL
"! RT @AlbertLorente: En España, se pasa más tiempo en sites de #Microsoft que en #Facebook y en sites de #Google... http://t.co/cjNWU8rv",NEUTRAL
"Avec OmniTouch, faites de n'importe quelle surface un écran tactile http://t.co/kBP15kTt #Microsoft #OmniTouch",NEUTRAL
@renatomb estou me sentindo na #Microsoft - fazendo as escolhas por mim...,NEUTRAL
RT @profissionaisti: http://t.co/1ioM4Fqs O que realmente pode mudar com o Windows 8 #windows8 #microsoft,NEUTRAL
ff Account aan Microsoft Outlook toevoegen #microsoft,NEUTRAL
Betere #presentatie geven? Kijk eens naar de #microsoft #powerpoint #cursussen en #trainingen: http://t.co/fxbrysGk #cursusvoor,NEUTRAL
http://t.co/1ioM4Fqs O que realmente pode mudar com o Windows 8 #windows8 #microsoft,NEUTRAL
RT @olafiolio: Hallelujah! RT @sammydekeijne Voor links van Martin #Microsoft zijn QR codes dan weer wel handig..in een publiek zoals di ...,NEUTRAL
Op weg 020 meeting #microsoft. Ben benieuwd naar stavaza MD traject people managers. Morgen vlieg ik USA voor reünie Class '86!!,NEUTRAL
Hallelujah! RT @sammydekeijne Voor links van Martin #Microsoft zijn QR codes dan weer wel handig..in een publiek zoals dit althans :) #AUGNL,NEUTRAL
Voor die links van Martin #Microsoft zijn QR codes dan weer wel handig.. in een publiek zoals dit althans :) #AUGNL,NEUTRAL
RT @MuyCanal: MuyCanal: Avanade y Ferranti Computer ofrecen un #ERP basado en #Microsoft Dynamics  http://t.co/MaghjzcS @msdynamicsspain #ax,NEUTRAL
"#microsoft tablet ziet erg goed uit, wel 3 jaar te laat #adobeusergroup",NEUTRAL
#OmniTouch - ekran dotykowy na dłoni od #Microsoft. Czytaj więcej @PGSTech http://t.co/Ec6mzWiz,NEUTRAL
"#Apple, #Google, #Microsoft. Um was streiten wir eigentlich? Wer der bessere #Abhördienst ist? Oder was?",NEUTRAL
RT @zonaredcom: #Microsoft tiene un proyecto secreto para Kinect con las películas de #Pixar como protagonistas: http://t.co/0HhcjEgF,NEUTRAL
RT @inkiworld: Zo leuk om te zien dat #Microsoft #Apple dingen na maakt en er vernieuwend in denkt te zijn :P #AUGNL,NEUTRAL
Zo leuk om te zien dat #Microsoft #Apple dingen na maakt en er vernieuwend in denkt te zijn :P #AUGNL,NEUTRAL
Microsoft verlängert Umsatzgarantien für Suchpartner Yahoo: Yahoos Interims-CEO Tim Morse zufolge sol... http://t.co/Kcetw7RT #microsoft,NEUTRAL
"Microsoft-CEO verspricht schöne Windows-Phone-Geräte: Apple sei erfolgreich, weil schöne Smartphones ... http://t.co/I26cnxh8 #microsoft",NEUTRAL
@Bob_Om ey bwana! what is? hehehe! Happy birthday my broda enjoy najua mostlikely umelink na manerds @dennisbett @Mwashinsky #Microsoft,NEUTRAL
"E dai uma empresa va me contratar pra ser modelo, e eu serie socio da #Microsoft ou da #Appel",NEUTRAL
"RT @remcovandenhout: Meest comfortabele Touch area voor tablets, volgens onderzoek #Microsoft #augnl 2thumbsUp http://t.co/yPeRGaf1",NEUTRAL
"RT @remcovandenhout: Meest comfortabele Touch area voor tablets, volgens onderzoek #Microsoft #augnl 2thumbsUp http://t.co/ChwcvZLE",NEUTRAL
"Meest comfortabele Touch area voor tablets, volgens onderzoek #Microsoft #augnl 2thumbsUp http://t.co/ChwcvZLE",NEUTRAL
Nice. Duim navigatie voor de tablet apps :) #augnl #microsoft,NEUTRAL
#Microsoft en el futuro: #Kinect y su tecnología avanzada http://t.co/JOVFeZRl,NEUTRAL
"#Microsoft y el nuevo #Omnitouch, convierte cualquier superficie en pantalla tactil, http://t.co/TkgcW6y8",NEUTRAL
"@jordanomazzoni E pretendo em breve me certificar nas soluções de virtualização #Microsoft também, #HyperV gera muitas oportuniodades.",NEUTRAL
Mooie mogelijkheden met #Microsoft Surface. Volgende stap: concept naar consument? http://t.co/qnqj5Ho0,NEUTRAL
"Tomorrow a #IPv6 presentatie #NLUUG, #Microsoft dedication to #IPv6",NEUTRAL
[News] Touchscreen auf allen Oberflächen... http://t.co/gpT4pTr0 #touchscreen #microsoft #omnitouch,NEUTRAL
Nueva tecnología convierte cualquier superficie en una pantalla multitactil. http://t.co/EDibLL5V #Microsoft #omnitouch,NEUTRAL
#Avanade staat op 16 in de top 100 financieel krachtigste IT bedrijven! Boven moederbedrijven #Microsoft en #Accenture! http://t.co/z5k7qgux,NEUTRAL
Christina Hendricks et Sean Faris dans NFS: C'est aujourd'hui qu'Electronic Arts a annoncé q... http://t.co/1wh2g6Kd #Microsoft #Xbox360,NEUTRAL
Bij #augnl #touchme #microsoft http://t.co/MA84ARZF,NEUTRAL
ultiem zwaktebod: concurrentie hekelen om je eigen product te pushen. Ballmer: Android is te complex http://t.co/xq0tRp44 #microsoft #fud,NEUTRAL
Vanmiddag woon ik een #ETTU evenement over zaakgericht werken met #SharePoint2010 bij #microsoft op #schiphol bij,NEUTRAL
"Microsoft entwickelt Sensor für Arbeitskleidung: Es geht nicht etwa um den Grad der Verschmutzung, so... http://t.co/rzTZ9G1P #microsoft",NEUTRAL
Microsoft startet globale Dachkampagne für Consumer-Produkte: Ende des Monats feiert Microsoft eine M... http://t.co/qMX8opY0 #microsoft,NEUTRAL
"RT @SPIEGELONLINE: Wie ist es #Apple gelungen, seinen größten Rivalen #Microsoft endgültig abzuhängen? Der @guardian erklärt's http://t. ...",NEUTRAL
RT @pimentacom: #CPqD e #Microsoft testam opção para banda larga. Leia matéria que foi destaque no Brasil Econômico: http://t.co/wImxVTlB,NEUTRAL
"Two more hours for SALE!!

http://t.co/VqueOskE #ebaymobile #ebay #sale #mac #office #microsoft #apple #2011 #original #new",NEUTRAL
"#Microsoft vi aspetta a #SMAU dal 19 al 21 ottobre http://t.co/lDhDVeWx, venite a trovarci! Siamo al Pad. 4 Stand A23",NEUTRAL
#Apple es la firma tecnológica más valorada por delante de #Microsoft e #IBM http://t.co/7866c2bL #tecnify,NEUTRAL
Que raroooo en #microsoft les funciona todo menos el departamento de bajas... Que casualidad!! Veremos mañana,NEUTRAL
Estoy flipando con #microsoft y #xbox no me dejan quitar mi tarjeta de credito para cobrarme la suscripcion gold!!! Maldito gates!!,NEUTRAL
Un teclado táctil sobre cualquier superficie · http://t.co/596vTdrm http://t.co/zhyeGWaZ #Microsoft #Tecnologia,NEUTRAL
"Wie ist es #Apple gelungen, seinen größten Rivalen #Microsoft endgültig abzuhängen? Der @guardian erklärt's http://t.co/yE6lT3Bo (CvD)",NEUTRAL
#Microsoft se réjouit d’avoir loupé le rachat de #Yahoo!,NEUTRAL
"Ballmer: ""Necesitas ser un científico para manejar Android"" http://t.co/7iEeAtNR #Microsoft #Steve_Ballmer #SteveBallmer #Windows_Phone",NEUTRAL
IMEに秋田弁辞書なんてあったらおもしろいのに #Akita #IME #Microsoft,NEUTRAL
Terminaux Windows 8 empêchant d'installer Linux : la polémique enfle http://t.co/WIBbwi5t #Microsoft,NEUTRAL
#microsoft satisfait d'avoir rate #yahoo depuis quand les échecs sont des victoires? M #ballmer va falloir laisser la place a un visionnaire,NEUTRAL
Top 10 de páginas web en las que invertimos más tiempo los españoles http://t.co/By5CAFSD via @trecebits #microsoft #tic,NEUTRAL
GameFly's 'Under $20' sale has too many good values http://t.co/7eBTsjPW #3ds #deadspace2 #ds #lanoire #microsoft,NEUTRAL
#FailSteveJobs #Microsoft โดย ARIP ฮาๆ มีสับสนนิดโหน่ย XD cc @failinth =P http://t.co/zPzNMwVe,NEUTRAL
"Microsoft OmniTouch, cuando cualquier superficie puede ser una ""pantalla táctil"" http://t.co/ZvZxxzUl #Microsoft #OmniTouch #evento",NEUTRAL
Улучшим продукты компании #Microsoft вместе! http://t.co/TheQ6sG9,NEUTRAL
Plan Carrera #microsoft technical:Certificación desarrollador y diseñador apps empresariales #visualstudio2010 http://t.co/cVd2b2Rz Gratuito,NEUTRAL
"#Job #ICT Sachbearbeiter Immobilienbewirtschaftung (m/w): Gfeller Treuhand und Verwaltungs AG, Dübendorf http://t.co/9ZrHM9sa #Microsoft #IT",NEUTRAL
#Microsoft dirà che #Google ha usato il brevetto dell'animazione del cerchio?! | Google Presentations New Version http://t.co/vmzshHUQ,NEUTRAL
"RT @cynblackstone: Zeer enthousiaste reacties op bedrijfsbezoek aan #Microsoft voor de (interim) #secretaresse, dank Kelly en Brigitte v ...",NEUTRAL
Unterstützenswerte Aktion der #fsf+ http://t.co/RCOt2NWi #microsoft-,NEUTRAL
"Steve Ballmer, CEO de #Microsoft ""Necesitas ser un científico para manejar Android"" Gracias majo! Jajjajaa",NEUTRAL
Un teclado tactil para cualquier superficie.. http://t.co/SQXjkJAo #microsoft,NEUTRAL
#Microsoft tester browser sikkerhet. Rart hvordan #IE9 plutselig ble best og langt bedre enn #Chrome og #Firefox. http://t.co/dUthF0nO,NEUTRAL
"Wie gut, dass #Google beim #Nexus und #Android4 den selben Fehler macht wie #Microsoft. Konzentration auf Spaß, nicht auf's Business ... ^.^",NEUTRAL
RT @NielsMoelard: Ik zoek een paar nieuwe collega's. Interesse? Kijk op onze site voor actuele #Microsoft #vacatures bit.ly/phUYrg RT =  ...,NEUTRAL
Ik zoek een paar nieuwe collega's. Interesse? Kijk op onze site voor actuele #Microsoft #vacatures bit.ly/phUYrg RT = fijn #Zwolle,NEUTRAL
Il n'y a pas qu'à la maison que #windows plante :D http://t.co/TYh0AbxL #bug #BSOD #microsoft #plantage #lieuxpublics,NEUTRAL
Gibt es nun auch Sicherheitslücken bei #Microsoft? Mehrere Seiten berichten über gehackte Xbox-Live-Accounts: http://t.co/4GZ6fVkU #xbox,NEUTRAL
Pozdrowienia z sali A #mts2011 #Microsoft #surface obecnie  http://t.co/QfQkHAYd,NEUTRAL
sunt la http://t.co/x6icubdz #microsoft #events,NEUTRAL
"RT @tinkengil: Ähm ja, genau #Microsoft. http://t.co/lQjuq0s7 - hatte ich auch schon ^^",NEUTRAL
"RT @fdruel: Une nouvelle interface #haptique signée #Microsoft et #CanergieMellon : #OmniTouch. Tactile et ""wearable"" (cc @Billaut) http ...",NEUTRAL
"Conoce Microsoft Dynamics Nav, Software una completa gestión integrada de tu negocio http://t.co/oK70bVgk  #navision #microsoft",NEUTRAL
"Une nouvelle interface #haptique signée #Microsoft et #CanergieMellon : #OmniTouch. Tactile et ""wearable"" (cc @Billaut) http://t.co/6ODVjEQG",NEUTRAL
"Nieuw partnership  #DigiProfs , #Microsoft en #IP-Randsteden voor #Office365 . 2000 Gratis intrductie cursussen ter beschikking.",NEUTRAL
"RT @bestrelations: ¿Por qué necesito jugar al golf los domingos? http://t.co/hvoEIp2Z Muy estilo USA, pero ingeniosa campaña #Microsoft",NEUTRAL
"Povidani s #Microsoft o #Azure. V Evrope uz je data centrum i v Amsterodamu, chysta se v Nemecku a Rusku. V kazdem pres 250 000 serveru.",NEUTRAL
"Windows Phone News: Nokia, Sony und kommende Updates - Windows-News: http://t.co/BlU7a24D #wp7 #nokia #microsoft",NEUTRAL
"CEO Microsoft: Kami Beruntung Tak Akuisisi Yahoo http://t.co/Viy6W6Z0 
 #Microsoft",NEUTRAL
"Wenn #Microsoft eine touchfähige #Office Suite für iOS rausbringen würde, wäre ich sehr entzückt!",NEUTRAL
"#Job #ICT Windows Client Engineering im IT Forschungsumfeld!: GSI Consultants, Zürich http://t.co/0OQ1qvEn #Microsoft #IT",NEUTRAL
"RT @ITOostNederland: #GripmetICT, 10 nov in de #GrolschVeste met oa #Citrix, #VMware, #Microsoft, #RES, #Dell. Meer info kijk op: http:/ ...",NEUTRAL
#Forbes fordert Steve Ballmer zum Rücktritt auf http://t.co/kpO2TPt9 via @forbes  #microsoft,NEUTRAL
Management-Tool aus der Cloud: #Microsoft erweitert #Intune um Softwareverteilung und Remote Task http://t.co/b43OHRlQ @windows,NEUTRAL
RT @MichaelKroker: Kroker's Look @ IT: Der #Apple-Schock im PC-Markt - mit unerwartetem Potenzial für #Microsoft --&gt; http://t.co/29vCUgQz,NEUTRAL
Kroker's Look @ IT: Der #Apple-Schock im PC-Markt - mit unerwartetem Potenzial für #Microsoft --&gt; http://t.co/29vCUgQz,NEUTRAL
#grantthornton geeft gouden tips #verkoop #onderneming. Ook workshops #philips #nobel #rabobank #microsoft #port4growth http://t.co/sfciksak,NEUTRAL
#Microsoft ruft #Cloud 4 Society Award ins Leben http://t.co/96qcjhlI  via @searchsoftware,NEUTRAL
RT @hectorsm: Qué prioridades tenemos como Pais? Plan Nacional: http://t.co/paeNlAnn #in #microsoft,NEUTRAL
Oef..#Microsoft trapt Google Toolbar uit #Skype http://t.co/m2...,NEUTRAL
#Microsoft trapt Google Toolbar uit #Skype http://t.co/m2jCbeJI #googletoolbar,NEUTRAL
"Según el estudio KAR de Ipsos, #Apple es la firma tecnológica más valorada por delante de #Microsoft, #HP e #IBM http://t.co/qlyQbRyd",NEUTRAL
"Zeer enthousiaste reacties op bedrijfsbezoek aan #Microsoft voor de (interim) #secretaresse, dank Kelly en Brigitte voor de goede ontvangst!",NEUTRAL
"En España, se pasa más tiempo en sites de #Microsoft que en #Facebook y que en sites de #Google... http://t.co/zXYauNAq via @TreceBits",NEUTRAL
#SPOED! Op zoek naar een #Support #Engineer!  #HBO #Microsoft #sharepoint #SQL! Ben jij analytisch/klantgerich… (cont) http://t.co/5VqqQABY,NEUTRAL
#SPOED! Op zoek naar een #Support #Engineer!  #HBO #Microsoft #sharepoint #SQL! Ben jij analytisch/klantgerich… (cont) http://t.co/RCaS7Kph,NEUTRAL
La démo de Dance Central 2 est disponible http://t.co/4iA3k1Ab #Microsoft #Xbox360 #jeux #demo,NEUTRAL
"HATAHET zeigt Microsoft-Partnern die neue Welt der Arbeit: Die ""Neue Welt der Arbeit"" oder ""das neue ... http://t.co/Jk1pXcya #microsoft",NEUTRAL
"#Job #ICT SAP Basis Administrator - SAP Platform & SOA: BROMsolutions AG , Zürich http://t.co/lrut8lhu #Microsoft #IT",NEUTRAL
"#GripmetICT, 10 nov in de #GrolschVeste met oa #Citrix, #VMware, #Microsoft, #RES, #Dell. Meer info kijk op: http://t.co/O78JjLC1",NEUTRAL
Nos vidéos de Batman Arkham City http://t.co/07Pau5TJ #sony #microsoft #buzz,NEUTRAL
Outlook ConnectorをインストールするとOutlook2007でhotmailアカウントが利用できる→ブラウザを立ち上げなくてもメールを閲覧できる #Microsoft #Office #Outlook,NEUTRAL
Workshop med @technet idag. Interessant! #citrix #Microsoft  #SYSIKT,NEUTRAL
"seit #apple #facebook und #google die großen bösen sind, ist #microsoft irgendwie wieder der sympathische nerdverein http://t.co/IUvizP0T",NEUTRAL
Excel は表計算だけでなくチャート図や見栄えのよい文書、図形の作成などにも利用できる。 #Microsoft #Office,NEUTRAL
RT @druncks: In de smartphonewereld lopen 57 patentrechtszaken. De grote winnaar lijkt #Microsoft. http://t.co/m7oqSFhA #patent #depers,NEUTRAL
Taper sur les autres pour dire qu'on est les meilleurs... Merci #microsoft #msday,NEUTRAL
RT @MicrosoftSrbija: Andy Malone na #mssinergija keynoteu vodi prisutne kroz #microsoft istoriju: http://t.co/OIQFwJ4f,NEUTRAL
Andy Malone na #mssinergija keynoteu vodi prisutne kroz #microsoft istoriju: http://t.co/OIQFwJ4f,NEUTRAL
RT @RomanKrd: На Microsoft Management Summit 2011 проблемы с интернет #russia #microsoft,NEUTRAL
Estudio: Microsoft vende más http://t.co/1VfC5PH1 #microsoft #tecnologia #tic #IT,NEUTRAL
Microsoft desarrolla una pantalla táctil proyectada sobre cualquier superficie http://t.co/Mg0iFSAo #microsoft #tecnologia #tic #omnitouch,NEUTRAL
RT @arelance: #Microsoft presenta un prototipo que permite utilizar la mano como interfaz http://t.co/kaCzpMYo #Kinect #in #fb,NEUTRAL
Rijk worden met patenten. In de smartphonewereld lopen 57 patentrechtszaken. De grote winnaar lijkt #Microsoft. http://t.co/owSkWPKG #patent,NEUTRAL
"Check this site
http://t.co/1Sh9T5u8
For best soft weres.
#microsoft 
#Prince_156",NEUTRAL
Microsoft Research dévoile une interface futuriste avec Kinect | via @Xboxygen.com http://t.co/sRb0qLRA #Microsoft #MS #Kinect,NEUTRAL
#Microsoft #Silverlight v4.0.60831 &amp; v5.0.60818 RC | fanSte.nl http://t.co/b4IRd1qa via @pryourblog,NEUTRAL
#Microsoft: Jetzt wird jede Hand zum Touch-Screen http://t.co/46F2PM7v #OmniTouch,NEUTRAL
#Skype ya es oficialmente parte de #Microsoft ¿Utilizas este servicio #voIP? ¿Que opinión te merece esta adquisición? #tecnologia,NEUTRAL
Definitivní: #Skype pod #Microsoft. Co to pro nás znamená? - http://t.co/L5f00xew,NEUTRAL
"Je moet er wel een mechanische papegaai voor op je schouder hebben, maar dan heb je ook wat! Erg gaaf! #microsoft http://t.co/sBPd8Nbg",NEUTRAL
Mit Ihrem Feedback #TechNet verbessern: http://t.co/vGCoTK8z #microsoft,NEUTRAL
Microsoft Security Essentialの定義ファイルがアップデートしました：1.115.68.0 &gt; http://t.co/lZde20Vy #Microsoft,NEUTRAL
"Nieuwe blogpost:Topsport: http://t.co/Fz5qx2cg 
#datacenter #privatecloud #microsoft",NEUTRAL
#game #microsoft #gamer #new experience #halo 2 #microsoft insider #halo 2 hacks #beta test team http://t.co/uk8sW8HZ Halo 2 Hacks,NEUTRAL
Windows Phone: Microsoft bestätigt Fehler nach Update: Abstürze beim Musikgenuss und eine verschwunde... http://t.co/hbK4Fxjk #microsoft,NEUTRAL
#Microsoft e #Adobe i più danneggiati dalla #pirateria http://t.co/GLCjzqXG #mercato,NEUTRAL
NAVIGE in TerDege Nieuw 17 opgenomen in rubriek Personalia en Bedrijven als zelfstandig ondernemer #Microsoft #Dynamics…http://t.co/TAILFVUV,NEUTRAL
Microsoft ha migliorato la ricerca per la barra d’avvio di Windows 8: Windows 8 abbatterà... http://t.co/9LEIev0n #windows #microsoft,NEUTRAL
@torbenleuschner die haben was an der Waffel #ie #microsoft #wunschdenken,NEUTRAL
#Microsoft vend des licences d’utilisation pour des softs qui ne lui appartiennent pas. : http://t.co/bc6v9hRT #korben,NEUTRAL
http://t.co/k3quwgcu #url unblocker #microsoft proxy #proxy for orkut #gmail proxy microsoft proxy server unblocked proxy site freega...,NEUTRAL
#Novell wärmt alten Rechtsstreit mit #Microsoft auf | ITespresso.de http://t.co/JBUyD6ou,NEUTRAL
RT @packard_bell: Nuevo #Microsoft #PocketTouch (para usar el telefono sin sacarlo del bolsillo)  http://t.co/0LdAVDnj,NEUTRAL
#Windows 8: #Microsoft schafft den Startbildschirm ab... http://t.co/06vsmKdm,NEUTRAL
RT @ricklennie: Un vistazo a Windows Server 8  http://t.co/BmcJLgDV  #Microsoft #MSDP,NEUTRAL
#Microsoft portiert #Enterprise BI-Apps auf iOS und Android | ITespresso.de http://t.co/XUEPaaR2,NEUTRAL
"RT @puntogeek: Hace tiempo:: Según Microsoft, Firefox es spyware http://t.co/UnFkqPaJ #Firefox #Microsoft",NEUTRAL
"Hace tiempo:: Según Microsoft, Firefox es spyware http://t.co/UnFkqPaJ #Firefox #Microsoft",NEUTRAL
Un vistazo a Windows Server 8  http://t.co/BmcJLgDV  #Microsoft #MSDP,NEUTRAL
"FOR SALE!!

http://t.co/VqueOskE #ebaymobile #ebay #microsoft #apple #office #2011 #sale #new #original #mac",NEUTRAL
#Google 跟 #Samsung 今天發佈使用 #Android 4.0 作業系統的 #Galaxy #Nexus … 接下來，蘋果及 #Microsoft 會告兩者侵權嗎？,NEUTRAL
no es mucha  novedad que hotmail este down todos estos dias #Microsoft,NEUTRAL
Parece que hotmail is down #Microsoft,NEUTRAL
RT @packard_bell: #Microsoft presenta un teclado #touch sobre cualquier superficie  http://t.co/mU1FdIhF,NEUTRAL
#Microsoft presenta un teclado #touch sobre cualquier superficie  http://t.co/mU1FdIhF,NEUTRAL
At the #Microsoft #imaginecup sri lanka in Peradeniya.,NEUTRAL
"RT @deolindoo: viva #Microsoft o #google para e copiar a #apple e copia o #wp7 de tao bom que é. Incrivel como a interface metro esta ali,",NEUTRAL
Nueva #Consola #Xbox en curso: #LinkedIn http://t.co/VUzmZEzv #Microsoft #Xbox360 #Xbox720 #Twitter via @ZthaeDigital,NEUTRAL
Official plush Portal turrets deploying this December http://t.co/M7h8Orkc #mac #microsoft #pc #playstation,NEUTRAL
"#Job #ICT System- und Netzwerk Spezialist/in: planova human capital ag, St. Gallen http://t.co/WYHjUOqr #Microsoft #IT",NEUTRAL
este hueon no cacha que hay mouses que funcionan sobre cualquier superficie #microsoft @clubdelacomedia,NEUTRAL
"#Alunos, vcs podem baixar a versão de avaliação do #Windows7 #Enterprise, de graça, diretamente da #Microsoft...Vejam - http://t.co/1rXnEpYl",NEUTRAL
i love my background!! #twitter,POSITIVE
"•Take Off Make up 
• Say A Little More On #twitter 
• Go to Sleep &lt;3

like my plan?(;",POSITIVE
Okay..I feel slightly more connected to the world and have put #facebook and #twitter on my #blackberry..its not the same..but it helps,POSITIVE
@loveguru_b i miss my #twitter boo,POSITIVE
*singing*! everytime  I  try  to leave something keeps  pulling me  back  (me  back) telling me  I  need  #Twitter & all that. lol  (:,POSITIVE
#twitter keeps me company when i can't sleep! (:,POSITIVE
Got this new #twitter app and a fresh ass theme with it! FWM,POSITIVE
@ammmylewis... Did @CarsonFratus just ditch Twitter for sleep?? #Weirdo... #Twitter&gt;Sleep,POSITIVE
"I'm starting to get really concerned, sending hashtags in emails :P #twitter is taking over our lives :D",POSITIVE
I cnt get over that shit lol hell naw #Twitter,POSITIVE
Today I was introduced as BigDealDawson at #LGFW !  O #twitter and #social media I love you! Teehee xx,POSITIVE
#Twitter &gt; #Facebook,POSITIVE
"@BrianCrockerJr yeah, it shows. glad you have #twitter :)",POSITIVE
I've pretty much abandoned Facebook for Twitter. #twitter'slegit,POSITIVE
Gotta love #Twitter - shit goes round the World like lightning-on-speed...,POSITIVE
@LuCkY_2_HaVe #Twitter,POSITIVE
Hello #twitter!,POSITIVE
In that #twitter mood!,POSITIVE
When I say I'm going to bed that really means I'm gonna sit on twitter for 30 min then go to bed! #Twitter&lt;3,POSITIVE
I lovee #Twitter   #swaag!,POSITIVE
"Dear #Twitter, I fucking missed you today, &gt;&gt; internet was down :/",POSITIVE
My 100 tweet goes to #twitter . Thanks for providing me with another way of keeping me busy during school!,POSITIVE
#Twitter TEAMO♥ Chao!,POSITIVE
"@Garr_Williams isn't this place great? 
#twitter",POSITIVE
"RT @EverettColdwell: @SusanFelicity One really good thing with #twitter is that most people appear to be on the progressive, left, socia ...",POSITIVE
RT @MattMarcheski: @AlexMufferi #twitter&gt;facebook,POSITIVE
There is no social media without #Twitter... Who could be #Twitterless?,POSITIVE
@AlexMufferi #twitter&gt;facebook,POSITIVE
Guess I'm addicted to #Twitter! Writing the answers to 15 marks University exam questions in less than 140 characters! :P,POSITIVE
"@SusanFelicity One really good thing with #twitter is that most people appear to be on the progressive, left, social side. This scares gov.",POSITIVE
"Apples to oranges maybe, but #Twitter is way more engaging than #FB. Content vs. Stalkerismo",POSITIVE
Laying down on my bed and I'm on my favorite app. #twitternation #twitter &gt; #facebook,POSITIVE
"@TheMarketaire This whole #Facebook change makes more nervous than excited. What about privacy, etc.? I much prefer #Twitter",POSITIVE
#Twitter #twitter :),POSITIVE
#Twitter &lt;33333,POSITIVE
RT@jeffbullas Twitters impressive numbers  http://t.co/VJRSsfYn #Twitter #SMM #SocialMedia,POSITIVE
fuck that facebook bullshit. #twitter bitch,POSITIVE
#Twitter is hella coo... like farreal i love twitter.,POSITIVE
FUCK #facebook #twitter is way better #teamfollowback #followme,POSITIVE
Haven't been on this Twitter shit in a while man. Here because looks like #AboutThatLife be haven hella fun on #Twitter,POSITIVE
twitter just helped me find the song from the end of a TV show i just watched. #Twitter &gt; ...,POSITIVE
#twitter addict :),POSITIVE
"RT @drewbezanson: You can literally go back and forth between #Facebook, #twitter, #text and #email all do. #technology is too good.",POSITIVE
@tas82011 Thnx. Isn't #Twitter pretty damn amazing! Hope yr enjoying it. Fast like you and I!,POSITIVE
Dear #twitter I have missed you. Promise i'll keep in touch more often,POSITIVE
#Twitter is interesting 24hrs a day. #Facebook is interesing 2hrs a day.,POSITIVE
RT @derryXOwners: I like #twitter,POSITIVE
But fb still sucks &amp; #twitter beats it anyday!,POSITIVE
I love #twitter #twitterswag,POSITIVE
I like #twitter,POSITIVE
This twitter shit is funny and entertaining ... I haven't did shit all day but my fingers are hurting #twitter,POSITIVE
RT @TreyHob21: #twitter gives everyone that voice that they believe should be heard by people... unlike real life... lol,POSITIVE
#twitter i love you!,POSITIVE
@KylieMessier yeahh you did! It was about time. Caught the #twitter bug and now i'm hooked!,POSITIVE
@science_alex hashtags are used here #twitter&gt;facebook,POSITIVE
I keep forgettin how much i really like #Twitter lol,POSITIVE
#twitter :),POSITIVE
"#facebook, #Twitter , #spongebob, #nirvana. Great way to spend the night. :D",POSITIVE
RT @ahhfuckitsguss: #twitter can be so useful on letting out your feeling when you cant in the real world .,POSITIVE
"My 3 biggest obsessions: #twitter, #dancemoms, and #desperatehousewives. &lt;3",POSITIVE
#twitter is jumpin as usual :),POSITIVE
My Facebook messed up and I had to make a new one so... add me! Haha at least #twitter is reliable,POSITIVE
#Twitter y #Facebook OFF,NEGATIVE
#Twitter are you freaking kidding me #wth... http://t.co/zKn2bu5R,NEGATIVE
"RT @mainey_maine: RT @ItalianJoya i better be able to see my RT's tomorrow #twitter and tell that lil blue ass bird, (cont) http://t.co/ ...",NEGATIVE
Just hit my hourly usage limit on #twitter. How does that even happen? All I'm doing is listing people...and I was almost done! #ugh,NEGATIVE
"RT @FuckingShinez: #Twitter = #Dead ""this is why im never on it now""",NEGATIVE
I hate #twitter right now..,NEGATIVE
I'm not getting all of my @ replies #twitter if it wasn't for my emails telling me that some1 replied to me I wouldn't even know it #nobueno,NEGATIVE
"Wtf is a tweet , sounds like tha dam cartoon network #tweeted #tweeter #twitter #twitterer",NEGATIVE
#TWITTER SUCKS FOR HAVING A #FOLLOW LIMIT =\,NEGATIVE
@ZackSiezmagraff A few people are reporting #twitter retweets not working. Probably a technical problem.,NEGATIVE
So my mentions don't work? And my TL don't be wanting to update. Is #twitter moving servers or doing maintenance?,NEGATIVE
Well... @Paging_Dr_A has gotten back on #twitter.. there goes my TL lol,NEGATIVE
Anyone in #twitter land know if retweets are broken? Haven't seen any since Tuesday.,NEGATIVE
"RT @ItalianJoya i better be able to see my RT's tomorrow #twitter and tell that lil blue ass bird, (cont) http://t.co/xGHoev8k",NEGATIVE
"RT @ItalianJoya: i better be able to see my RT's tomorrow #twitter and tell that lil blue ass bird, and fat ass over capacity whale to!",NEGATIVE
#Twitter ain't showing my current mentions or my tweets retweeted #Ughh,NEGATIVE
"i better be able to see my RT's tomorrow #twitter and tell that lil blue ass bird, and fat ass over capacity whale to!",NEGATIVE
"#Twitter, will you please fix this RT problem?",NEGATIVE
"#Twitter = #Dead ""this is why im never on it now""",NEGATIVE
Im gonna need #Twitter to get all these problems fixed ASAP.,NEGATIVE
#Twitter'sMalfunctioningAgain,NEGATIVE
#Twitter is blowing me ; I can't see my retweets ;(,NEGATIVE
Man #Twitter Is Gettin #BORING,NEGATIVE
#twitter app also doesn't show me the conversation when I touch a tweet.,NEGATIVE
Anyone else having trouble with the (i)Pad #twitter app not updating @'s? I get notified but can't see them in the app.,NEGATIVE
"@Licia0321 Damn what the hell, I think my #Twitter might need a damn #Exorcist!!",NEGATIVE
#Twitter got me all messed up everytime i compose a text msg i get stressed I only have 140 caracteres! all dis networkin is gettin confusin,NEGATIVE
"@8Sunni Yeah shit happens, #Twitter is a real whore sometimes!",NEGATIVE
#Twitter is Fawkin up!!!,NEGATIVE
#twitter show my fuckin retweets bitch,NEGATIVE
RT @FucknWithFatty: #Twitter needs to get their shit together cause they fucking up! I'm not getting my RT's or mentions. -______________-,NEGATIVE
#twitter is sooo trash ritenow with all dezz #highscoolmemories -__-,NEGATIVE
WHY DFF IS #TWITTER STILL LAGGIN ON SHOWIN WHO RETWEETS UR SHITT,NEGATIVE
People should be more interesting on #facebook and #twitter at midnight. I'm getting bored.,NEGATIVE
"Tried explaining #Twitter to my mom, but her ""why would you want to do that?"" argument was pretty bulletproof. #igiveup",NEGATIVE
#twitter is a fad. Was addicted now I don't rly care.,NEGATIVE
"RT @mixedchik22: #Twitter.... Side Affects include: Procrastination, No Sleep, Unable to Focus on ANYTHING, Subtweeting, RT, TT, and Low ...",NEGATIVE
"Okay #Twitter, it'd be muchhh appreciated if you could start working on my computer soon.",NEGATIVE
"#Twitter.... Side Affects include: Procrastination, No Sleep, Unable to Focus on ANYTHING, Subtweeting, RT, TT, and Low Batteries",NEGATIVE
RT @nagoul1: #Retweets section of my #twitter account has not been working for 17 hours! Is Everyone else having this problem? #RT #RTs,NEGATIVE
#Retweets section of my #twitter account has not been working for 17 hours! Is Everyone else having this problem? #RT #RTs,NEGATIVE
for some reason #twitter isnt allowing me to see my tweets that got retweeted.,NEGATIVE
Good lord #twitter send my bloody tweets! #ihateyourightnow,NEGATIVE
I feel all alone on #twitter. #itstolate,NEGATIVE
So im about to make another #twitter account since this one fucked up,NEGATIVE
"My DM's Come in So Fucking Late, Damn #Twitter",NEGATIVE
"Yep it's official, my tweets that get RT'd aren't showing me when they get RT'd. Dammit #Twitter, sometimes it's #Love/Hate thing we have!!",NEGATIVE
@MsTapoutBarbie Yep figured my shit is jacked. Dammit #Twitter!!,NEGATIVE
dear @twitter / #twitter FIX YOUR SHIT. we cant see our retweets or mentions!,NEGATIVE
#Twitter got DEAD as fuck all of a sudden!!!,NEGATIVE
I HATE #TWITTER,NEGATIVE
My #Twitter acting funnyyyyyyy....,NEGATIVE
still not quite sure how to use this/what the point of it is... #twitter? #idontunderstand,NEGATIVE
#twitter why must you be so difficult?,NEGATIVE
Thank you #twitter for not giving me the 10 tweets that have been tweeted at me in the past 3 days! Lol #blameitontheiphone #ineedtoupdate,NEGATIVE
#Twitter is messed up followers keep switching to same numbers -___- #FIXIT!,NEGATIVE
I need to get off #twitter,NEGATIVE
RT @Prettynesz: #twitter still not showin my mothafuckin #retweets . .,NEGATIVE
#Twitter timeline and mentions up the shit :(,NEGATIVE
So much garbage. #Twitter,NEGATIVE
Who the hell uses #twitter on a tv man. #panasonic #epicfail.,NEGATIVE
#twitter still not showin my mothafuckin #retweets . .,NEGATIVE
#stupid fucking #Twitter #Twitterapp give me my Damn #mentions NOOWWWWWW!!!!! UGH! #DRAWLIN AS ALWAYS #TMW #PROMOALLDAY #FOLLOWLIMITISGAY TO,NEGATIVE
RT @JolieeSharmeda #twitter be fucking up,NEGATIVE
"@KushKitty420 you, #Facebook #twitter and the #tv are all #distractions whenever I wanna study ;(",NEGATIVE
"RT @VanillaLatte_xD: #omfg .. #Twitter , Why fxck up ? I wanna see my Retweets ""/",NEGATIVE
"RT @nicolebanyots: #twitter UH, SHOW ME MY RETWEETS, OR ILL GO BACK TO FACEBOOK. K? K.",NEGATIVE
".@chrispirillo Re. #twitter 1,402,239 positive opinions http://t.co/uUd7ea3v? vs. 688,546 negative http://t.co/Q7Kf5xKz?",NEUTRAL
"""@ClearlyCassi_: I'll never forget the day we met, or how we kissed the first time."" /// I met you on #twitter and I haven't kiss you yet :p",NEUTRAL
RT @Sour_D_Reyyy: @obsexxed69 got one of the dopest blogs on #Twitter and #Tumblr...#RealTalk,NEUTRAL
RT @Str8Talk123: Need to step my #twitter game! Where is #teamfollowback #miami #ff  @JAYSCANDRETH  @WhatupHOE1211,NEUTRAL
"Caramba, a mais de 4 dias ninguem fala em mim ou de mim aki no #twitter. Nem mesmo minha noiva. #Fuieskecido...",NEUTRAL
@codytigernord Just a reminder that you fail on #twitter,NEUTRAL
RT @ThisIsYunGFRESH: JOIN OUR #TT ON #TWITTER FOLLOW @ThisIsYungFRESH & @macDej #TT #RatchetSymptoms,NEUTRAL
"Sneaky, sneaky. Seven ways to spy on your competition, using #Twitter - http://t.co/RxopvNGQ - via @ruhanirabin @AskAaronLee",NEUTRAL
"People on #Twitter n #Facebook all day, wat are you really doin wit yo life....#ImJusAskin",NEUTRAL
My cuz @Robbase101 is new to #twitter drop him a follow and show him some love. Esp if you like #Canes #Jets #Yankees & #Knicks #sports,NEUTRAL
#ThingsWeAllHate  false advertisement via #twitter lol,NEUTRAL
RT......zZzZzZzZzZzZzZzZzZzZ...... #Twitter off,NEUTRAL
Ha! Even #twitter is telling me we're meant to be!,NEUTRAL
Sleep time. #twitter off,NEUTRAL
#Twitter should have Emoticons,NEUTRAL
JOIN OUR #TT ON #TWITTER FOLLOW @ThisIsYungFRESH & @macDej #TT #RatchetSymptoms,NEUTRAL
Welp! Meh nd @RenaeDaniels Bout tah Call it ah Niqht Nite #Twitter,NEUTRAL
"I wanna make the goose bump on your inner thigh show 
#twitter after dark ;)",NEUTRAL
Going in :( #work. Break at 2:30 and 5:30 #twitter time. See ya'll in the #am,NEUTRAL
"01:50 no #msn e no #twitter 
e #Facebook.",NEUTRAL
@kaiylw0lf So #Tumblr is way more addictive than #Twitter... but i still love both of them. and they can coincide with each other! #bromance,NEUTRAL
Boaa noite #twitter *-*,NEUTRAL
#TroyHopson needs a #twitter. Swear,NEUTRAL
@D_REALRogers BE SLEEP N WHO NOEZ WHERE I BE BUT HOW IT's it U so called sleep but every 5 sec u got a new #twitter post up #btfu,NEUTRAL
My #twitter age is 1 year 19 days 13 hours 37 minutes 17 seconds. Find out yours at http://t.co/XhRUA9Dz #twittertime,NEUTRAL
#Twitter Off!,NEUTRAL
@OFA_IA @BarackObama #itheperson wld like all gov reps 2 have the date and state they reside in posted on their #twitter pic. 4 #wethepeople,NEUTRAL
Yooooooo #twitter ! @NowThatsBASIC_ is the new #AmberCole who wanna go 1st ? ayyeee she does this shit for a living .,NEUTRAL
RT @yaksys: My #twitter age is 1 year 243 days 22 hours 31 minutes 44 seconds. Find out yours at http://t.co/dniOkchP #twittertime,NEUTRAL
@PrettyFuckn_Lee Welcum too #Twitter Cuz ;),NEUTRAL
1*Birthday* Shout-Out to 2 of my favorite people on #twitter!! @lizpope & @TheTinyJEWELBox Happy Birthday girls!,NEUTRAL
@ThatsRealTalkin I'm doing the Tallman #Twitter list for fun!! I just wanna see how many men 6'3 and up are on Twitter! It's just for fun :),NEUTRAL
RT @zaibatsu: Should You Follow Back On Twitter? http://t.co/4Wwdy96I #sm #twitter,NEUTRAL
A nigga can't even go to sleep nd wake up good ppl be trip'n over #Twitter,NEUTRAL
I really dnt like to #follow people who never on #twitter,NEUTRAL
"“@JTBrownn: #Twitter are freaking kidding #wth .. http://t.co/Mgn9GzZ1”
Haha wow",NEUTRAL
"8am dentist appointment, i really should be going to bed...#makesnomovetogetupfromcomputer #twitter",NEUTRAL
#Twitter'OFF,NEUTRAL
My #twitter age is 1 year 65 days 18 hours 47 minutes 24 seconds. Find out yours at http://t.co/tQMSBDrx #twittertime,NEUTRAL
RT @D_SNAPS: RT @Charlielace Instead of updating your #Twitter why don't you update your life!,NEUTRAL
@MauroGarcia92 dale ok..!solo #twitter !!,NEUTRAL
Good Night #Twitter.,NEUTRAL
RT @twinkleG_ray: Quit acting all hard. It's only #twitter,NEUTRAL
@ManwitPURPOSE50 what are you doing now on #twitter????,NEUTRAL
@IDGAFBoutYou llssss.yea I kno.lol.I ain't been fuckin wit dis joint.I guess #twitter missed me tho huh.slsss.lol,NEUTRAL
Why do I always blow up #twitter at like 1am? #sorryfollowers,NEUTRAL
@sarahhjessica your seriously addicted 2 #twitter,NEUTRAL
WHTS GOIN ON #TWITTER FAM,NEUTRAL
Raza Abbas NumeroUno :: (RazaNumeroUno) : thanks for #following me on #Twitter! Happy Tweeting !!!,NEUTRAL
RT @smart__reMarks RT @Its_kcheese: some stuff you only find on #TWITTER lolz &lt;---- LMAO,NEUTRAL
Lls. && im actually tlkin about #twitter,NEUTRAL
"Thanks 2 my new #Twitter connections! @ecogreenvalet1,@brunodgama,@inez260,@moniqueprothero,@leviti09,@ChristyJBPL,@TonyMicheal, Chk Em Out!",NEUTRAL
"Yu cant answer , But yu can b on #Fb Nd #Twitter",NEUTRAL
Twitter Buzz Builds for the Occupy Wall Street Movement [CHARTS] http://t.co/h8geayT5 #twitter,NEUTRAL
I don't see the point of following a news station on #twitter if there's breaking news people are gunna tweet about it anyway #obvs,NEUTRAL
on oovoo with @_LoveIsThe_Ki dumb ass #excuseme #twitter,NEUTRAL
RT @Its_kcheese: some stuff you only find on #TWITTER lolz,NEUTRAL
Quit acting all hard. It's only #twitter,NEUTRAL
@DylawnWard 100 tweets already? Damn son #twitter #whore #twitwhore #gi #get #it?,NEUTRAL
"""@socialfans: Top Twitter Related Sites http://t.co/JoDmoruF #design"" #twitter",NEUTRAL
#Follow my main #Twitter @AikoChristine need more #followers help me get to 500,NEUTRAL
High as a mother fucker I'm addicted to #Twitter can't even go to sleep lol,NEUTRAL
RT @BigMelo216_TSA: On da phone wit @AllThisASS & she was HAPPY AF!!! she got out #Twitter JAIL! thirsty lol,NEUTRAL
RT @MonicaaC_: Damn tired! .. Need some rest! Night #twitter,NEUTRAL
"I just installed the new Twidroyd for #Twitter on my #Android Phone - It's #Free, give it a try. http://t.co/Xm2blIfC",NEUTRAL
"Can an algorithm be wrong? #Twitter Trends, the specter of #censorship, and our faith in the algorithms around us http://t.co/3NxZT7hd",NEUTRAL
SO I HAD HER MAKE A #TWITTER SHE'S HOT & SEXY EVERY ONE FOLLOW ONE 1 MA NEW FOLLOWER'S @Rocioo08 LEGOOO! ! !,NEUTRAL
@STARANDDRAMA & JAMMERS302 BE #KILLIN #TWITTER #FOLLOW US,NEUTRAL
Zzzzzzzzzzzz... #night #Twitter #GodBless,NEUTRAL
Adult swim #twitter,NEUTRAL
"RT ""@RobyQQ: Your #Twitter followers either like you for your sense of humor or sex appeal."" -- I guess, I'm funny then... LOL!",NEUTRAL
Did a couple of changes..#Twitter,NEUTRAL
So im chillin at work finally gettin a chance 2 be on #Twitter wat I miss so far?¿,NEUTRAL
My #twitter age is 1 year 243 days 22 hours 31 minutes 44 seconds. Find out yours at http://t.co/dniOkchP #twittertime,NEUTRAL
#TWITTER OFF.,NEUTRAL
RT @alibabaoglan: Presentation: 7 Best Ideas to Use #Twitter More Efficiently - http://t.co/AYMeFITC #howto,NEUTRAL
"Need to study vocabb :/ 
#twitter addicted",NEUTRAL
Nite #twitter,NEUTRAL
@SGarney I put the picture up on #twitter. I did it cause everyone on twitter is cool and your not. #getsamanthaofftwittereveryone,NEUTRAL
My #twitter age is 1 year 325 days 10 hours 18 minutes 7 seconds. Find out yours at http://t.co/0zAtZhKP #twittertime,NEUTRAL
Put your twitter on autopilot and let it gain followers for you!! http://t.co/hze1TqAl #TeamFollowBack #Twitter #autopilot #1000aday 21,NEUTRAL
yeah im gon #twitter but fuck wit me....,NEUTRAL
@simonsays_payme @KaleMurphy @chatoney #twitter addict.. Tweeting while being a Lil BITCH #jerkoffmore #KYS #SMILE http://t.co/7JDvu514,NEUTRAL
#JustBecause you got a few followers on #twitter don't make you a celebrity,NEUTRAL
"People that do this "" #This #Is #My #Twitter "" and pound everything. Needs to delete their Twitter.",NEUTRAL
RT @Jackiebaaby_: #'s are  #for #twitter #NOT #facebook. Duuuuhhh,NEUTRAL
@_ahooten23 welcomee to #twitter,NEUTRAL
Finally off to bed..Nighty night #twitter world!,NEUTRAL
Twitter Buzz Builds for the Occupy Wall Street Movement [CHARTS] #twitter #occupywallstreet #teamfollowback #autofollow http://t.co/IRYn5Vis,NEUTRAL
RT @Gaabisfc_: My #twitter age is 219 days 12 hours 26 minutes 28 seconds. Find out yours at http://t.co/eOCFm1kD #twittertime,NEUTRAL
According to #twitter I have the same amount of followers as followees....#notgoingtolast,NEUTRAL
#twitter is trippin,NEUTRAL
Is there a way that I can post voice notes on #twitter??,NEUTRAL
"RT @TweezardCom: #twitter Adam Levine Takes Aim at 'Evil' Fox News, Starts Twitter Spat http://t.co/qcYTszff #tweezard",NEUTRAL
GN #Twitter Homies,NEUTRAL
I can't believe @mr_malie504 is not on #Twitter,NEUTRAL
@95hm You can directly share your #Facebook photos on #Twitter with http://t.co/wYD5RnxN,NEUTRAL
@StaceHendrix Pls let us know if you need help w/ music marketing promo. We got #Twitter & #Youtube on lock. http://t.co/EWFffl35,NEUTRAL
@obsexxed69 got one of the dopest blogs on #Twitter and #Tumblr...#RealTalk,NEUTRAL
i aint did shit on #twitter untill every girl of #http://t.co/STr7gO6W following me #goalset lol,NEUTRAL
RT @igorlilmonster: My #twitter age is 2 years 153 days 5 hours 6 minutes 25 seconds. Find out yours at http://t.co/NjTHu7tM #twittertime,NEUTRAL
#Twitter Off n.n,NEUTRAL
ALRIGHT I'm going to sleep. #GoodNight #Twitter,NEUTRAL
@JakeDizzleWins We Need To Speak Sum Real Shit On #Twitter,NEUTRAL
@PuraGenteBienAv me podrian dar el #face o #twitter del chavito qe siempre traee lentess transparentes le dicn #chicken little x fiiss :),NEUTRAL
woke  up  dis  morning  so  i'm  stil  alive #twitter,NEUTRAL
"3,2,1,0 #Twitter OFF",NEUTRAL
Just because you follow me on #twitter does NOT mean we cool. As you can see I didnt follow yo thirsty ass back. #dummy -.- xD,NEUTRAL
getn off gn #twitter,NEUTRAL
@KylisInATL HEY! Get Back On #Twitter :-),NEUTRAL
RT @Charlielace Instead of updating your #Twitter why don't you update your life!,NEUTRAL
#Occupy #Twitter...Let&#39;s make Twitter a Social Media not a just a Bulletin Board. Engage! Interact! Socialize!,NEUTRAL
Put your twitter on autopilot and let it gain followers for you!! http://t.co/hze1TqAl #TeamFollowBack #Twitter #autopilot #1000aday 1,NEUTRAL
Your #Twitter followers either like you for your sense of humor or sex appeal.,NEUTRAL
"facebook oof , #twitter of... night night every1!",NEUTRAL
"#twitter Adam Levine Takes Aim at 'Evil' Fox News, Starts Twitter Spat http://t.co/dZmPhbut #tweezard",NEUTRAL
#Niggas on here talking bout sharing one condom with his boy to run a train on the same girl only on #twitter you #nasty muthafucka,NEUTRAL
@jacobstanton2 #twitter has kind of turned into our #lives,NEUTRAL
I wanna RT a lot of tweets.. but my app won't work. What's the best #Twitter #App??,NEUTRAL
#Twitter FDP,NEUTRAL
"@Marlorific well, I feel great about being your first #twitter friend :)",NEUTRAL
How to tweet... like a #celeb ;) http://t.co/cQfsjDwB #twitter,NEUTRAL
"RT @an_anonyma: U can't see who RTed Ur stuff, & this is because of #twitter #censorship? Jeez, people. It's #binaryfaires teaching your ...",NEUTRAL
"Hey I'm doing this, at this place, around this time (you should come). #Twitter",NEUTRAL
I need 2 unfollow some of these wannabe G's! RT @SteveGr8ofTeeZ: RT @The_Kase Do real thugs have #twitter? #confusedbymytimeline  //Hell no.,NEUTRAL
"U can't see who RTed Ur stuff, & this is because of #twitter #censorship? Jeez, people. It's #binaryfaires teaching your vain ass a lesson!",NEUTRAL
"#Twitter must be sharing, caring, interacting, socializing...Don&#39;t K+ does who ignore you...Give  a K+ to thise who truly are #social",NEUTRAL
#goodmourning #twitter,NEUTRAL
got my blade for these #twitter streets third shift,NEUTRAL
"RT @callmePinoc: RT @Crazy_Golfer: ""If you lose followers on #Twitter don't worry even Jesus lost followers"" ~Unknown #quote via @smqueue",NEUTRAL
Ppl emphasize to make thyself look greater then they are! #twitter!,NEUTRAL
~~~~&gt; RT @RealJaythoven #twitter and #Facebook gone get sumbody beat up mane everybody b so reckless,NEUTRAL
Put your twitter on autopilot and let it gain followers for you!! http://t.co/hze1TqAl #TeamFollowBack #Twitter #autopilot #1000aday 25,NEUTRAL
@The_DJ_Show #welcome to #twitter my #friend. #hashtags,NEUTRAL
#Twitter #Followers #Free: http://t.co/63VeKuZr,NEUTRAL
M'kiite #twitter Off,NEUTRAL
Wishing I can sleep all day 2morrow but I got practice... GN #Twitter,NEUTRAL
@Bthompson16 if I was #toocool for #twitter then I wouldn't go on it and as a result my life would be boring so I don't think I am,NEUTRAL
“@RealJaythoven #twitter and #Facebook gone get sumbody beat up mane everybody b so reckless”,NEUTRAL
RT @Charlielace: Instead of updating your #Twitter why don't you update your life!,NEUTRAL
"Karate kid, skittles and cranberry juice. Goodnight #twitter",NEUTRAL
"you got 18 mentions go click on them , run , run , run :::::::: only 1 new ::::: ha ha ha ha #Twitter was kidding with u #Twit2alsh",NEUTRAL
#Twitter OFF ☑,NEUTRAL
"RT @SharonHayes: Top 50 #Twitter Acronyms, Abbreviations and Initialisms http://t.co/EQGBHNq6  /via @ruhanirabin",NEUTRAL
"Thank you, me too. Looking forward to reviewing your book @WarrenWhitlock #twitter #authors #socialmedia",NEUTRAL
#Twitter is hella funny when got people on here you grew up with....lmao,NEUTRAL
@THEmattbruening Took your #Twitter virginity. #bitch,NEUTRAL
Instead of updating your #Twitter why don't you update your life!,NEUTRAL
Top thing you would change about #twitter - go!,NEUTRAL
RT @Te_AmoTam: #twitter is not #eharmony,NEUTRAL
RT @jeffbullas: Twitter Reveals It’s Latest Growth Numbers http://t.co/SujtK4fS #Twitter #SMM #SocialMedia,NEUTRAL
My #twitter age is 2 years 160 days 2 hours 28 minutes 32 seconds. Find out yours at http://t.co/3YI2oDVK #twittertime,NEUTRAL
WordPress Plugin - 2-Klicks-Button -... http://t.co/UjIvD1xu #2-Klicks-Button #Facebook #Google+ #Like #Socialshareprivacy #Twitter,NEUTRAL
@alexbabb9 Alexthe_ASSholeBabb should be your new #Twitter name,NEUTRAL
#twitter and #Facebook gone get sumbody beat up mane everybody b so reckless,NEUTRAL
Facebook and #Twitter Off,NEUTRAL
@jacobstanton2 you're actually #toocool for #twitter :),NEUTRAL
#twitter is not #eharmony,NEUTRAL
RT @The_Kase Do real thugs have #twitter? #confusedbymytimeline  // Hell no.,NEUTRAL
wow good old classic #HoodMemories some #Classic moments there i had to share on #Twitter,NEUTRAL
Put your twitter on autopilot and let it gain followers for you!! http://t.co/hze1TqAl #TeamFollowBack #Twitter #autopilot #1000aday 26,NEUTRAL
RT @Lecko_alx: My #twitter age is 2 years 94 days 1 hour 40 minutes 33 seconds. Find out yours at http://t.co/spItzFcx #twittertime,NEUTRAL
#Twitter&FBOff,NEUTRAL
My #twitter age is 2 years 153 days 5 hours 6 minutes 25 seconds. Find out yours at http://t.co/NjTHu7tM #twittertime,NEUTRAL
"RT @Crazy_Golfer: ""If you lose followers on #Twitter don't worry even Jesus lost followers"" ~Unknown #quote via @smqueue",NEUTRAL
Got to do it!RT @ElderMLTillerJr: I am cracking up at @BishopWSThomas advertising for #Twitter LOL,NEUTRAL
"I tried to explain why you would do ""The #Twitter "" :   &#8220;The Twitter&#8221;: http://t.co/opjnrXlb @jefferypjacobs",NEUTRAL
YAAAAAAAAY @BoogieDeBeast made my Tallman #Twitter list standing 6'6 BaYbeeeee,NEUTRAL
Damn tired! .. Need some rest! Night #twitter,NEUTRAL
RT @Xo_Rosibel_: HEY EVERYBODY THAT HAS A #TWITTER FOLLOW ME NOWW @Aye_Cassandra @TeenSwagQuotess @_FcknJane @autumn_tarbania @Ayoo_Mari ...,NEUTRAL
#twitter that's wassup ! lol!,NEUTRAL
@jacobstanton2 @Ryan_Burke4 doesn't take much to be cool on #twitter,NEUTRAL
Getting some blank rows in my #Twitter feed on the website. Are you?,NEUTRAL
if u couldnt tweet from your phone a lot of people wouldnt be on #twitter -- #broke #fact,NEUTRAL
RT @_Shelly: mm but yeo .. #twitter .. free up @_tashaaiWESTEND ! free up @_tashaaiWESTEND ! free up @_tashaaiWESTEND !,NEUTRAL
My #twitter age is 1 year 148 days 1 hour 15 minutes 56 seconds. Find out yours at http://t.co/hcR3FSpD #twittertime,NEUTRAL
"- #twitter please forgive my last slew of tweets I'm having a rough night , but I pray you'll forgive me .#tosleepigo",NEUTRAL
Where is #Twitter,NEUTRAL
Goodmorning #twitter! :),NEUTRAL
RT @LIL_HAM05: @Nikki_BoBo #Twitter after dark,NEUTRAL
bye bye #twitter ;),NEUTRAL
@Nikki_BoBo #Twitter after dark,NEUTRAL
@natemarozzi that's what #Twitter is for,NEUTRAL
"Hello !!! Centuries past till to write on #twitter !!!
Love you !!! :)",NEUTRAL
"@LOvely_MsToya relaxin, my mind! And #twitter",NEUTRAL
"my phone is off......thank GOD.# FUCK SPRINT . IM ON #TWITTER 2NITE
#LINAS",NEUTRAL
RT @netteo81: RT @nine_oh SIMPLY DA BEST ON #TWITTER MY TWEEPS @jbdancingmachin @EpicQuotesOrg @gowhitedawg (cont) http://t.co/rcpe86Bw,NEUTRAL
RT @Luisfitq: Ty!RT @nine_oh: SIMPLY DA BEST ON #TWITTER MY TWEEPS @MsCarieFWR @dizzleb19 @LBN_Prod @Federal_and_Co @KimDeanMusic @mscre ...,NEUTRAL
I figgured if my #twitter Lady-Gems friends get new one's that I can too! =) My New Boo http://t.co/dXN6NpIB,NEUTRAL
Ohemgee. Be a follower..... #twitter,NEUTRAL
"How to Keep Up With Over 100,000 #Twitter Followers http://t.co/XD5GST4L for those of you with this many tweeps rock on, i'm not there YET=)",NEUTRAL
RT @MyHoopDreams: Im Chillin Man  Trying To Stay #Humble Its Just Hard When Niggas Hatin And Pump Fakin  Via #Twitter,NEUTRAL
How strategic is our technology agenda? http://t.co/bmeiy5rq #Twitter #Strategy,NEUTRAL
RT @iGainFollows: Put your twitter on autopilot and let it gain followers for you!! http://t.co/hze1TqAl #TeamFollowBack #Twitter #autop ...,NEUTRAL
#uberSocial on #blackberry #crackberry is better than the actual #twitter site. It's wack on the iphone. #CoolStoryBro,NEUTRAL
Do real thugs have #twitter? #confusedbymytimeline,NEUTRAL
YAAAAAAAAY @Freakbull_ made my Tallman #Twitter standing 6'4 BaYbeeeee,NEUTRAL
finally logged back in!!!! what&#39;s up #twitter!!!,NEUTRAL
Put your twitter on autopilot and let it gain followers for you!! http://t.co/hze1TqAl #TeamFollowBack #Twitter #autopilot #1000aday 13,NEUTRAL
#Twitter lies RT @amerikusl I lose all my friends once they get pregnant :-(,NEUTRAL
"RT @nagoul1: Can anyone please explain to us why the #Retweet ""issue"" is happening to many, but not to others? #twitter #tweeting #tweeps",NEUTRAL
#twitter&facebookOff good night everyone   bye bye,NEUTRAL
"Can anyone please explain to us why the #Retweet ""issue"" is happening to many, but not to others? #twitter #tweeting #tweeps",NEUTRAL
Why everytime I spazz on #twitter yall think some chick done hurt my feelings..I aint w/ Annette no more.. Lol,NEUTRAL
Niggas be in they feelings on #twitter hella funny,NEUTRAL
Wowww | Can watching #Twitter trends help predict the future? http://t.co/2bRzlsGc via @zite,NEUTRAL
#twitter off :) good night for everybody !,NEUTRAL
Facebook is becoming trashier and trashier #twitter,NEUTRAL
My #twitter age is 2 years 0 days 3 hours 31 minutes 17 seconds. Find out yours at http://t.co/xNCmtWWb #twittertime,NEUTRAL
"RT @SharonHayes: Top 50 #Twitter Acronyms, Abbreviations and Initialisms http://t.co/nEqHcJsY  /via @ruhanirabin",NEUTRAL
«@BigBellyBigCuz RT @Free_Nuttball #fuckyoumean #Pittsburgh don't got the best #twitter.»,NEUTRAL
I don't know why people choose to talk to me on #Twitter! .when you have my number ..!!!!,NEUTRAL
GoodNight #Twitter:),NEUTRAL
"watching a ""new"" interview with @L1LD3BB13 giving props to #twitter glad to see her out on her own doing her own thang;",NEUTRAL
#Facebook Y #Twitter Off xd,NEUTRAL
Some1 shld create a Business where they take ppl's #twitter streams over a period of time & make them into a nice book. #keepsake #urwelcome,NEUTRAL
THANX ! @DesertBeacon @oldivory @bennettgina @yywhy #TWITTER Love and early #FF in case i cant see ! KEEP IT GOING ! #P2,NEUTRAL
#Twitter Introduces Free Twitter Web Analytics Tool http://t.co/HdLjWzaw via @HubSpot #reporting,NEUTRAL
Sleep. Finally. #Twitter,NEUTRAL
Trying to identify a #constantcontact expert - anyone on #twitter?,NEUTRAL
Bedtime good night #twitter #goodnightworld,NEUTRAL
I'm goin 2 bed #TWITTER dead tonight,NEUTRAL
"Top 50 #Twitter Acronyms, Abbreviations and Initialisms http://t.co/nEqHcJsY  /via @ruhanirabin",NEUTRAL
@SincerelytiGG_ I guess dat wat #twitter does lol,NEUTRAL
Tired A'f &gt;.&lt; #Twitter Off,NEUTRAL
Goodnight #twitter ,NEUTRAL
Ok so my #EX girlfriend hacked my #TWITTER this should be funny,NEUTRAL
RT @Free_Nuttball: #fuckyoumean #Pittsburgh don't got the best #twitter.,NEUTRAL
RT @Free_Nuttball #fuckyoumean #Pittsburgh don't got the best #twitter.,NEUTRAL
"#Recruiting Tip: Ask yourself: why am I not building my personal brand on #LinkedIn, #Twitter, and #Facebook?",NEUTRAL
“@Free_Nuttball #fuckyoumean #Pittsburgh don't got the best #twitter.”,NEUTRAL
"RT @iLoveMyTats: Lmao. RT @MissAyunnaaa Well that's my que, bye #Twitter , #oomf finna start quotin lines from #ATL lol",NEUTRAL
"""Straight Outta Hak Mob"" RT @Jhon_Doe_Smokes: Out of my 7 months of actually gettin on #Twitter. I've only bee… (cont) http://t.co/qDM3X8BB",NEUTRAL
#fuckyoumean #Pittsburgh don't got the best #twitter.,NEUTRAL
@DJ_Nasty16 I know. You my only compo. #we be #reppin #twitter,NEUTRAL
#Twitter Of,NEUTRAL
pinto el sueño #Twitter #OFF,NEUTRAL
RT @wbasinger: RT @TeachHub: 50 Ways to Use #Twitter in the Classroom http://t.co/AFHx3m2n,NEUTRAL
#Twitter after dark! #GoodNight!! an yall thought a was abt to get #Nasty!!lol,NEUTRAL
People aren't the same as they wanna be perceived on #twitter...Please believe I'm that crazy bitch at work who slaps everyones ass in line,NEUTRAL
@serendipityjane is the ultimate #twitter bff! She uses #EFT to turn your frown upsidedown!#Follow her & learn about her VIP class.It rocks!,NEUTRAL
"even if I skip the newspaper, I don't worry coz I get all news updates at #Twitter. :)",NEUTRAL
I'm on one tonight ...#tripping ! Lol eff yal ...its #twitter !,NEUTRAL
"RT @Ashu180489: Progress is a Process , Surprised to see a sensible topic trending worldwide in #twitter",NEUTRAL
"@SusanFelicity Many people pay little attention to important issues. I strongly believe social media, like #twitter, is changing this.",NEUTRAL
"@BenFolds p.s. I would have never used the word ""playa"" over ""player"" if #Twitter wasn't so restrictive...",NEUTRAL
#Twitter'OFF :| GN'♥,NEUTRAL
"RT @MinisterOnline: its ok to put up bible verses & encouraging post about God on #Twitter, but make sure you stand by your words, cause ...",NEUTRAL
Hitting the sack early. G-night #twitter,NEUTRAL
"RT @KanvasKings: 1,500 #followers on #Twitter and 2,500 #fans on #Facebook? Takeover imminent? #HellYeah. ALL SHIRTS JUST $15 til Monday!",NEUTRAL
Follow me on #Twitter @CatchASet_ #TeamFollow &lt;3,NEUTRAL
"Progress is a Process , Surprised to see a sensible topic trending worldwide in #twitter",NEUTRAL
@glaad I already purple mine!!1 Both accounts on #Facebook and #Twitter,NEUTRAL
"its ok to put up bible verses & encouraging post about God on #Twitter, but make sure you stand by your words, cause your an example.",NEUTRAL
These Hoes Follow Me Like #Twitter !,NEUTRAL
I just installed Twidroyd for #Twitter on my #Android Phone - It's #Free and you can mute users :) http://t.co/eM2yDlRs,NEUTRAL
RT @ChrisPirillo: Tired of those spammy Twitter DMs? http://t.co/atMIoMoO #twitter #spam,NEUTRAL
#twitter OFF&lt;3,NEUTRAL
Shout out to all the single mothers on #Twitter,NEUTRAL
im tired gonna get to bed peace out #twitter,NEUTRAL
"Well...#twitter Off,,,,",NEUTRAL
Aye @Me_Cedez get my bay out da way @Ful1time  ( swirlZ) gotta #Twitter,NEUTRAL
Let's go see what is trending on #Twitter tonight?,NEUTRAL
He Like Kissing The Little Pink Puss Lls #Twitter This After Dark,NEUTRAL
"#Twittertip: How to Keep Up With Over 100,000 #Twitter Followers http://t.co/o3oH3YPB RT @anntran_",NEUTRAL
#Twitter (of),NEUTRAL
RT“@reimeraaron: #twitter keeps me from sleeping! #soaddicted”,NEUTRAL
Shout ou to all my followers! #TWitTER,NEUTRAL
RT @TeachHub 50 Ways to Use #Twitter in the Classroom http://t.co/lJiN0See #education #ntchat,NEUTRAL
@Slater_Boy Needs to take his ass to sleep... Its grown folks hour on #twitter,NEUTRAL
#Twitter Buzz Builds for the Occupy Wall Street Movement [CHARTS] http://t.co/mTdvRoIj,NEUTRAL
#wendywilliams just said she was a woman bitch please stop lien on #twitter and on #nationaltv we all know your a man,NEUTRAL
Put your twitter on autopilot and let it gain followers for you!! http://t.co/hze1TqAl #TeamFollowBack #Twitter #autopilot #1000aday 18,NEUTRAL
U put w/eva comes to mind on #twitter but let me try n do it ima be a rat or something smh the nerve of dese #NIGGAS!!!!',NEUTRAL
GN #Twitter.......z.z.z.z.z.z Z  Z z z z,NEUTRAL
Twitter Buzz Builds for the Occupy Wall Street Movement [CHARTS] http://t.co/E44Qd1u2 #Twitter,NEUTRAL
i've been slackin on my #twitter game,NEUTRAL
RT @AHennessyWorld: #Twitter I apologize 4 being out of line regardless what sum1 does  I promise 2 remain humble keep it from public ey ...,NEUTRAL
Brilliant (if you have a spare 12mins to watch): Have I Shared Too Much? http://t.co/tEwNhhUk #Twitter #LinkedIn #Facebook #in,NEUTRAL
#twitter keeps me from sleeping! #soaddicted,NEUTRAL
#twitter be making my ass stay up later than planed,NEUTRAL
Follow your interests. #twitter,NEUTRAL
"Lmao. RT @MissAyunnaaa Well that's my que, bye #Twitter , #oomf finna start quotin lines from #ATL lol",NEUTRAL
@twitter  + @tumblr  = Drugs are severe. #twitter #tumblr,NEUTRAL
RT @extremejohn Stuck on Facebook? I’m so sorry.  http://t.co/aGHbaQmn #Twitter #Google  #Facebook,NEUTRAL
GN #twitter off.,NEUTRAL
why am i #rambling on #facebook i keep forgetting i have #twitter.. then remember and come back.. every 3 seconds.. -_- ... o_O,NEUTRAL
#Twitter I apologize 4 being out of line regardless what sum1 does  I promise 2 remain humble keep it from public eye!iloveya#HennessyNation,NEUTRAL
17 Things You Didn’t Know About #Twitter: http://t.co/LL61rx2R via @TweetSmarter RT @sharonhayes @ChoiceZnewZ #facts,NEUTRAL
#goodnight #twitter,NEUTRAL
I think @SchwastySmack needs to cool her roll on her #twitter game.,NEUTRAL
Things that #heatmeup : when people put the # on facebookposts when they dont even have a #twitter. #getaclue,NEUTRAL
goodnite #twitter (:,NEUTRAL
"Out of #curiosity, #doesanyoneknow if it's against the #Twitter #TOS to use #hashtags so #eggregiously as I seem to be doing #tonight?",NEUTRAL
RT @JonJars: #twitter; for those statuses you'd never post on #facebook,NEUTRAL
"@TheRealJedaD If her name ain't #Twitter then ur not bcuz u been on here for a minute goin HAM...lol, I'm Just Sayin!!",NEUTRAL
Tired of those spammy Twitter DMs? http://t.co/atMIoMoO #twitter #spam,NEUTRAL
@bhammz Welcome to #Twitter,NEUTRAL
its funny how you can take time out your precious #twitter time to monitor or judge what in saying,NEUTRAL
"#Twitter honey i don't freaking know anymore &gt;&lt;""",NEUTRAL
@cpmorris congrats on joining #twitter,NEUTRAL
@Adaddy101 @johnodame .. all this flirting over #twitter is starting to make me think you guys got a crush on each other #bromance.,NEUTRAL
#Twitter it's been a pleasure but I have to go exercise and eat dinner! Possibly be back b4 I sleep? We'll c! I am #BLESSED & we all are! =),NEUTRAL
#OkUPrettyBut you never talk shit on #Twitter @HannahMcCall1 :),NEUTRAL
"#ihateitwhen i think of a cool twit,by da tym i grab da fone & load #twitter i would have forgotten it!!! #dumbass",NEUTRAL
Lol itss ben a #year since i had a #twitter but i jus start using it,NEUTRAL
RT @KiLLiN_EmSoftly: who follows ppl then unfollows them?!..  #YourLameAsHell tryna make it seem like your somebody IMPORTANT!! it's onl ...,NEUTRAL
I want to be a #Twitter Cypher.,NEUTRAL
RT Is @Wahooly the long awaited way to make clear the ROI of #Twitter? http://t.co/rjY5WGr0 #socialmedia /via @socialmedia2day #gosocial,NEUTRAL
It's #real when you tell ur man how ur gfs roasted your ex on #twitter and he's like good job babe lol,NEUTRAL
#twitter; for those statuses you'd never post on #facebook,NEUTRAL
@msleamichele @NayaRivera @DiannaAgron @MsAmberPRiley please could u somehow convince #hemo to join #twitter we need her awesomeness!! #glee,NEUTRAL
"I just installed the new Twidroyd for #Twitter on my #Android Phone - It's #Free, give it a try. http://t.co/eKh5JmGp",NEUTRAL
"Its 11:56 &amp;, im going to sleep now &gt;.&lt; O&#39;well :) good night #Twitter .",NEUTRAL
Getting ready 4 bed... School tomorrow. We have an evacuation at school! Night #Twitter =],NEUTRAL
#Twitter off! See ya :D @justinbieber Love u and have #SweetDreams. ♥,NEUTRAL
Goodnight everyone #twitter off,NEUTRAL
i want him to make a #Twitter,NEUTRAL
Good Night #Twitter && #TwitterTweeters :),NEUTRAL
RT @Hirudineajigane: #Twitter Thank you.Read those great tweets.helps live better! :) Bows. http://t.co/FNKBW24F,NEUTRAL
@mpeagler http://t.co/1EYtmczJ @GetGlue #Twitter,NEUTRAL
#twitter/off,NEUTRAL
#Twitter Thank you.Read those great tweets.helps live better! :) Bows.,NEUTRAL
I might call it a night goodnight #twitter,NEUTRAL
"search #facebook for ""FACEBOOK/TWITTER INDIE ARTIST MUSIC NETWORK (WORLDWIDE)
"" add yourself for more #twitter followers! network here!",NEUTRAL
RT @iTweetTechNews: Famous wrestler Razor Ramon is trending on #Twitter.,NEUTRAL
RT @nine_oh: SIMPLY DA BEST ON #TWITTER MY TWEEPS @Mui_Dziak @Ecofriendly211 @wstein @imCHOKOLATEwhoU @SoDear2MyHeart @sscoop4 @PyrexPress,NEUTRAL
"Gonna Crash Out Pretty Tired, Night #Twitter&lt;3",NEUTRAL
#Twitter: What's happening? #Facebook: What's on your mind? #Myspace: Where is everyone?,NEUTRAL
@FATBOYFRESH87 Hey brotha I forgot you had a #twitter,NEUTRAL
"So what #twitter needs is a ""save tweet"" text function. So I could ""st @xyz 5"" to save the 5th most recent msg on twitter site to read later",NEUTRAL
"RT @SomalyMam: You follow me on #twitter, Like my #Foundation on #facebook http://t.co/3kGgPh7z! Together we can stop #humantrafficking",NEUTRAL
"I think I'm addicted to checking my #email, #twitter and #facebook",NEUTRAL
#Retweet #RT #BabyMamaDrama #BabyDaddyDrama #Twitter #S/O to everyone who read my blog www.cpc504.blogspot.com,NEUTRAL
"Thanks Irma @TellJuicy  ""TWITTER 4 BUSINESS"" November 16 http://t.co/gOrDf5dj @KingstonCC #Twitter #Melbourne #Business",NEUTRAL
@RashadHurst Pls let us know if you need help w/ music marketing promo. We got #Twitter & #Youtube on lock. http://t.co/fcPBcqLo,NEUTRAL
#IReallyHateWhenPeople TyP3 L!k3 tH!S Or #Use #Hashtags #In #Every #Word #On #Twitter,NEUTRAL
#Twitter Buzz Builds for the #Occupy_Wall_Street Movement [CHARTS] http://t.co/gHCez2Yk,NEUTRAL
enjoy  #Twitter Buzz Builds for the #Occupy_Wall_Street Movement [CHARTS] http://t.co/vKjwATSr great,NEUTRAL
RT @jeffbullas: What Is A #Facebook “Like” Worth For Your Business? http://t.co/BsT25W2u #SMM #SocialMedia #Twitter,NEUTRAL
Shes a freaked out philosopher on #twitter lol girl bye,NEUTRAL
gotta get back on my #twitter #grind,NEUTRAL
Best night inna while :) #newbestfriends wish you kids had #Twitter #amaturehour,NEUTRAL
RT @BucBoyy: - Ima Addicted To #Twitter.,NEUTRAL
#LOVATICS! Wanna be in a fan book for @ddlovato let me know and ill send wat needs2b in it via #twitter,NEUTRAL
"Off to sleeep , #goodnight #twitter",NEUTRAL
To much #twitter taking a break. ♣,NEUTRAL
these #chickz on #twitter stay with they #mommy,NEUTRAL
Wow jus made a #TWITTER i reallly dnt kno how o2 use it so i neea alittle help,NEUTRAL
#twitter should i upload tweetdeck for my laptop?!,NEUTRAL
Put your twitter on autopilot and let it gain followers for you!! http://t.co/hze1TqAl #TeamFollowBack #Twitter #autopilot #1000aday 23,NEUTRAL
Some people take themselves way too seriously...especially on #Twitter. It's amusing...to say the least. Bless your heart...,NEUTRAL
#twitter goin hammer,NEUTRAL
@IamTinaThompson @JudgeGregMathis is on #twitter also!!,NEUTRAL
Welcome to #twitter @jackpot15!!,NEUTRAL
Hello! Welcome to #twitter RT “@beabea210: @ACCU_MED ....hello Accu-Med!!!”,NEUTRAL
@karth_vader_ when did you change your nick again? I no longer see any of your tweets on my timeline. Anything wrong with #twitter?,NEUTRAL
- Ima Addicted To #Twitter.,NEUTRAL
Everyone be sure to follow me on #twitter @mellee_love and check out my boy @TheRealDWI CT stand up!!,NEUTRAL
RT @OKadeState: @Paigemorse1 tweeted!  Its official she is still alive #Twitter,NEUTRAL
Good morning #twitter.,NEUTRAL
Ways in which you can use #Twitter to your professional advantage http://t.co/E3xK1w67 @writeychap,NEUTRAL
"@winnipeg_rt @andkatmy #Winnipeg needs better local news coverage, tired of not being in the know Thanks #twitter",NEUTRAL
BRB #twitter;p,NEUTRAL
Thank you @logoninjas for following us on #twitter - awesome name btw!,NEUTRAL
Good night #Twitter Off(:,NEUTRAL
RT @frizzy_drizzy: @iTaylor_Simpson u post on #twitter to much like ery 5 sec #Damn,NEUTRAL
@king_fizzy & @_Bigrob step your #twitter game up @elijahcrago is starting to catch up,NEUTRAL
Good Morning #Twitter! Have a nice day. :},NEUTRAL
"SO IT'S BEEN A LOOONG MINUTE 
BUT #TWITTER, IM BACK 
& WITH A CLOTHING LINE!

#SWAGG",NEUTRAL
@iTaylor_Simpson u post on #twitter to much like ery 5 sec #Damn,NEUTRAL
#Everybody on #twitter go in tha.#bathroom and say #bloodymary3 times wit tha light off,NEUTRAL
"Thought about changing my #twitter profile to I'm tall, dark & single, but don't think I could take the responses if any! Lol. Night folks.",NEUTRAL
Follow your interests #twitter,NEUTRAL
Out of my 7 months of actually gettin on #Twitter. I've only been in #TwitterJail lik 3 times.... #ThugLife! They were long sentences! Lol:),NEUTRAL
What Is A #Facebook “Like” Worth For Your Business? http://t.co/BsT25W2u #SMM #SocialMedia #Twitter,NEUTRAL
Put your twitter on autopilot and let it gain followers for you!! http://t.co/hze1TqAl #TeamFollowBack #Twitter #autopilot #1000aday 27,NEUTRAL
"Dear #twitter, Now that we all know I'm awesome could you  write me a new ""all about me"" for my profile because really you do know me best.",NEUTRAL
bout to pull up... he see me on #twitter his ass gone flip,NEUTRAL
Shout out to my man @swaggination for reaching 1000 tweets #twitterswag #twitterdeity #twittermilestone #twitter #twitter #tweets,NEUTRAL
Goin to bed #GOODNIGHT #TWITTER,NEUTRAL
Being able to share our thoughts with the world is awesome&gt;&gt;Hooray for #Twitter,NEUTRAL
@grahamgoingham it's a true delight to see you on #Twitter. P.S. you rocked the house tonight.,NEUTRAL
Goodnight #Twitter :),NEUTRAL
"RT @SomalyMam: You follow me on #twitter, Like my #Foundation on #facebook http://t.co/acaP03y9! Together we can stop #humantrafficking",NEUTRAL
"nitee
#Twitter & #Followers",NEUTRAL
Time for bed good night #twitter,NEUTRAL
wanted to say nite  #twitter,NEUTRAL
Everybody a somebody on #twitter!!!!!! FAKE ASSES,NEUTRAL
RT @nataliajones: Use #Twitter to generate traffic to your website http://t.co/72YmN3kD,NEUTRAL
who follows ppl then unfollows them?!..  #YourLameAsHell tryna make it seem like your somebody IMPORTANT!! it's only #TWITTER! smh..,NEUTRAL
#Followme dijo #Twitter :D,NEUTRAL
That shit lame trynna fuck with somebody through a DM on #twitter thoo  ?,NEUTRAL
If @Mr_A_Johnson is up. #twitter is gona have some technical difficulties,NEUTRAL
RT @Nawwaf91: Some people take ' following & unfollowing ' personally. #Twitter,NEUTRAL
coming back soon!!!! #twitter...,NEUTRAL
"Damn girl I'll follow u to the end of the road

#twitter",NEUTRAL
twitter people when someone blocks u can they see ur twitts direct to them? #twitter,NEUTRAL
#twitter I'm off to bed with two crazy pups. #lovethem http://t.co/FSLFpMOb,NEUTRAL
Lets not throw CJ under the bus yet.. Hes still a 100 million dollar #twitter guy!,NEUTRAL
"need #facebook fans, #twitter followers and #youtube views by nvida2: i need… http://t.co/tK6IHH2B #freelance #job",NEUTRAL
Put your twitter on autopilot and let it gain followers for you!! http://t.co/hze1TqAl #TeamFollowBack #Twitter #autopilot #1000aday 10,NEUTRAL
Gud morning #twitter,NEUTRAL
"I didnt know there wad a test..RT ""@DashBurst: Downloadable #Twitter Cheat Sheet - http://t.co/bHXpqYo5""",NEUTRAL
RT @x_JustLucky_x: I don't know why I even bother checking FB anymore. I stare for two minutes and just log off lol #Twitter&gt;Fb,NEUTRAL
Boa noite #Twitter (:,NEUTRAL
#twitter off',NEUTRAL
Swaagg me outt #twitter,NEUTRAL
"1,500 #followers on #Twitter and 2,500 #fans on #Facebook? Takeover imminent? #HellYeah. ALL SHIRTS JUST $15 til Monday!",NEUTRAL
"I had my #Twitter account for like 3 years now.....and I only made 4,783 tweets? o_O",NEUTRAL
RT @extremejohn Stuck on Facebook? I’m so sorry.  http://t.co/JcJBfZ8W #Twitter #Google  #Facebook,NEUTRAL
#Twitter Buzz Builds for the Occupy Wall Street Movement [CHARTS] http://t.co/DAr3Ef5T #uncategorized,NEUTRAL
Twitter's Thinking About Paying People to Tweet - Technology - http://t.co/zA9h5o5U #PayMe #Twitter,NEUTRAL
"So sleepy and tired, going to bed! Nigh #Twitter !",NEUTRAL
"I just installed the new Twidroyd for #Twitter on my #Android Phone - It's #Free, give it a try. http://t.co/UGPTuUcZ",NEUTRAL
@iamRoyaltyFRESH Pls let us know if you need help w/ music marketing promo. We got #Twitter & #Youtube on lock. http://t.co/U0HzoVQF,NEUTRAL
What is the difference between #twitter and #googleplus??,NEUTRAL
"@thiagozito #Twitter, #MsN, #Orkut #Facebook & o Principal #Musicaa Haah'",NEUTRAL
"i just realized... if i have a ridiculously long name in #twitter, no one could reply to me. *hmm* the possibilities.",NEUTRAL
"I just installed the new Twidroyd for #Twitter on my #Android Phone - It's #Free, give it a try. http://t.co/aik96UXm",NEUTRAL
RT @CNBC: The World's 10 Most Tweeted Moments - Link to Story   http://t.co/iKZiM8i5  #Twitter,NEUTRAL
"booiiiii
me feeel like some slp a come on
Gd nite #twitter",NEUTRAL
#Twitter #NYERRR,NEUTRAL
#twitter is great once you get the hang of it“@HaxxDubbz: @CBMonarch @Bran_Day I told her to get one to be a cool kid lol”,NEUTRAL
#twitter #OFF,NEUTRAL
@MindPhucked you changed your #twitter name?!,NEUTRAL
wait... i don't really care what people are doing in their daily lives #twitter,NEUTRAL
Tweet tweet #twitter,NEUTRAL
@ChinkiiBeauty y u up..#Twitter,NEUTRAL
why tha fuck ppl post everything on #twitter u cant #im on here what is it for someone tell me please,NEUTRAL
@BADDchikkENT See What I Mean #Twitter o_O,NEUTRAL
#twitter off ',NEUTRAL
The Power of #Twitter http://t.co/wtVvZ8G4,NEUTRAL
CAN SOMEONE EXPLAIN TAGGED TO ME LIKE DONT GET MAD AT ME CAUSE #TWITTER AN FB MY SHIT!!,NEUTRAL
Somebody help me? Is apple not on Twitter? That seems very weird. #apple #twitter,NEUTRAL
Ugh idk how to use this thing #twitter #helpme,NEUTRAL
"Who will be our #Twitter #winner 4 #daytimewdonna giveaway for $100 this Fri. Tweet about our show, our guests, why you LOVE us use #dwd100",NEUTRAL
Put your twitter on autopilot and let it gain followers for you!! http://t.co/hze1TqAl #TeamFollowBack #Twitter #autopilot #1000aday 29,NEUTRAL
#Oomf dnt start dis sh*t on #twitter,NEUTRAL
@garbage Welcome to #Twitter!,NEUTRAL
Good night #Twitter and #TheLegionoftheFallen.  5:45am cimes awfully early!,NEUTRAL
Tips for Reaching Out to Twitter's 50 Million Daily Users http://t.co/IF3IVLWN #twitter #mediagofer #socialmedia @SMsavvy @PRmate @KMiones,NEUTRAL
What do u think of Location Lock's new #twitter #logo? Can u see the cross hairs for when GPS tracking locks on 2 ur fleet vehicle?,NEUTRAL
GN #TWITTER,NEUTRAL
"#Twitter #Melbourne #Business ""TWITTER 4 BUSINESS"" November 16 http://t.co/wiZ4omU0 @KingstonCC @KeithKeller",NEUTRAL
Twitter Buzz Builds for the Occupy Wall Street Movement [CHARTS] http://t.co/3xZgtWFx #twitter,NEUTRAL
Use #Twitter to generate traffic to your website http://t.co/72YmN3kD,NEUTRAL
I just installed Twidroyd for #Twitter on my #Android Phone - It's #Free and you can mute users :) http://t.co/kIHs1HRm,NEUTRAL
#twitter off!!*,NEUTRAL
"RT @WinklrSprinklr: @JenWeedin listen here, @ShaunaWalters8 is new to #twitter and needs practice.  support her here brat!  #goodsamarit ...",NEUTRAL
"Personally,i dont have time for that and dont really care about what everyone in the world on #facebook and #twitter care about how i look.",NEUTRAL
I just installed Twidroyd for #Twitter on my #Android Phone - It's #Free and you can mute users :) http://t.co/JlrUWRf6,NEUTRAL
I can live without facebook. just #twitter and #tumblr and #youtube proven and tested. LOL give me back my facebook nowww! LOL,NEUTRAL
@SeanL44 It may be a little much. Haha #droptheknife and add @frankhenchUSA to the picture like on your #Twitter account. #growuppeterpan,NEUTRAL
Can you say #twitter those #followers who are #following me??,NEUTRAL
@HectorAlteto welcome to the #twitter,NEUTRAL
RT @BucBoyy: - It's So Funny Because She Got A #Twitter Now Lol.,NEUTRAL
@dellmanning Its always on this #Twitter shit doe,NEUTRAL
Put your twitter on autopilot and let it gain followers for you!! http://t.co/hze1TqAl #TeamFollowBack #Twitter #autopilot #1000aday 19,NEUTRAL
"I just installed the new Twidroyd for #Twitter on my #Android Phone - It's #Free, give it a try. http://t.co/dN3qwkkb",NEUTRAL
@Angelique_lique yooo my nigga i sooo blowed i forgot bout #twitter but im bkkkkkk,NEUTRAL
"time to change my twitter app, what's the best one for my iphone? Help please? #twitterapps : #twitter vs. #tweetcaster vs. #ubersoical ?",NEUTRAL
Man i love #Twitter!!,NEUTRAL
RT @Juani_2: You doing a lot of hating guy RT @Blue_Chipperz: This nigga need to go to #Twitter Jail,NEUTRAL
RT @MontrelCox: It's twitter. Get over it or go back to Facebook and unfollow me. This is my free forum to say exactly what thee fuck I  ...,NEUTRAL
Well I'm kinda really #bored right now.... time to waste some time reading #quotes on #twitter,NEUTRAL
"@JenWeedin listen here, @ShaunaWalters8 is new to #twitter and needs practice.  support her here brat!  #goodsamaritanswag",NEUTRAL
RT @Grazitti: #Twitter to Reformat All URLs With T.co	http://t.co/jnmnbs9W,NEUTRAL
Get your #Twitter #marketing #campaigns built by an #SEO expert: http://t.co/7FttDde4,NEUTRAL
37 Ways to Use #Twitter for Business	http://t.co/HGhMpoSE,NEUTRAL
37 Ways to Use #Twitter for Business	http://t.co/MT9RdrCz,NEUTRAL
#Twitter to Reformat All URLs With T.co	http://t.co/WQh2pHEA,NEUTRAL
#Twitter to Reformat All URLs With T.co	http://t.co/jnmnbs9W,NEUTRAL
Do you Share More #jokes #quotes #music #photos or #news #articles on #Facebook or #Twitter?,NEUTRAL
RT @JLachance04: What a day @davislachance and @braedonrice get #twitter @BigDenMoments,NEUTRAL
@GForbz3 ma g wass good with you!! Didn't even kno you was on #twitter when was the last time you touched down in the city??,NEUTRAL
Don’t seek followers unless you’re ready to treat them like the real people they are http://t.co/qa1JFSka #Twitter RT @TweetSmarter,NEUTRAL
@Katieec7 lmao I love it please be on #twitter all the time so I have another friend to @mention,NEUTRAL
gooodnight #twitter,NEUTRAL
so #twitter who wants to buy me #lunch?,NEUTRAL
"RT @elishiawindfohr: #Twitter: Each second there are 2900 new tweets, for a total of 250 million per day and 7.5 billion per month. Rate ...",NEUTRAL
Hates facebook whores #twitter,NEUTRAL
#Twitter #Off',NEUTRAL
"Let's be honest #twitter, nothing's #trending en #español.",NEUTRAL
I hate when my phne do what it want on #twitter,NEUTRAL
Waz Sup #Twitter,NEUTRAL
"AHHHH!!!!! FUCK IT!!! Goodnight!!
#twitter",NEUTRAL
alrite back to this lab report. Later #Twitter,NEUTRAL
#twitter and fb# off,NEUTRAL
#twitter I hope all of you never stop dreaming! Because dreams fuel your soul! I love dreaming big and seeing what happens!,NEUTRAL
Ahhh!! Why is #Twitter so #addicting,NEUTRAL
@deferom lol omg you should write #none #twitter #foreveralone. Don't forget the hashtags.,NEUTRAL
@teggyboy00 oh wow lmao thank no wonder why no one answered me !! addicted #twitter,NEUTRAL
- It's So Funny Because She Got A #Twitter Now Lol.,NEUTRAL
RT @AmySimendinger: @rachiecrewz dude you can't just makeup your own fucking hashtags...learn how to use #twitter,NEUTRAL
Put your twitter on autopilot and let it gain followers for you!! http://t.co/hze1TqAl #TeamFollowBack #Twitter #autopilot #1000aday 9,NEUTRAL
Goodnight #twitter see you in the morning for another #successful day!,NEUTRAL
#Twitter'Offf :D,NEUTRAL
@Obamaphile @vegascharlieb your not in #twitter jail again r u ?,NEUTRAL
RT @mmurrayphoto: Sounds like #CJ20K is going down sooner than later. #twitter #lookout,NEUTRAL
"Well that's my que, bye #Twitter , #oomf finna start quotin lines from #ATL lol",NEUTRAL
#Twitter-on-,NEUTRAL
AND HOW EVERYTIME I #GAIN A #FOLLOWER IT SAY I #LOSE ONE? #FUCKINUP #TWITTER VERY HEAVILY......#PROMOALLDAY #TMW #FOLLOWLIMITISGAY #STEPITUP,NEUTRAL
@ZackSiam you just might be the most influential man in the #twitter universe,NEUTRAL
"RT @aDUBatSDUB: #facebook, #Twitter , #spongebob, #nirvana. Great way to spend the night. :D",NEUTRAL
"Funny how social networks prod you to be always on ya keypad, #twitter-what's happening, #Fb-what's on your mind?",NEUTRAL
Going to bed now #goodnight #twitter. Sleeping in tomorrow cuz it's fall break #winning,NEUTRAL
RT @JOMANERH: My #twitter age is 234 days 13 hours 41 minutes 16 seconds. Find out yours at http://t.co/MT0VAJwd #twittertime,NEUTRAL
Sounds like #CJ20K is going down sooner than later. #twitter #lookout,NEUTRAL
@Presidential_FU  do me wrong #twitter,NEUTRAL
@HOLLYcash mann u can have ah olelady but them hoes for everybody son I been doin dis u stop catchin feelings its #twitter,NEUTRAL
Being Choosy With Twitter: The Follow-Back Conundrum http://t.co/K2rRC2ir #socialmedia #twitter #mediagofer @media_guerilla @SMsavvy,NEUTRAL
Back in the #twitter game,NEUTRAL
NIGGAS B TALK REACLESS OVA #TWITTER LIKE I DNT GOT DAT TOOL N MI TRUCK #BASKETBALL OV COURSE,NEUTRAL
ok man down... I will own #TWITTER 2morrow!,NEUTRAL
#twitter,NEUTRAL
Novo #Nick in #twitter. Hehe'  (:,NEUTRAL
Sometimes I get so lost in #twitter that I end up living vicariously through other people #massconfusion,NEUTRAL
“@JennyOrWuuut: I wishh #twitter would tell me who retweets my stuff.”it does,NEUTRAL
RT @JennyOrWuuut: I wishh #twitter would tell me who retweets my stuff.,NEUTRAL
#Twitter Buzz Builds for the Occupy Wall Street Movement [CHARTS] #SocialMedia #SMM http://t.co/X55u6i4w,NEUTRAL
How about @MattSloyer on the #twitter!,NEUTRAL
@briannaa___ Pls let us know if you need help w/ music marketing promo. We got #Twitter & #Youtube on lock. http://t.co/8HFfjJv5,NEUTRAL
Night #twitter lord please let that girl get some sleep,NEUTRAL
"“@KekeLauren @IGoHard_NoBONER Yooooo ""Mena Malia"" lOl I love your #Twitter name”",NEUTRAL
Its new #Theme after #Updates have to b use with it. Though I like #Old theme of #Twitter for #Android,NEUTRAL
I wishh #twitter would tell me who retweets my stuff.,NEUTRAL
Told myself I was in the bed #early tonite & somehow I end up back in the computer lab on #Twitter...smh guess it's the #Gemini in me,NEUTRAL
If u say u 100% REAL all the time...KILL YOURSELF ASAP!..Everybody have their fake moments so don't Front for #Twitter -----_________-------,NEUTRAL
#twitter is like therapy for sum people say wat you feel & get alot off yo chest.. And don't care wat the next person say,NEUTRAL
Whats a good #twitter ap for #iOS that links to #FB accounts to post links? #help,NEUTRAL
#Twitter Buzz Builds for the #Occupy_Wall_Street Movement [CHARTS] http://t.co/znFYtK9P @mashable #social,NEUTRAL
#2000tweets !!!! #milestone #twitter,NEUTRAL
#twitter off,NEUTRAL
Woooow I just log out from #twitter and there's more than 60 #tweets on my #timeline,NEUTRAL
"#twitter Scientists Use Twitter To Track Flu Epidemics, How to Stay Healthy This Flu Season (RT This) http://t.co/ZhgyinIi",NEUTRAL
@Teah2015 I had to inform my #twitter account that you weren't a stranger and give you permission to see my stuff. Not sure why that is..,NEUTRAL
"RT @SomalyMam: You follow me on #twitter, Like my #Foundation on #facebook http://t.co/A1zgaK5l! Together we can stop #humantrafficking",NEUTRAL
"@IGoHard_NoBONER Yooooo ""Mena Malia"" lOl I love your #Twitter name",NEUTRAL
Goodnight #twitter,NEUTRAL
groupies follow me like #twitter.....lol jk,NEUTRAL
"I just installed the new Twidroyd for #Twitter on my #Android Phone - It's #Free, give it a try. http://t.co/nvNns7VR",NEUTRAL
RT @loveable_letty8: Night #twitter,NEUTRAL
"RT @Capo_Young: ONE SERIOUS STATEMENT THO ! 
#Twitter BLOCKED the #Troy Davis #TT 
#Twitter was COOL w #AmberCole 
in my opinion .... BU ...",NEUTRAL
Some users are reporting problems with missing mentions. More info from #Twitter : http://t.co/dTQ23G5G,NEUTRAL
- My Cute Friend @MelodyBtcc Finally Got A #Twitter :),NEUTRAL
From my blog: ##changingdiapers Party #Summary & Winners List http://t.co/QfZHtNJs #twitter #upcomingparty,NEUTRAL
Bout to tweet about tweeting #twitter #Seahawkswag,NEUTRAL
"Goodnight, #Twitter.",NEUTRAL
AbOut TO BAMMER On #Twitter,NEUTRAL
it runs the world #twitter,NEUTRAL
Ain't really been on all day! Suppppp #Twitter,NEUTRAL
#Twitter how do you know that I think that @SofiaVergara is the funniest member of the #ModernFamily cast?!,NEUTRAL
GOODNITEE #TWITTER!!!,NEUTRAL
"Meu twitter tá ficando velho já, My #twitter age is 285 days 8 hours 52 minutes 40 seconds",NEUTRAL
My #twitter age is 285 days 8 hours 52 minutes 38 seconds. Find out yours at http://t.co/q5mvW7VF #twittertime,NEUTRAL
"ONE SERIOUS STATEMENT THO ! 
#Twitter BLOCKED the #Troy Davis #TT 
#Twitter was COOL w #AmberCole 
in my opinion .... BULLSHIT .",NEUTRAL
#Twitter-off,NEUTRAL
I OUT #Twitter Till 2mar,NEUTRAL
#twitter off!!...,NEUTRAL
RT @MizzSpicey: Now tuned in to http://t.co/DYMDmU3z with @deejaydenco! #WorldWide #Twitter #Facebook join me!!! #RT,NEUTRAL
#Twitter Im coming home Im coming home tell the world that Im coming home lls,NEUTRAL
#TeamFollowBack #TFB #MustFollow #MF #FollowNow #FN #FollowFriday #FF #IFB #Twitter #Follow @rudybren @chtvn @ulchky @anibalfreitas45,NEUTRAL
"Wordd ""@BblowPoundz This #TT was well needed cuz I thought #Twitter was dien.",NEUTRAL
Thanks for the #follow don't forget to add us to your #Twitter list,NEUTRAL
"#Retail friends, follow @MicrosoftHelps on #Twitter.  A GREAT resource and the official account for @Microsoft #CustomerService & Support!",NEUTRAL
Mo'fucka i dont give a fuck it its #FaceBook or #Twitter i express my self how ever da fuck i can..so go suck a dick u bitch.! Haha,NEUTRAL
I wonder if I was to get at a celebrity's neck on #twitter. Will I be on the news or radio. #planForFame lmfao,NEUTRAL
"I Feel Like #Promoting Anyones #Twitter Page (♦MENTION ME IF YOU WANT TO GET #PROMOTED♦) [ #PromoteBack ]
#Followback",NEUTRAL
#bedtime #goodnight #twitter,NEUTRAL
Night #Twitter,NEUTRAL
the marijuana loud so the hoes follow like #Twitter,NEUTRAL
This #TT  was well needed cuz I thought #Twitter was dien.,NEUTRAL
@asshsmith never #twitter is where i #speakmymind #hahahahahaha,NEUTRAL
Twhistler makes Twitter sing!  #twitter http://t.co/wwNZ6dx6,NEUTRAL
“@Blue_Chipperz: This nigga need to go to #Twitter Jail”DAAAYUM DOG !! lOl,NEUTRAL
RT @J_Roc616: She lovin #JohnnyVegas!! But no #Twitter,NEUTRAL
I love my #twitter name.,NEUTRAL
Something something qanda. Something something the world is serious #twitter,NEUTRAL
This nigga need to go to #Twitter Jail,NEUTRAL
#Tweetdeck working but not #Twitter for #Android,NEUTRAL
#TWITTER #OFF DO #BrUnODeLuCaS :」,NEUTRAL
gud mrng #twitter & all my frnds too. ;),NEUTRAL
Increase your #twitter followers and or your #fan count via -http://bit.ly/qMc4K7,NEUTRAL
☼ #SOLAR ☺ @RhondaParsons ☼ @SOLar_sister ( A simpLe @ #symboL and AN #underscore ) This is #twitter WHERE WE #twEEt ☼,NEUTRAL
"@madtruckman 'Modern Day Autograph"", I like the way you put that. #twitter",NEUTRAL
62 Ways to Use #Twitter for Business: http://t.co/jYXK7OkC #tweets #socialmedia,NEUTRAL
"Log off #Facebook On #Twitter , But I Think i'm bout to going to sleep...",NEUTRAL
"""#twitter's dumb, I don't like it.""  Hush up, Justin.",NEUTRAL
It's almost 4:20. Where is your bong? Is it packed! Let's rip a bowl over the time space continuum that is #Twitter,NEUTRAL
Noches #Twitter fue un dia bonito :),NEUTRAL
@EddDarkfawn Eso digo yo! pa estar uno emboltijado viendo pelis de terror y no bajando los canastos en #Twitter! ajajajajaja,NEUTRAL
@isa13mp27 jajajaja isaaa  ..!!lo mas en #twitter !!,NEUTRAL
oh. kita anak baru ni ya... ceritanya di #twitter ni ..,NEUTRAL
Ya ni en #Twitter estoy a salvo,NEUTRAL
No se por que #twitter saca mi lado filosófico,NEUTRAL
"PartyLiveFree #TWITTER FOLLOWERS, #FACEBOOK LIKES, YOUTUBE VIEWS, EMAIL BLASTS, ETC. http://t.co/fJ8BigTe",NEUTRAL
نفسي يوم يعدي علي تويتر من غير مشاكل فنية #Twitter,NEUTRAL
uuchas... #twitter menso! dormish bye! xD,NEUTRAL
awwwns Qeriido #Twitter! Grasiias poqe en ti puedo desahoqar miis indirectaaas!:D,NEUTRAL
"#Twitter, #Facebook, #Google+ ,#YouTube, #Msn ,#Gmail #OFF A dormir se ha dicho =)",NEUTRAL
"#Twitter, #Facebook, #Google+ ,YouTube, #Msn ,#Gmail #OFF A dormir se ha dicho =)",NEUTRAL
Chavez to return to Venezuela after medical tests - Boston Globe  #twitter #news,NEUTRAL
"Me estoy jeteando, pero no puedo dejarte, #Twitter",NEUTRAL
:P RT @eduardo_666_: @AleCP93 Hey broo graxiias por recordarme qe existe #Twitter jajajaja!!! Teniia siglos de no usarlo jajaja!!! :),NEUTRAL
Tõ De PaqueeRa em uma Linda Mulher Aquii no #twitter &lt;~~Linda,NEUTRAL
Estoy dando clases de #twitter @jasaro10,NEUTRAL
El #twitter me roba mis pensamientos! Hahaha!,NEUTRAL
Epa!... Pa' los que estamos estrenando #twitter @RogerAlexiis jajaja  ✔,NEUTRAL
"Me he vuelto un ser nocturno gracias a las redes sociales, #Twitter como una de mis favoritas #MoreDigitalLessHuman",NEUTRAL
"@AleCP93 Hey broo graxiias por recordarme qe existe #Twitter jajajaja!!!
Teniia siglos de no usarlo jajaja!!! :)",NEUTRAL
#twitter تويتر حيث تنتقل الثرثرة من اللسان الى الاصابع,NEUTRAL
Me tokó bolber a komprar la aplicacion de #twitter x q c abia trabado :S,NEUTRAL
Que le pasa al #Twitter... #Chingado,NEUTRAL
#IOS 5: Cómo integrar #Tweetbot en lugar de #Twitter http://t.co/tjzscoAl,NEUTRAL
Ahh actualicé #Twitter en el telefono!! Ahora si me van a llegar las menciones #pffffff,NEUTRAL
"@Juanbatero1 puchis, apareciste en #twitter voss.... q onda...q congelada la q me estoy dando vos...",NEUTRAL
@pani_mondragon =O como dices eso =( pss no tengo servicios en la bb solamente #twitter,NEUTRAL
Tengo que estudiar para mis expos de mañana pero no... yo en #twitter,NEUTRAL
#TeamFollowBack #TFB #MustFollow #MF #FollowNow #FN #FollowFriday #FF #IFB #Twitter #Follow @MilliondollaPD,NEUTRAL
@Victorafrosan X. G. R. ? No pues ni el nombre de tu novia me se como para tener su #Twitter,NEUTRAL
aa laa gran laa compuu se trava sii tengo #twitter y #facebook aviiertooos,NEUTRAL
#twitter Mii MediO de #DesahOgo..!!,NEUTRAL
RT @itoHedz: #Twitter donde las peleas entre personas son mas comunes que frutas en un mercado.,NEUTRAL
@Paatty_cl #EsNaco Componerle una cacion a Mf y presumir de ella en #Twitter,NEUTRAL
"paradão , no , #twitter",NEUTRAL
@ElieDzR  aqui en casa escuchamdo musica en el #ipod y jodiendo en #twitter jaja #normal,NEUTRAL
#Twitter donde las peleas entre personas son mas comunes que frutas en un mercado.,NEUTRAL
RT @Viny1970: só vejo @DadynhaSantos dando #RT em conversas no #twitter --',NEUTRAL
#CHISTE : EN QUE SE PARECEN LOS PITUFOS AL #TWITTER ? R= EN QUE LOS 2 TIENEN EL PAJARO AZUL XD,NEUTRAL
Saindo #Twitter !,NEUTRAL
#TeamFollowBack #TFB #MustFollow #MF #FollowNow #FN #FollowFriday #FF #IFB #Twitter #Follow @AmandaDGAF_16,NEUTRAL
só vejo @DadynhaSantos dando #RT em conversas no #twitter --',NEUTRAL
"Hasta mañana mi gente linda de #Twitter y #Facebook
sweet dream &lt;3",NEUTRAL
3 razones por las que #Twitter mejora la escritura: http://t.co/MBbzZGOR,NEUTRAL
Y pues ya me voy a dormir... Comper se quedan es su #Twitter !!,NEUTRAL
Lo primero que pongo cuando abro el navegar es #Twitter Luego #Facebook y de ultimo #Hotmail! jajaja!,NEUTRAL
A ver si me meto en la #adiccion esta de la #mierda de #twitter,NEUTRAL
"si es ese dia, voi a kumplir 2 años kon el #twitter :D",NEUTRAL
Hoy #MiDia #Facebook #Twitter #Noticias todo ha estado super divertido y acelerado ¿Qué estará pasando?,NEUTRAL
kreo ke mi aniversario en el #twitter es el 24 de Dic. :O,NEUTRAL
:o hoy no e utilizado el #twitter para nada :s,NEUTRAL
Hasta el #queque de tarea pero heme aqui en #twitter y #FB jijijiji ya falta menos para terminar #thanksGod,NEUTRAL
#Facebook ah quedado en el olvido gracias a #Twitter,NEUTRAL
¡#twitter Tribune  está disponible! http://t.co/RBNiWUmI,NEUTRAL
"La arrolladora en #Tapachula, esperenlo 4 de Nov.,..!! &gt;&gt;XD&lt;&lt; --&gt; #recomendado,...!! #DalePLAY ,..!! &gt;XD&lt; #FollowME en #Twitter @Fm_antonio",NEUTRAL
Buenas noches a todos ya casi fin d semana y maÑana clase a las 7 ya el ultimo jalon #twitter off,NEUTRAL
Saludoss pa To' L@s Twitter@s Nocturn@s.. Jeje.. @elBellacoMusic Nose pero Ahoritaa me Sumbo Mas pal #Twitter q pal #Face..! #TadeModa ;),NEUTRAL
"- La vida es Corta por lo Tanto: Besa Poco a Poco, Rie Locamente, Ama de Verdad y Perdona Rapidamente! - ..

GoodNight #fb & #twitter :) ...",NEUTRAL
Ganun? Di ba kasama ang wit? lol RT @RobyQQ Your #Twitter followers either like you for your sense of humor or sex appeal.,NEUTRAL
"@_kellykatiucia q nada vc q é linda mesmo! :)  só no me lenbro o dia q eu segui vc, Mais ta bom, mais uma pessoal especial no meu #Twitter:)",NEUTRAL
quitandole las telarañas al #twitter jajaja,NEUTRAL
Ammazza... Anche su #twitter la gente dorme a quest'ora,NEUTRAL
Como esta la gent ermosa del #twitter n.n,NEUTRAL
Etre influent sur #Twitter: publication de contenus qui engagent à l'action. http://t.co/H2qmDwpP EN via @jeffbullas,NEUTRAL
Настоящий твиттерянин как только попадает в толпу стремиться тут же как можно быстрее попасть в #twitter,NEUTRAL
RT @shezyyee: Sunaa karo merii jaan in se un se afsaane / sab ajnabi hain yahaan kaun kis ko pehchane #Kaifi #Shair #Twitter,NEUTRAL
"o/ RT""@Cjas0007 Quien anda activo por el #Twitter ahorita???""",NEUTRAL
"#TOMANOCU EU SIGO GENTE QE SO POSTA COISA EN CANADEIS, UOL, #twitter doido --`",NEUTRAL
#Adomani #Twitter,NEUTRAL
@christianortizh ps tiene pedos y la neta lo entiendo sabes?.. Y luego yo contandolo en el #Twitter #noesdedios,NEUTRAL
"Comooo es q me dices q he llegado alos limites de uso #twitter no q lo nuestro duraria siempre,..... X)",NEUTRAL
#twitter OFF Hasta mañana xd =l,NEUTRAL
o #TWITTER é #FODA - Esposa defende Luis Fabiano no Twitter - Jogo Aberto 18/10/2011 =&gt; http://t.co/QdFWoDMD o bixo pegou!,NEUTRAL
buenas noches  #Twitter W:,NEUTRAL
jajajaja mi mama se metio en mi #twitter y en mi #facebook y escribio jajajaj te amo mami sos la mejor!!,NEUTRAL
RT @Buzzcontinue: 34 des 50 plus grandes villes de France n'ont pas de compte #twitter ! http://t.co/S73ylVU6 cc @lagazettefr @e_r_w_a_n,NEUTRAL
#Twitter Off!!,NEUTRAL
E o meu #Primo @eduuaardo_ que nunca mais apareceu pelo #Twitter?  Saudade de você primãao ♥,NEUTRAL
Porque mi app de #Twitter para #Android no actualiza las menciones?,NEUTRAL
"definitivamente irei MATAR esse #Twitter 
pq tento trocar a porr# da minha foto de smp
da EEEEEERRRO *-* EEEERRO

#Tomanocú",NEUTRAL
"@AleeRetana cambiale el fondo a este tu coso vos!! XD esta aburriiiidooo.. x) aaa por cierto... WOW! ya no te abruma el #twitter x)
#Welcome",NEUTRAL
RT @NadaBebbars: اللى فى قلبى على تويترى #fact #twitter #lol,NEUTRAL
Quien anda activo por el #Twitter ahorita???,NEUTRAL
Demasiado #Twitter por hoy nos vemos #TwitterOff,NEUTRAL
el #twitter x cel no s!rve e$ un ascΘ(...),NEUTRAL
"@bruna_rafaelah xau amanha eu to d volto com meu #Twitter
COM FE EM DEUS
#TwiTTerOff",NEUTRAL
La mamachy ya tiene #Twitter |||| Sigamosla es ella @DianaSanchez_27,NEUTRAL
Buenas Noches a Todos!!! Llego mi momento. Momento #Twitter de reflexiones y analisis. Pensamientos encontrados en lo profundo de la noche.,NEUTRAL
"@chihuahuentauro jajajaja #Facebook es otra cosa, insultas a #Twitter jajajajajaja",NEUTRAL
My #Twitter #Diary مذكرات تويتري is out! http://t.co/JLsrgOXI ▸ Top stories today via @socialwediatips,NEUTRAL
Shit! Que la gente no sabe que existe #Twitter cambian de estado en #BBM y en #FB mas que el pañal de un recien nacido.!,NEUTRAL
@crucius89 miiiiiiiiiiiiiiira la rotita tenia #twitter aunque esta novata aun,NEUTRAL
@Omardelos @RonaldElApostol Hace un tiempo q el varon tira su rema 11x17 aqui en #Twitter :D,NEUTRAL
"#Twitter #twit2alsh
تويتر يثبت لى يوميا انه فى الأصل كان عرافه كل ما أقوله حاجه يقوللى ما انا عارف
OOoooops u already tweeted zaaaat go away",NEUTRAL
"YouTube SEO: 

It's time for another excerpt from the second edition of Music 3.0: A Survival Gui... http://t.co/ePAgAnJB #twitter #news",NEUTRAL
RT @VLAD5564: #RT this #Follow all new music #TFB #nymusic. #newmusic #5000aday #1000aday  #twitter #dipset #skullgang #730dips #byrdgan ...,NEUTRAL
Sunaa karo merii jaan in se un se afsaane / sab ajnabi hain yahaan kaun kis ko pehchane #Kaifi #Shair #Twitter,NEUTRAL
Me identifico mas con #TWITTER q con #FACE xq aqui puedo expresar todo lo q siento x #JUSTIN sin temor a ser criticada!!,NEUTRAL
"Nee, heb je vast de tweets gemist tussen @ecoumans & mij?! Jou zal ik zeker nomineren. RT ""@dretoorn: Zo, ben weer bij #twitter""",NEUTRAL
@majufedz @EliasMM me retiro otro dia compartimos nuestras #leccionesparalavida con el mundo de #twitter jajaja,NEUTRAL
Ella dice que yo soy su Niño del #Twitter *-----*,NEUTRAL
"#twitter #detik Mengaku Masih Baru di Kabinet, Cicip Baru Siapkan Program Pekan Depan http://t.co/Y3yOaRiN",NEUTRAL
#twitter #detik Hakim Imas Menangis Ikuti Sidang Perdana - Hakim Imas Dianasari tak kuasa menahan air matanya saat d... http://t.co/G3wgjL6R,NEUTRAL
#twitter #detik Mahfudz: Ada Parpol yang Mendorong SBY Melepas Menteri PKS http://t.co/hoyXdbDq,NEUTRAL
"#twitter #detik Buntut Kongres Rakyat Papua, 2 Orang Ditemukan Tewas http://t.co/S0lUgv4B",NEUTRAL
#twitter #detik PKS Akan Abaikan Kontrak Politik dengan SBY - Partai Keadilan Sejahtera (PKS) masih berada di koalis... http://t.co/BbqFnSzm,NEUTRAL
Creo que hoy es mi ultimo día en #Twitter,NEUTRAL
"Segun lo que me explicarón, fue victima de un hackeo #Twitter",NEUTRAL
#Twitter #Pause Cenare :9,NEUTRAL
Skype: geovannyacaro como en #twitter @geovannyacaro,NEUTRAL
Nu doet alleen #twitter het,NEUTRAL
#twitter off me llama mi camita jajaja..,NEUTRAL
Ahhhh mi #twitter no caaargaaaaaa!!!,NEUTRAL
We're hiring! Immediate openings! #socialmedia #facebook #twitter #hiring #job #owner #marketing #networking http://t.co/3LNiJC9U,NEUTRAL
Dime porque demonios existes #Twitter ?! Oh si! Para causarle insomnio a cualquera que pase no?,NEUTRAL
RT @DKhazhintsev: Губернатор @VShport рассказывает про #twitter #Хабаровск,NEUTRAL
Доброе утро #twitter,NEUTRAL
Ternuritas los que creen me la paso conectado al #twitter no saben de las aplicaciones jajaja #Oaxaca,NEUTRAL
#Twitter-Splitter (7) – Gottes Kindergarten: Willkommen in der größten Irrenanstalt der Welt! http://t.co/97ynzVRE via @Salecker,NEUTRAL
"jisuis, geral nas festinha acha hype ficar só no telephone téc téc téc, gentem, dá um tempo. #twitter #biscates #feios #sms #aloneinthedark",NEUTRAL
"good afternoon #twitter... 
---unkaboggable talaga si # vice ganda sa kanyang # no other horse with @IAmDerekRamsay,Pooh and Chocoleit... :)",NEUTRAL
a dormir #twitter off,NEUTRAL
troquei meu avatar do #twitter rs.,NEUTRAL
Vuelvo a el #Twitter hasta el 07/11/2011 by _ @LLLF_,NEUTRAL
Ya me esta empezando a Gustar #Twitter!!:DD,NEUTRAL
"@LuceroMexico  Ja lu! chiste! en qe se parese papa pitufo al #twitter???
en qe los 2 tienen el pajarito Azul ..!  jaja",NEUTRAL
"#nomames esta bien frio el #twitter, casi NAIDE twittea xD.",NEUTRAL
"I just installed the new Twidroyd for #Twitter on my #Android Phone - It's #Free, give it a try. http://t.co/VDYd7QaW",NEUTRAL
Google+ to Support Pseudonyms http://t.co/ms1eBXpx #google+ #googlesocialmedia #googleventures #facebook #twitter #socialmediamarketing,NEUTRAL
"RT @NickElPoeta: Saludos a usted que a estás horas sigue en el #facebook y el #twitter..
bendiciones",NEUTRAL
#TwitTer Donde la gente Te confiesan Su Vida sin Preguntar. O_o,NEUTRAL
Image update &gt;&gt; : AIDS ad campaign : use condoms -  http://t.co/qZqblIZB #funny #humour #twitter,NEUTRAL
checando ... #Facebook  #Twitter,NEUTRAL
que quieren decir las listas en #Twitter???,NEUTRAL
Niemiecki rząd uruchomił w środę własny kanał na YouTube - Wiadomosci 24: Niemiecki rząd uruchomił w śr... http://t.co/n6Wp2QZv #twitter,NEUTRAL
- Pasen Buenas Noches #Twitter'OFF ♥,NEUTRAL
Luego de haberme acostado ayer a las 4 de la ma?ana... ahora entiendo por que me ta picando el sue?o!! #Twitter!!!! dejame dormiiiirr!!!,NEUTRAL
Puta! No se por que traje los cuadernos para estudiar a la cama si sigo en #twitter #OhShit! T_T,NEUTRAL
nossa cade o povo desse #Twitter meu deus,NEUTRAL
meu #twitter sem graça .   boa noite e beijos :9,NEUTRAL
RT @DicasECommerce_: Use o Twitter Profissionalmente! ~ Dicas E-Commerce e Renda Extra!: http://t.co/k6yAfacy #Twitter #Blog #Ecommerce  ...,NEUTRAL
Twitter reconoce el éxito de los tweets patrocinados y prepara nuevos formatos publicitarios http://t.co/CkQiNbQb #twitter,NEUTRAL
@diegomendesr_  popularizar o  #twitter ?? Tipo ter seguidores é isso???,NEUTRAL
"Se que en estos momentos transmiten soy tu fan, cortesía de #twitter y de @aNgEluSrO",NEUTRAL
Ya no sé si la noticia del Zoo de Ohio que me llegó a mi cel. fue sacada o no de #twitter... creo que sí,NEUTRAL
"#Tecnologia, sabias que #twitter genera 250 millones de publicaciones al día http://t.co/CA2dK0xH",NEUTRAL
Buenas noches para todos felices sueños muuaahhzz!!! gunaiiii #twitter,NEUTRAL
#twitter off.. La cama me llama!!!,NEUTRAL
@Jess_Haddad D; tonces deja el vicio de #Twitter!! xD,NEUTRAL
Buenas noches a todos #Twitter off,NEUTRAL
RT @NegooHB: Somos 2 Intao @DehTavares que tem o #Twitter #HAHA,NEUTRAL
tempat asik buat curhat #twitter,NEUTRAL
RT @teresarod: Tengo lo que a mi me basta para ser feliz #(8) #twitter OFF como? No sabia!!,NEUTRAL
"PartyLiveFree #TWITTER FOLLOWERS, #FACEBOOK LIKES, YOUTUBE VIEWS, EMAIL BLASTS, ETC. #getmorefacebookfanpagelikes",NEUTRAL
RT @Kcyoungboss: RT @nine_oh SIMPLY DA BEST ON #TWITTER MY TWEEPS @Kcyoungboss @JenniferWarters @TONYTECH818 @Kozak2012 @3010lys @TheLeg ...,NEUTRAL
"mi sobrina ve un perfil sin foto en #twitter  y me dice: ¿¿¿QUIEN ES ESE HUEVO???
""""""JAJAJA,,,,",NEUTRAL
@JhodeMrd1 pero siempre pones cosas como pa lee las lea ah? El debe de tener #twitter......Y si no lo es lo va hacer o ya fue tu novio??,NEUTRAL
#TeamFollowBack #TFB #MustFollow #MF #FollowNow #FN #FollowFriday #FF #IFB #Twitter #Follow #IFollowBack GET A #SHOUTOUT FOR FOLLOWING ME!!,NEUTRAL
Buenas noches #twitter,NEUTRAL
Eita q o povo do #twitter foi todos dormir!!!,NEUTRAL
@Yerson_Aponte Que conste quedo en el #Twitter !! xD,NEUTRAL
@ACRIS_REYS Agora q estava legal acabou. Deixa eu t perguntar. Como eu popularizo o meu #twitter ? Vc tem dicas?;)*,NEUTRAL
as indiretaa ta solta hoje nesse #twitter UAHSUAHSUASA' E SO PRA ELA S2,NEUTRAL
#Twitter se tarda para cambiar de avatar .-,NEUTRAL
Hasta Mañana Que Descansen #Twitter Off !!,NEUTRAL
[10/20]何がどうすごい！？ Android4.0の新機能！ ⇒ http://t.co/BUGFa8Xj #twitter,NEUTRAL
ぺんてるのデジタルペン、オーリッド社のクラウド型テキスト化サービスと連携 ～スマートフォンからの操作で、手書きのデジタル化から、テキスト化が完結～（CNET Japan） ⇒ http://t.co/jtdAcA2W #twitter,NEUTRAL
lo mejor del #twitter es que ahora ya puedes darle el #pesame a tus #artistas desde tu celularrrrrrr!! #sarcasmo,NEUTRAL
Buenas noches  #twitter friends! Me despido q me voy a poner hacer mi tarea de acct  q flojera! Pero no se me permite fail any classes ,NEUTRAL
Bueno... #twitter OFF ! .... Mañanaa a casa ensamble con @NatiiGutiierrez & @pinkangel_26. :D !! Bona Noche ♥ :),NEUTRAL
Bueno... Mañana Es Un Día Largo Y Agitado ;) #TWITTER OF,NEUTRAL
#LaAficion al #Twitter es #Perjudicial para la #SaludMental  . Jaja #SiSeñor @JunsCastro! #Hablamos! #Chao jaja #DileaTuMenteQueDescance...,NEUTRAL
RT @juancamilo890: @Marbelle30 ...Esta familia de #twitter cada vez crece mas y mas rápidamente estas en 71.406 seguidores y estoy segur ...,NEUTRAL
Gamit m din pala #twitter now @akosiadrienne haha! (&gt;̯-̮&lt;),NEUTRAL
#Twitter Jogo de Brasil x Argentina em Guadalajara é destaque no Twitter - Terra Brasil http://t.co/8kak5aO7,NEUTRAL
hahaha los zombies qe usan #twitter cmo chat sn zombienpndejs...hahahahhaha,NEUTRAL
@_Pao92 ah bueno!!! jeje ta bn... ps aqui #fb y #twitter . jeje x cierto ya no me sta siguiendo vdd?? :'( ahorita vi mis seguidores y no sta,NEUTRAL
"RT @Xuuxinha_: o #twitter pedi : no que esta pensando agora ? se fosse pra mim só falar isso, iria ficar escrevendo o dia inteiro milena ...",NEUTRAL
"Querida @mamá, te escribo esta #carta para dejarte tranquila, no estoy todo el tiempo en #Twitter. Fav para papá y un RT para ti.",NEUTRAL
"Visualiza tus emails, menciones en #twitter, eventos de #facebook y más, desde Centro de notificaciones de #IOS 5 http://t.co/BsFmwKFH",NEUTRAL
Buenas Noches que descansen #Twitter #OF ZzzzzZzzzzz,NEUTRAL
Ahora el #Facebook Imita al #Msn y #Twitter :/,NEUTRAL
#GoodNightPeople Hasta Mñn #Twitter :B,NEUTRAL
Somos 2 Intao @DehTavares que tem o #Twitter #HAHA,NEUTRAL
HABER FACEBOOK por que no entretienes a tu gente para que ya no se nos vaya #TWITTER tanta plebe ¬¬,NEUTRAL
Acaso #twitter muestra la mayor parte de lo que pensamos???,NEUTRAL
"¿Desde cuándo #Twitter desactivó para todos la opción ""Los RTs de esta persona aparecerán en tu TL""?",NEUTRAL
#BOANOITE #TWITTER  . SAINDO \Õ  . #CHUPAFLAMENGO,NEUTRAL
"@IsabelSalazarJ @PremiosTWCo y en el HT #Twitter eres tambn cabeza con 44 votos Isa, tienes lo votos regados con HT #yovotopor tienes 1",NEUTRAL
Creo k ya me saldre de #Twitter,NEUTRAL
"ja volto #twitter , vou na cozinha .",NEUTRAL
Disculpame #twitter te e tenido algo avandonado este dia,NEUTRAL
pues esto fue todo por hoy! ;D bye #FB sigo un rato más por #twitter,NEUTRAL
Ya me dieron ganas de iniciar una campaña mediática en #twitter... para mandar al Espinoza al INEA #SóloenMéxico,NEUTRAL
"vo sair daki do #twitter já :) só vo ver uns videos aki , e já to indo ,",NEUTRAL
Lo Bueno de #twitter es que no cualquier babos@ Tiene . Claro que hay unos casos que.............,NEUTRAL
#TeamFollowBack #TFB #MustFollow #MF #FollowNow #FN #FollowFriday #FF #IFB #Twitter #Follow @CocaCola_Korea @ThisIsDoyin_,NEUTRAL
lo mejor de #twitter es que no tenes que esperar un monton a que carge tu foto:D♥,NEUTRAL
#twitter Off a dormir para no pensar en ti!,NEUTRAL
MEU #TWITTER TA TÃO MOVIMENTADO ;D ai sim em !,NEUTRAL
Me Ausenteii por mutivos que me DeixaramTriste mais #Twitter  Estou de Volta uhuruoooo!!!!,NEUTRAL
Ya tengo sueño y mañana madrugo DDD: #HastaMañana #TweetOff Pstd: #Twitter produce #insomnio y es tan #Pocesivo e.e #bye !! #siguemeytesigo,NEUTRAL
"@Brandon_Solano hahaha, ve pues xD Ok bye' de #twitter ILTSM!' (LL' &lt;3",NEUTRAL
"@ayrontrompete Beleza. Mande mesmo por DM , que assim que eu entrar no #twitter. Eu pego e coloco lá no site !",NEUTRAL
@elias_elegantes voltoo a gosta do #TWITTER ?,NEUTRAL
Si eso pasa cierro mi cuenta de #twitter! D':,NEUTRAL
hahahhaha´ no puedo usar el #twitter por laa compuu,NEUTRAL
Saino Aki #Twitter,NEUTRAL
@samixitoledo jajajaja pero no kiere decir q m vas a dejar de hablar adems el mio amore no tiene #Twitter. Jajaja,NEUTRAL
Tengo lo que a mi me basta para ser feliz #(8) #twitter OFF,NEUTRAL
yo se q el pajarito de #twitter tanbien come maicillo XD,NEUTRAL
#Camilokas #Valelokas #Twitter@s y mi #LalyLoka Hasta mañana! Qe tengan lindos! Son increibles! LQM!! Mil bss =),NEUTRAL
@AndhixD yaaa hehhe q habras echo toda la tardee mmm no no maaal maaal! Haha oye algo le pasa a mi #twitter ☹,NEUTRAL
Quem não tem um #TWITTER que atire a primeira pedraaaa,NEUTRAL
deberia de ponerme a leer un libro en lugar de estar perdiendo el tiempo en #fb y #twitter :(,NEUTRAL
"Bonjour #twitter , reveil trés difficile pour ma part.. !",NEUTRAL
God morgon #Sverige och #Twitter !,NEUTRAL
Que buenas frases que hay en #twitter me parece que voy a hacer un libro! jaja,NEUTRAL
Cualquier contenido en #twitter con palabras u oraciones soez el propietario no se hace responsable por daños a la moral d c/quien! #hedicho,NEUTRAL
Buenas noches a todos :) #twitter off,NEUTRAL
@nelsonfenc recupere el #twitter para mi #iPODzombi!! #EpicWin de nuevo!!! ;-),NEUTRAL
Quem não tem um #TWITTER que atire a primeira pedra!,NEUTRAL
@hiarly iae meu brother .. min siga ae no #twitter .. ta lembrado de min né ?,NEUTRAL
"Justo cuando aprendes a usar Twitter, ya no podés salir. #Twitter",NEUTRAL
Awwwwr me encanta #Twitter porque por este medio desquito todo mis corajes,NEUTRAL
el #twitter es demasiado adictivo $:,NEUTRAL
Use o Twitter Profissionalmente! ~ Dicas E-Commerce e Renda Extra!: http://t.co/k6yAfacy #Twitter #Blog #Ecommerce #Brasil #Marketing,NEUTRAL
vou #fazer uma #montagem com minhas #fotos para colocar como #plano de fundo aki no #twitter!!!!!!!!!!!!,NEUTRAL
@ferisykes por fi te encuentro en #Twitter :DD,NEUTRAL
Quien no ha creado otra cuenta en #twitter para seguirse? Yo si #Mevalehuevo,NEUTRAL
"#Twitter, definitivamente... me distraes de mis labores importantes! xD",NEUTRAL
RT @JuanJimenez_V: Tan linda #MiN' me arreglo el #Twitter de nuevoooo!! ♥,NEUTRAL
#twitter off buenas noches:$,NEUTRAL
"##FB & ##Twitter ##Off! Buenas Nochees(:
Espero verte en mis sueños...
Naah, de todas formas te veo mañana! XD",NEUTRAL
JESUS tantos pinches siglos sin escribir en Ti Mi Querido #Twitter&lt;3,NEUTRAL
A Dormiir Deskanseeeen sueñen & duermaan ricoo!! :) #Twitter OFF!!,NEUTRAL
"@Olsensn osea, #fb no me notificó del inbox de los planes de la boda...por eso uso más el #twitter ¬¬' anyway, ya contesté por fin! =)",NEUTRAL
RT @alisalam1990: البايو في تويتر مثل عناوين المنازل لا تكشف عن صاحبها إلا إذا دخلت التايم لاين ، فإما تجد تطابق أو كأنك دخلت بيت عنوانه ...,NEUTRAL
Entre al #Twitter solo para desahogarme! :B,NEUTRAL
"#Twitter es como el alcohol: Empiezas por curiosidad, luego socializar, después por diversión y terminas en adicción. / soy ya alcohólico ;)",NEUTRAL
"alejado de #twitter y #facebook mi vida esta vacia, ya ni tiempo tengo de quejarme....",NEUTRAL
"·Bueno """"#twitter #OoF q paSen Buenas nOChe...!! @rubioCoTiZe #Acuerdese ya tah buenOh haha xD",NEUTRAL
Tengo olvidado mi #twitter :S,NEUTRAL
Tan linda #MiN' me arreglo el #Twitter de nuevoooo!! ♥,NEUTRAL
#Twitter Off A Mimir Tempranitoo Muahh Los Quiero A Todos Que Duerman bn,NEUTRAL
Típico que el #Facebook a esta hora aburre y el #twitter me desvela,NEUTRAL
RT @SaeldesN: @AndeersonF_ è Nóis Indicar eu ai no teu #twitter Pra Galera Seguir Pode Ser ' ?,NEUTRAL
De verdd qe si me he sentidoo rara estar un Dia sin mucho #twitter :B,NEUTRAL
"@Angelina_adr Se que Utiliza más Pin que #Twitter & que #Facebook, agrega hay pin: 2178D655",NEUTRAL
@AndeersonF_ è Nóis Indicar eu ai no teu #twitter Pra Galera Seguir Pode Ser ' ?,NEUTRAL
@adictoTR solo pajas escribis en el #Twitter va jejee,NEUTRAL
Están de flojera los topic tender en #twitter,NEUTRAL
"#iMessage يتجاوز تويتر ويجد رفيقا للمشي قبل 
#Twitter !!
هل الأصدقاء الواقع أقرب من أصدقاء العالم الافتراضي؟",NEUTRAL
Porra mo0 cara que nao entro no #TWITTER mais um Salve pra vc's e amanha tem mais flllws pra quem fika  bora laah pra quem vai ksoaksopk,NEUTRAL
Google Apps Coming To Google+ ‘Within Days’; Company Taking A ‘Cautious Approach’ To APIs http://t.co/1rgAI0RH #twitter,NEUTRAL
Nadie es tan lind@ como en la foto del #twitter y tampoco tan feo como en la foto de la cedula...,NEUTRAL
@8_ivonne @1_Ddanille  ahhahahaha noceee asaber porq me llamo y digo ke me cnectara a #twitter pero niiiiii cntestaaaa-!!!,NEUTRAL
#Facebook y #Twitter me volverán loco! :$!,NEUTRAL
Sigue ah @KhrizJoohn  con su nueva cuenta en #Twitter,NEUTRAL
@pimentta_qzl  kkkkatat  agora  ame maais  eu amo um tantão que não cabe nesse post do #twitter ...,NEUTRAL
"@Andrees_ramos Jajajajaja ya se que etsamos en #Twitter baboso pero yo lo vi en FB, INBOX pues!",NEUTRAL
Ala tengo a #twitter asi o mas abandonado :$,NEUTRAL
"RT @Azizshalan: تويتر: قريباً بإمكان اي مستخدم الرجوع لتغريداتة القديمة والرسائل الخاصة ايضاً 

#GoodNews
 #Twitter",NEUTRAL
RT @Yvandavid: RT @Yonopienso_: RT @Anyelius12: RT @Yonopienso_: RT @Yvandavid: Que lo mataron por #Twitter ya RT @Yonopienso_: ¿Que le  ...,NEUTRAL
@adrianosabino2 Maagiina amoor! Tavaa #Off esses diias akii noo #Twitter meesmoo! fiica triste cmg naaum taa?,NEUTRAL
Un generador de partículas subatomicas marca Acme es mas divertido que ver a una mosca dormir... #hedicho #Twitter #Off,NEUTRAL
#ok #NoEntiendo todo esto del #Twitter pero ya tengo el mío... SIGANME los buenos #FF #Followers,NEUTRAL
"#twitter casi no te pelo, lo siento u.u JAJA",NEUTRAL
@DesirePoulain Ya vi que si le entendiste al #Twitter :D,NEUTRAL
RT @Yonopienso_: RT @Anyelius12: RT @Yonopienso_: RT @Yvandavid: Que lo mataron por #Twitter ya RT @Yonopienso_: ¿Que le paso a Osmel?xD.,NEUTRAL
RT @MizzSpicey: #TeamFollowBack #TFB #MustFollow #MF #FollowNow #FN #FollowFriday #FF #IFB #Twitter #Follow @DrunkedOutTeezy,NEUTRAL
RT @Anyelius12: RT @Yonopienso_: RT @Yvandavid: Que lo mataron por #Twitter ya RT @Yonopienso_: ¿Que le paso a Osmel?xD.,NEUTRAL
@Unipamplona las clases empiezan el 24 de octubre ?... Espefifiquen en los 140caracteres del #twitter no coloquen enlaces que no abren..,NEUTRAL
"@raellenkoga_ kk , isso porque eu ttinha #twitter antes de você, mais ttinha esqueciido de tudo :S kkkkkkk",NEUTRAL
Mi nuevo amor #Twitter *O* Facebook qedo atras! :DD Lo cerrare despues de mi cumpleaños & me qedare con twatter para 100pre! ^^ (:,NEUTRAL
Los 10 nuevos mandamientos de #Twitter http://t.co/1B8iNhTV @entrebits_com,NEUTRAL
#ooff #TWITTER     NOS VEMOS,NEUTRAL
@JonathanGodin Je crois que #Twitter devra ajuster ces petit problèmes désagréable !,NEUTRAL
#twitter me esta absorbiendo D:,NEUTRAL
@Marbelle30 ...Esta familia de #twitter cada vez crece mas y mas rápidamente estas en 71.406 seguidores y estoy seguro que serán muchos mas.,NEUTRAL
"""Mejorar la calidad de la educación"" A la señora ministra le bastaria los 140 caracteres de #twitter para explicar su grandiosa reforma.",NEUTRAL
RT @igobythenameofA: #Follow2gain #Followme #1000ADAY #TEAMFOLLOWBACK #twitter #200aday #500aday #Followme #f4f #ff #tl #INSTANFOLLOWBAC ...,NEUTRAL
"@tryladis bienvenida a #Twitter que bueno tenerte por aquí, esto es genial  :)",NEUTRAL
A mi #twitter le pica.,NEUTRAL
RT @icurioso: La famosa frase “ME LO DIJO UN PAJARITO” ya tiene sentido gracias a #Twitter!,NEUTRAL
"Excelente mi Ranking Global en #Twitter estoy entre  4,551 de 18,299,114 :o Gracias a Ustedes y a sus RT y en Venezuela estoy de #250 yes Sr",NEUTRAL
#TRUE RT @ELDESTRIPAPUTAS YO SOY LO MAS CABRON QUE HA NACIDO EN #TWITTER .. QUIEN ES TWITTERO ANTIGUO LO SABE DESDE NOVIEMBRE DEL 2010,NEUTRAL
RT @Yonopienso_: RT @Yvandavid: Que lo mataron por #Twitter ya RT @Yonopienso_: ¿Que le paso a Osmel?xD.,NEUTRAL
#Fcbk empieza a agregar nuevas aplicaciones volviendose cada vez mas obsoleto y aburrido... #Twitter es mejor que #fcbk #hedicho #jum,NEUTRAL
Llega un momento que #twitter es tu desahogo,NEUTRAL
jajajaja ;)  ps q mas se hace En #Twitter @PilarGarciaM,NEUTRAL
@matudelatower Se dieron cuenta que si ponen la T de #Twitter dada vuelta queda la F de #Facebook?  // PLOP PLOP PLOP,NEUTRAL
"Mañana entro hasta las 9:30 así q quiero dsvelarme, platiquenme lo q sea o al menos diganme qn sta n #twitter, den alguna señal de vida !!!",NEUTRAL
De regreso al mundo #Twitter,NEUTRAL
Se dieron cuenta que si ponen la T de #Twitter dada vuelta queda la F de #Facebook?,NEUTRAL
tava fazendo o #twitter da minha irmã kkk,NEUTRAL
Nada como darle vida de nuevo a mi #twitter...,NEUTRAL
Vou Dormir . Boa Noite Galera Do #Twitter E Do #Facebook,NEUTRAL
RT @IsmaelitoDrums: VolviiendoO Ah #Twitter .! haha Diios Les Bendiiga,NEUTRAL
"@TebanRk @criszambrano23 oí a estos menes ome, cuando he dicho ""jajaja, patos?"" en el #twitter?... Jamás!!",NEUTRAL
Que según un humano puede decir 4800 palabras en 24 horas... Y cuando no hay con quien vomitarlas todas?? A cierto el chat o #twitter,NEUTRAL
"@melo_gabby Sao os assuntos mais comentados do mundo no #Twitter. Mas o que eu queria que vc visse, nao ta mais la.",NEUTRAL
"HAHAHA, éee ne pelo #twitter, até #garotanachuva canta beeem, #kkk,!  voo grava uma  shamada de vooz pra voce ouvir! tenho mt sucesso ! #kkk",NEUTRAL
RT @ELDESTRIPAPUTAS: YO SOY LO MAS CABRON QUE HA NACIDO EN #TWITTER .. QUIEN ES TWITTERO ANTIGUO LO SABE DESDE NOVIEMBRE DEL 2010,NEUTRAL
Bienvenida a #twitter @adyalessio asi q @christianstraw @afetati @Zul3Rivera den #Follow please!! X q hubo un error d dedo hace un rato!!,NEUTRAL
YO SOY LO MAS CABRON QUE HA NACIDO EN #TWITTER .. QUIEN ES TWITTERO ANTIGUO LO SABE DESDE NOVIEMBRE DEL 2010,NEUTRAL
probando la videollamada en facebook......buenooooo en esto si le ganaron a #Twitter........,NEUTRAL
@melkoff pues bienvenida vas a ver que pronto le encontraras sentido   es la onda el #twitter,NEUTRAL
#Osea jajaja me entero que ahora en el #Twitter se blokea gente mis supuestros primos me blokearon #Lol,NEUTRAL
@luhhcavalcante Aqui no #Twitter num pode dizer ne?  tudo bem...  depois vc me conta das cachaça. ahuahauahuahuahuahau,NEUTRAL
@IrinaAlfonzo por eso siempre he dicho! El #FB es para q todos vean lo q haces y chismeen y el #Twitter es mas #informativo,NEUTRAL
me encanta la pareja de @lari_riquelme en el #bailando2011! pasame su #twitter!,NEUTRAL
@alegarcia001. Feliz aniversario !!! Que sean muy felices juntos y que cumplan muchos años mas !!!! Jajaja #twitter,NEUTRAL
#yoconfieso que llevo 2 dias fuera de #twitter y mi vida no ha sido la misma. Los extrané ,NEUTRAL
"RT @iTuSabias: Aléjate de las redes sociales si acabas de terminar una relación, en #Twitter leerás las razones y en #Facebook verás por ...",NEUTRAL
RT @CarsiMeister: Lite para que sirve despues de todo si tengo a #Twitter,NEUTRAL
Na real vou sair do #Twitter!!,NEUTRAL
"@EilsonOliveira a roupa num tira , mais os dedos no #twitter heheh #saudades",NEUTRAL
RT @Yvandavid: Que lo mataron por #Twitter ya RT @Yonopienso_: ¿Que le paso a Osmel?xD.,NEUTRAL
Che a alguien le gusta mi nuevo fondo o mi icono de #twitter ? :o,NEUTRAL
Ta medio tela hoy el #twitter #twitteroff & goodnight 4 everyone!,NEUTRAL
@Mayra_Moreno1 #congrats ya sabes usar #twitter jajajaja #loveu,NEUTRAL
"Hehehe =} @SidyRM Pois é,Fazer o q né? O #Twitter Não #Vive Sem Miim ! Ou Sera o #Contrário ? Sei lá ... kkk =)",NEUTRAL
@NahuN_Robles jajaja fregues de #TWITTER x'D,NEUTRAL
@Giovanettinico Ojo que @JorgeHillcoat le esta metiendo con #Twitter .. Lo veo entusiasmado .. Faltaria @JokinImanol nada mas ..,NEUTRAL
#Twitter off mii voii..!!,NEUTRAL
Lite para que sirve despues de todo si tengo a #Twitter,NEUTRAL
VolviiendoO Ah #Twitter .! haha Diios Les Bendiiga,NEUTRAL
Me encanta vacilar y ver tantas cosas en el #Twitter cada vez estoy mas #enamorado de este medio de comunicacion es #unico,NEUTRAL
"@JorgeHillcoat Hola Jorge, todo bien ? Me alegro que le estes metiendo onda a #Twitter ! Mañana te cuento .. Me jodi el tobillo .. Abrazo !",NEUTRAL
eo tenho a mania de entrar no #TWITTER  i respondeeer as coisas ki mi mandão kkkkkkkkkkkkk,NEUTRAL
"Bueno,buenas noche.#twitter",NEUTRAL
Tengooo muchiisiimo sueño #twitter off ... :) descanseen!,NEUTRAL
"Bom, vou fechar esse #Twitter, porque ele está roubando os meus assuntos ¬¬",NEUTRAL
Policías asaltando a empresarios en plena luz del día? que falta? reggetoneros con cuentas de #Twitter? #nomamar,NEUTRAL
Saalee puee iaa me voi salee  #twitter asta mañana,NEUTRAL
"jajajajaja PTM!! Gigo, si tuvieras #Twitter llegaría a poner todas las idioteces que dices jajajajaja #EpicWin!",NEUTRAL
no entiendo como con lo ingenioso que soy en twitter tengo tan pocos followers. posta #demasiadoego #twitter #stevejobs,NEUTRAL
Ninguem fala cmgo no #Twitter!,NEUTRAL
"RT @sam1meta #Twitter: Rápido, contundente, y directo. 17 razones para usarlo http://t.co/itML0Lxq… @sam1meta #marketing #sm",NEUTRAL
#Twitter  كل من ايدو الو,NEUTRAL
Saaindo aqq ;*   boa noite #twitter !,NEUTRAL
@Alx2495 jaja y entons que quieres que te explique del #Twitter ???,NEUTRAL
@k_vanee hahaha entonces q espera para irse a dormir?? aja pero el vicio del #twitter le gana mas! hahaha uii no señito eso no se hace lol,NEUTRAL
@Giiz_arg yo me quedare en #twitter,NEUTRAL
@SteffiSavillon Hahaha aplicando el buen #Twitter para las buenas tiraderas!,NEUTRAL
@Giiz_arg pero lo originales son los que ya tienen mas de un año con #twitter o algunos meses o que no?,NEUTRAL
"@Elitotora Ajajaja!! Pero si avisé poh!! Acá en el #twitter, ademá q' te dije q' la iba a ver... xD",NEUTRAL
"#Twitter: Rápido, contundente, y directo. 17 razones para usarlo http://t.co/m0NP3FCK @sam1meta #marketing #sm",NEUTRAL
Agora vou tentar dormi Game Over #Twitter #Facebook,NEUTRAL
pensando seriamente em excluir meu #twitter,NEUTRAL
C meus amigos do #Twitter a maioria do Brasil eu tenho dificuldade p um chat qdo trabalho se madrugada! #horariodeverao no!!!,NEUTRAL
Puta pero da Wueba dormirse....Bueno mejor sigo en #Twitter..jejeje :),NEUTRAL
@ArmiiBunbury :OO no sabia que tenias #twitter ;) followme & me das followback vale ;),NEUTRAL
#BuenDia #Twitter Visite nuestra web y recomiendenos desde el boton tweet!,NEUTRAL
"@itiinha_lais, é @EvelynJullyanne, segue de volta esse #Twitter, a gente ta fundando a Pastoral da Juventude e precisamos de ajuda! Segue bj",NEUTRAL
"Michael Jackson Quiñonez, jugador de la Selección que está en los Panamericanos es ""TT"" tendencia mundial en #Twitter.",NEUTRAL
Mee ustan sus besiitos x #twitter aw* es una princesiita!,NEUTRAL
#Facebook esta asustado porque #twitter viene arrasando...,NEUTRAL
Eres mil Veces mejor #Twitter :D,NEUTRAL
@RiiickSilva A gente empolga nee com #Twitter #Rss,NEUTRAL
RT : TAXI ที่นั่งมา คนขับบอกเค้าเป็นเสื้อแดง ... แต่ด่าทักษิณ ... บอกว่าคนอุตส่าห์เลือก แต่พอน้ำท่วมแล้วหายหัว #twitter,NEUTRAL
Mention #Twitter and get a Pittsburgh HVAC and Electrical systems Checkup for $129 Contact http://t.co/KI7JJulI,NEUTRAL
"Los psicólogos se están quedando sin pacientes, el #twitter se los está robando..",NEUTRAL
"Pobres losers los que ponen en FB esto no es #Twitter, ósea no comparen por favor...",NEUTRAL
Fun in sun @intework this summer #twitter,NEUTRAL
"de esa gente q acaba de leer el libro, vió una definición médica y la pone en #Twitter _ #wevatotal",NEUTRAL
todos en #twitter conmocionados con #SoyTuFan2daTemporada,NEUTRAL
"Bueno y ya dejen ese ""trasteo masivo"" de frases de #twitter al #facebook ... CREATIVIDAD GENTE! . CREEAAATIIIVIIIDAAAD !",NEUTRAL
"@sundaaay ja installera om appen så hoppas de räcker 

#Twitter / @twitter pleas fix the app! Can't se mentions! And DM:s",NEUTRAL
"RT @HdzMarin1: Mi pasatiempo favorito hoy en día, es como ver hay personas bipolares, tanto en #Twitter como en la vida real...",NEUTRAL
"Nossa, meu BG aqui no #Twitter está uma coisa pavorosa... preciso recortar essa foto de novo... meu rosto ficou todo deformado... hahaha",NEUTRAL
"Me acabo de dar cuenta que he pasado el #tuit numero 1000!!! 
#Twitter",NEUTRAL
"【#bot】相互フォロワー募集!
#followme #followmeJP #sougofollow #followdaibosyu #goen #followback #follow #sougo #daibosyu #twitter #time #japan",NEUTRAL
RT @JhonAlexGarciaA: MI NOVIA Y COSTUMBRE DE DEJARME DE SEGUIR EN #TWITTER JAJJAA,NEUTRAL
"no tempo qe eu usava #twitter era bem melhor, fazia muitas amizades, hoje em dia #twitter serve apenas para falar bobeiras :s",NEUTRAL
"Mi pasatiempo favorito hoy en día, es como ver hay personas bipolares, tanto en #Twitter como en la vida real...",NEUTRAL
xau #twitter.,NEUTRAL
Con tanto estudio me olvide de #twitter,NEUTRAL
MI NOVIA Y COSTUMBRE DE DEJARME DE SEGUIR EN #TWITTER JAJJAA,NEUTRAL
RT @JaylaStarr: Sex Games http://t.co/5qtmLHJn #@JaylaStarr #@JCannonDSD #sex #Twitter #video,NEUTRAL
"@lorenbsas @telerinonline @VeroTurismo @elisafn @arielmun @matchpoint20 ah si! ya es hora, pero #Twitter me tienta tanto! me encanta!",NEUTRAL
Sex Games http://t.co/5qtmLHJn #@JaylaStarr #@JCannonDSD #sex #Twitter #video,NEUTRAL
@Jerryfolio Bienvenido a #twitter,NEUTRAL
Bienvenida al mundo #twitter... Te quiero mucho Azucena!!! @Elidaandrea!!!,NEUTRAL
@fitotorresm Camarada @EderCarmona01 si tiene #Twitter & veremos la pelicula si la encuentra XD,NEUTRAL
#Twitter #Off :( Quizá mañana comenzaré a Twittear desde un movil..Mi nuevo Nokia X2-01!! :),NEUTRAL
"Me acabo de dar cuenta que he pasado el #tuit numero 1000!!!
#Twitter",NEUTRAL
"vo dorrmi bjuss ""#TWITTER",NEUTRAL
Chucha! me equivoque.... perdón cierto que #twitter es ATP,NEUTRAL
Hay dias que tengo tanto q pensar y digo lo voy a poner en #twitter pero no tengo tiempo !,NEUTRAL
Que bueno que hay gente que no te lee aqui en #twitter :D,NEUTRAL
"el momento en el que me puedo desahogar, si efectividamente es en #twitter",NEUTRAL
"""Não sou viciada em dorgas nem em alcool mais sou no #Twitter fato""",NEUTRAL
#Twitter OFF! Duerman super rico! :D,NEUTRAL
Hoy no abri mi #twitter en todo el santo dia 5;,NEUTRAL
aai galeraa do #twitter abraço para queem ficaa,NEUTRAL
Es todo por hoy....#twitter off  =),NEUTRAL
"@dialepimu Ya decía yo ""ésta nena escribe muy bn me imagino que debe tener un perfil en #twitter""",NEUTRAL
El dia de hoy esta muy flojo el #Twitter qe pasaa DDDDDDDD: la apocalipsis ok no jaja,NEUTRAL
(y) hipocritas! RT: si quieren pedirle algo a Dios oreeeen que el asi nos escucha... no que lo escriben por #facebook y #twitter -.-',NEUTRAL
Es k algo le pasa a mi #twitter nada en lo que me taggean aparece ... Que sucede?,NEUTRAL
RT @joe_joseff: De acuerdo a la encuesta hecha por mi la mayoría de mis amigos de #Facebook no saben utilizar #twitter xD #QueMensos,NEUTRAL
@matheusdcb Me segue de volta Matheus ajeitei meu #twitter hj.,NEUTRAL
"No me puedo dormir, pero me quedo con mi mejor amigo... #TWITTER.",NEUTRAL
Este #TWITTER se esta saturando mucho:@,NEUTRAL
"#TWITTER, minha salvação ... =D",NEUTRAL
meu #Twitter ta a coisa mais linda rs !!,NEUTRAL
Graacias :D RT @RaHorajty051230 @JeMaZuCe buena pic de perfil de #twitter!!,NEUTRAL
De acuerdo a la encuesta hecha por mi la mayoría de mis amigos de #Facebook no saben utilizar #twitter xD #QueMensos,NEUTRAL
jajajajaja la @mignonmc  contandome un secretoo ii x el #twitter jajajaja,NEUTRAL
"#FB no es mi amigo, por eso mejor #Twitter , al menos ahorita",NEUTRAL
"@CriistianZepeda oyendo musica, chat & en #TWITTER",NEUTRAL
RT @MizzSpicey: #TeamFollowBack #TFB #MustFollow #MF #FollowNow #FN #FollowFriday #FF #IFB #Twitter #Follow @Only1DeejayER &lt;&lt; oooh ...,NEUTRAL
#twitter se me hiso vicio,NEUTRAL
RT @Daniel_Evilla: ese poco de pensamientos y frases de manes en #twitter... son pura pendejadas me imagino que no cumplen con ninguno.,NEUTRAL
"RT @_MARCELOMENDES: Sigam no #Twitter, vale muito legal! www.twitter.com/TREINANDOLIDER",NEUTRAL
Ya el #twitter como que me esta dejando de parecer divertido...,NEUTRAL
"o #twitter pedi : no que esta pensando agora ? se fosse pra mim só falar isso, iria ficar escrevendo o dia inteiro milena, milena! @mi_qw s2",NEUTRAL
#TeamFollowBack #TFB #MustFollow #MF #FollowNow #FN #FollowFriday #FF #IFB #Twitter #Follow @Only1DeejayER &lt;&lt; oooh DAMN nice pic!!! #Ladies,NEUTRAL
@marthaubaque1 Que bacano hermanita que estés en la honda del #Twitter  :),NEUTRAL
Meu #Deus ilumine aqueles que eu amo: @mayaraangelica @andreeybaltieri @Amandafl_ e o @FabrcioCamargo os meus amigos d #TWITTER :),NEUTRAL
mm but yeo .. #twitter .. free up @_tashaaiWESTEND ! free up @_tashaaiWESTEND ! free up @_tashaaiWESTEND !,NEUTRAL
ese poco de pensamientos y frases de manes en #twitter... son pura pendejadas me imagino que no cumplen con ninguno.,NEUTRAL
@danielpulido03 Con el tiempo querido amigo entenderas pronto aprenderas... alabado sea #twitter el diario de #personasinviables :D,NEUTRAL
"[aa] , suavi bando de cornos & cornas , nun desejo boa noitte pra min , uma maldição pra voçs viciados en #Twitter , haha ++",NEUTRAL
"@nachogoano  tiene 146692 seguidores, a la masividad de #twitter es sorprendente.",NEUTRAL
tengo q ir a dormir pero no qiero xD #Twitter =D,NEUTRAL
Juelaa de verdd qe si me ahce fata #twitter,NEUTRAL
@PorzelinCako jaja yo tmb esoy como @maffer_rdz como no tengo ni perro ps minimo #Twitter jaja,NEUTRAL
y ustedes se ga ga ga ga cuando el mago les manda por #Twitter,NEUTRAL
@NaniRicciHitch Mais oooh! Je #Joke comme on dit sur #twitter -___-' On papote demain! :) Bises,NEUTRAL
#Twitter esta loco!,NEUTRAL
A Dormir.! #Twitter OFF,NEUTRAL
"Tengo que bancar propaganda de política en la calle, en la radio, la tele, panfletos en mi casa... ahora en #Twitter también? no rompan!!",NEUTRAL
Me voy a dormir... Goodnight #twitter,NEUTRAL
@mnoo_ana @g6wa1998 Etha Nim. w blyala tbon #twitter :p,NEUTRAL
QUE VIDEO FACEBOOK CON LA OPCION DE VIDEOLLAMADA LE MONTARON LA COMPETENCIA A #MSN #SKYPE  #TWITTER ES ORIGINAL TIENE #TWICAM ;),NEUTRAL
@YasserDVM jaja ya vez una qe es ineligene y estudia en #Twitter jajaj ntc,NEUTRAL
@maffkilleritta #twitter se puso de nena y no me dejaba contestar,NEUTRAL
ツイッター検索 #minsyu - モバイル版 http://t.co/EsyvJ7Q7 #twitter #検索結果,NEUTRAL
Ya chao #twitter !,NEUTRAL
Ya Me voy Adios! #twitter por que esta muy Fome :S,NEUTRAL
Hasta mañana #Twitter,NEUTRAL
ô negocio parado aqui tá o #msn e o #twitter,NEUTRAL
Maldito seas por siempre #twitter,NEUTRAL
なにやらフォロー制限に引っ掛かったようです…もっとフォロアーを増やさなくちゃ♪　#followme #followmejp #follow #フォロー #japan #日本　#twitter　,NEUTRAL
"Foto nova aqui no #Twitter. Essa ficou melhor.... rs
#Adoro esse blazer. Preciso comprar um... #CTX arrazando nas roupas que eu visto no pgm",NEUTRAL
#twitter #detik Ali Imron dan Imam Samudra Survei Paddys Pub http://t.co/otUl1ujQ,NEUTRAL
#twitter #detik Ketua Dewan Adat Papua Jadi Tersangka Kasus Makar http://t.co/Jzqi1JUI,NEUTRAL
"#twitter #detik Ada Ledakan, TransJ Pinang Ranti-Pluit Tetap Beroperasi http://t.co/is9X23JR",NEUTRAL
"#twitter #detik SBY Bertemu PM Malaysia di Lombok - Setelah meresmikan Bandara Internasional Lombok, Presiden SBY me... http://t.co/h8PI2sjX",NEUTRAL
#twitter #detik Tak Ada Api di TransJ yang Meledak di SPBG Pinang Ranti http://t.co/OTIJLXp7,NEUTRAL
RT @edwin_ubaque: Hola @marthaubaque bienvenia a #twitter,NEUTRAL
"Seremos pelotudos, pero somos una bocha #Twitter",NEUTRAL
"Hace cuanto que no me conecto al msn, ya no le doy tanta bola al facebook, y todo por tu culpa #twitter",NEUTRAL
tenho que ir dormir mais o #twitter naum deixa :S,NEUTRAL
#TeamFollowBack #iFollowBack #InstantFollowBack #Follow4Follow #network #tlow #twitter,NEUTRAL
RT @anfisabreus Как настроить кросспостинг комментариев с блога на Твиттер http://t.co/6DLxWIlU #twitter,NEUTRAL
Hoy definitivamente noche para la risa en #twitter,NEUTRAL
Me voy un rato del #twitter y todo lo que me entero al volver ¬¬!...,NEUTRAL
#twitter sos un vicioooooo,NEUTRAL
Bonjour #twitter,NEUTRAL
El #twitter ha cambiado mi vida!,NEUTRAL
@luisrodrigogali ajjaja noo nooo poes porqq se va a enterarr a menos q tengaa #Twitter jajaja,NEUTRAL
me acabo de dar cuenta q tengo mas seguidores en #Twitter :D gracias y espero q sigan sumandoo mas y mas :D para seguir aun mas activo aki,NEUTRAL
"RT @guuuif: Meu twitter tá ficando velho já, My #twitter age is 285 days 8 hours 52 minutes 40 seconds",NEUTRAL
"No sé que haría sin #Twitter. Bueno sí, probablemente mis tareas. :)",NEUTRAL
Alguien ha escuchado hablar de #blaving ? Es parecido al #twitter pero con voz ;),NEUTRAL
RT @social_net_info: みんなでつくるTwitter連動型結婚式ムービーサービス「Congratweet（コングラッツイート）」:  http://t.co/9osWU51e #Twitter,NEUTRAL
o @RafaArrudaa olha o papel de fundo do meu #TWITTER se vai raxa #HSAUHSAUASHASUHSUSHAUHSUASHUASHASHUASH',NEUTRAL
"hace unos días tenía 711 mensajes de e-mail, lo que más quiero es leerlos todos, acabo de ver y tengo 736 y lo peor #facebook & #twitter= 0",NEUTRAL
Arrumando meu #twitter :D,NEUTRAL
Tinha Esquecido Do #Twitter Ç.Ç Nunca Fiz Isso !Rsrsrs,NEUTRAL
@Markeenn meu #Twitter ==&gt; @isaiasx19 Sumiu #rsrsr,NEUTRAL
#putamadre hay gente que pasa todo el día poniendo sus  problemas de amor cada 5 minutos en #FB consiganse una cuenta de #twitter losers!,NEUTRAL
Hola! bienvenidos al mundo en cuando #twitter se convierte en una adicción y no podés estar un día sin entrar ... ahhh,NEUTRAL
Ehhhh-.- yOO Diiqooo lO que quiierooo xk es Miii #Twitter :(,NEUTRAL
kk eu queria muito mudar  meu #BG aqui do #twitter :D,NEUTRAL
"@cagimo mire la última foto que monte al #Twitter, ayude a su amigo a la colección :D :D :D #Indirecta",NEUTRAL
"to saindo aqui pessoal do #twitter, bjbj e abraços.",NEUTRAL
"Gracias a ti hoy puedo ser feliz ,i cuando llegaste aprendi a vivir .Gracias #twitter",NEUTRAL
Saindo aqui do #Twitter..,NEUTRAL
コミュニティファクトリー、5カ国語対応のスマートフォンカメラアプリ「DECOPIC」（CNET Japan） ⇒ http://t.co/xghcsgx5 #twitter,NEUTRAL
アップル、S・ジョブズ氏をしのぶ追悼ページを公開（CNET Japan） ⇒ http://t.co/NnwaTSiH #twitter,NEUTRAL
no los menciono por que me calientan el #twitter,NEUTRAL
"voou saiir do #twitter , e vou fica peelo eemi .. o paai qe se fooda k- beijo gente .",NEUTRAL
ツイッターを利用して感謝の気持ちとともに約２０００円が振り込まれ続ける方法→ｺｺ→ http://t.co/TyjUGsnQ ←ｺｺ← :) #ビジネス #稼ぐ #副業 #Twitter #ツイッター,NEUTRAL
#Twitter Hoje ta #BONBANO só #ELITE poooha,NEUTRAL
"Un Algodón mkon, me invadió el #Twitter ._. xd",NEUTRAL
Tenia qe comentar en #Twitter el concierto de caifanes poca modre yeah!!!!!,NEUTRAL
que tengas #twitter no significa que sabes que es #tweetear xD,NEUTRAL
mm por q casi nadie sabe utilizar #TWITTER??,NEUTRAL
DICEN q estoy viciada con #twitter... Pero mmm... NO!,NEUTRAL
@maffer_rdz si de heco igual a mi ya casi no me gusa de hecho siempre lo primero qe habro es #Twitter es mas facil qe me contacten aqi jeje,NEUTRAL
@maxpowertoloza bienvenido #TWITTER jejejeeje buena!!!,NEUTRAL
@Frank_2869 hey q pedo como vamos en #TWITTER,NEUTRAL
Me acuerdo cuando abri #twitter el primer follow que di fue a #PistokO,NEUTRAL
soy un guacamaya en #twitter,NEUTRAL
"RT @monizetru: Lo mejor de #twitter sucede en la madruga, cuando los continentes abrazan un no sé qué que a mí me (falta)&gt;SOBRA!",NEUTRAL
@Yesenia_Rivero puxi losiento deverdad q toy medio alejadoo de #twitter pero pronto estare al dia.. cuidate muxo. besitos a distancia bay!!!,NEUTRAL
el #twitter se vuelve Bisiiioo,NEUTRAL
"Com 250 milhões de mensagens diárias, Twitter cogita pagar por tuítes #Twitter http://t.co/sucRDj5Y via @idgnow",NEUTRAL
"Hola #Twitter, y también hola estúpido caso clínico. u.u",NEUTRAL
"@aleExlima93 si voz lo que me perdi, pero almenos lo disfrute, #twitter lo mejor",NEUTRAL
o @_Netex foi perguntar pra @Eriikuxa se o novo #Twitter dela é @vsf #eurir kkkkkkk' e ainda disse a ela q foi eu q perguntei ¬¬,NEUTRAL
Realmente no se por que ponen cosas de #twitter en fb!! vv facebook es FB! Y twitter es TWITTER!! C'mon! vv,NEUTRAL
Será que antes de tener #Twitter le decía a la gente cuanta cosa se me ocurriera?,NEUTRAL
NOSSA *OOOOOOOO* já n basta aquela #BALEIA CHATA DO #TWITTER agora tem tartaruga! :/ rsrsrss q merda !,NEUTRAL
#MichaelJakcsonQuiñonez wowo ya es un tema muy comentado en #twitter,NEUTRAL
Sigo resentida porque yo quería ver solamente a cobra ☺ @Evenpro para la próxima no metan tanto la pata! #Twitter OFF,NEUTRAL
Cuantos tweets al dia es capaz de hacer una persona? #twitter,NEUTRAL
vou saindo do #TWITTER ....,NEUTRAL
@EdiSant1 tah di mais em mlk fez um #twitter haha,NEUTRAL
Creo q cuando una persona ya no te quiere te borrade su #twitter,NEUTRAL
El live stream del server de IPN esta over capacity por @SoytuFan_mx no la caguen si no es #twitter,NEUTRAL
De volta no #Twitter.... Boa noite pessoas',NEUTRAL
@StevenRestern Wvn soi novato en #Twitter :( me explica :D,NEUTRAL
Abonnez vous @TunisieNews2011 et Suivez toute l' #actualité sur #Twitter | #Tunisie #TunisieNews #News,NEUTRAL
A mimir!!!! Con el higado entrincado...! Bendita familia....!! :/   #twitter.off,NEUTRAL
"Lo mejor de #twitter sucede en la madruga, cuando los continentes abrazan un no sé qué que a mí me falta.",NEUTRAL
De novo mais uma vez eu akie de madrugada falando sozinho no #Twitter  =S,NEUTRAL
@Crissp16 Si voz aunque sea solo #twitter el #facebook no importa tanto,NEUTRAL
YA SE PRENDIO LA MECHA ENTRE MEXICO vs ECUADOR #TWITTER! EL PARTIDO TERMINO PRENDIDO Y AHORA POR #MichaelJacksonQuiñonez LO CREEN OFENSIVO!!,NEUTRAL
@maffer_rdz jajaja asu encerio qe si me ganas yo no tantos y eso qe casi odo el dia checo #Twitter :D,NEUTRAL
me dio pereza buscar su usuario en #twitter :P+,NEUTRAL
RT @mlucia187: Atrum es TT!!!! Jajajaja!!! Q buen nivel el de #twitter esta noche!! Gracias por existir #ElElegido :),NEUTRAL
Y asi cambie las cosas en el #facebook y en #twitter! =D,NEUTRAL
"o @jcsantos22f1 sumiuuuuuuuuuuuuuuu D, #TWITTER kkkkkk + apareceu n,msn... saudadeeees",NEUTRAL
Hasta el puto #Twitter me esta cagando ¬¬',NEUTRAL
"Buenas noches, sigan pasandosela bn .. ok no #Twitter Off :3",NEUTRAL
Yo no toy en #Twitter hoy ando cansada :/,NEUTRAL
"http://t.co/9SWZtOM6 
#Twitter, faster than #earthquakes
تويتر أسرع من الزلزال! #funny #fast #tweet #earthquick #LOL",NEUTRAL
o sea primera vez que @carlo_patricio me da reply y a #TWITTER se le ocurre borrarlo? #Carajamadre! :(,NEUTRAL
#TeamFollowBack #TFB #MustFollow #MF #FollowNow #FN #FollowFriday #FF #IFB #Twitter #Follow @GabeMoormanLaw @AshliSeumanu953 @pamperedplay,NEUTRAL
"Cuando no tengo nada que  hacer #twitter, cuando estoy haciendo tareas #twitter, cuando estoy en #twitter no hago NADA",NEUTRAL
#TeamFollowBack #TFB #MustFollow #MF #FollowNow #FN #FollowFriday #FF #IFB #Twitter #Follow @all3rgict0y0u @yibumsuk @DatFix @Alleyupi,NEUTRAL
Deiixando o #twitter BOA NOITE a todos qual quer coisa só chamarem no facebook! http://t.co/LOeZAYeE #FUI,NEUTRAL
Now tuned in to http://t.co/DYMDmU3z with @deejaydenco! #WorldWide #Twitter #Facebook join me!!! #RT,NEUTRAL
@jessnovelo el #twitter? Jajaja,NEUTRAL
deus ajuda quem no #twitter madruga haha',NEUTRAL
Nunca comprendí para que sirve el #Twitter,NEUTRAL
"""@julioeffio: @chriseffio yo juraba que te habian hackeado el #Twitter ...TODO fue tan #minipandi"" @julioeffio love u! ♥",NEUTRAL
@jorgetb7 jajajajajaja mejor dilo x la radio pues jaja si lo publicas en #twitter me coso el ojo noma ? Jajaja,NEUTRAL
"msn, quase ninguem, facebook paradão geral despedindo, #twitter geral ralando :S'",NEUTRAL
a mimir Nos leemos mañanaa #Twitter Off,NEUTRAL
"@sniferl4bs O.o Estoy interesado en aprender cómo desarrollar un #bot para #Twitter y quizás para #Identica tambien, :) Luego compartes, no.",NEUTRAL
Vamos a ver que esta ofreciendo #Twitter,NEUTRAL
@DayaThomas Amiga le doy mi Bienvenida al #Twitter!!! Kisesessesesesesesese,NEUTRAL
Hoy si es hora de dormir ツ #twitter&facebookOFF,NEUTRAL
uff... así con el #twitter... nada que hacer al respecto #anoquesociólogo,NEUTRAL
@ppmorraz hahaha esos chistes de #ninel se han vuelto famosos en #twitter,NEUTRAL
que como #FACEBOOK ya paso de moda AHORS TODA A PLEBE SE VIENE A #twitter ¬¬,NEUTRAL
cuando van a entender que el #twitter no es un chat jajajaja,NEUTRAL
Me dijeron q me vuelva al país de los soretes y llegue a #Twitter con todos ustedes :D,NEUTRAL
saiiidoooo aqui do #twitter . só Msn agr add aii    danilosooares@hotmail.com  ;DD,NEUTRAL
"رقم الفلو
والفلورز
والتويتات 
للبيع
لاعلى
سعر
#TweetOfTheDay 
#Twitter http://t.co/iIwDNk0n",NEUTRAL
"Oiie gente boa madruga kkkk,depois de passar um tempão sem mexer no #twitter agora resolvir mexer de vol... x.x",NEUTRAL
ela pensa que eu não faria por ela tuudo isso que ela citou no #twitter dela ¬.¬,NEUTRAL
Buenas Noches Followers :3 #twitter-off,NEUTRAL
Ciúmes do meu #Twitter não da né?! :&gt;,NEUTRAL
Sin más a que hacer referencia me voy pal carajo a dormir buenas noches a los escasos panas q tengo en el #twitter,NEUTRAL
@thai_q liga pra acordar ele e fala q foi pedido #twitter kkkkk,NEUTRAL
"#Twitter ya vale 8,000 mdd http://t.co/gqxbJO7J 4.1 millones de habitantes en México tienen una cuenta",NEUTRAL
"@nataliagdl1207 hahahaha bby, obviamente no es para ti, ni para nadie en #Twitter",NEUTRAL
me re copè con #twitter,NEUTRAL
Buenas noches genteeee :) #twitter los quierooo ...,NEUTRAL
#twitter tiene la mala costumbre de ponerce bno cuano yo me voy :/,NEUTRAL
"Oi @flaviasansi. Muito bem vinda ao meu #Twitter. Sempre dou followback pelo meu perfil profissional. Permaneça por aqui, certo? Abrass!",NEUTRAL
"Eles arrastaram os barcos para a praia, deixaram tudo e #seguiram Jesus.(Lucas 5-11)e este foii o primeiro #twitter da historia humana #RT",NEUTRAL
